id,text
1,"الخوف لا يمنع من الموت ولكنه يمنع من الحياة.

<a href=""https://t.me/SakonHeart"">نجيب محفوظ</a> ✍️"
2,"الوطن ليس رقعة أرض، بل هو القيمة التي تعيش في أروحنا.

<a href=""https://t.me/SakonHeart"">نجيب محفوظ</a> ✍️"
3,"عندما تحب شيئاً، فإنك تجده في كل مكان حولك.

<a href=""https://t.me/SakonHeart"">نجيب محفوظ</a> ✍️"
4,"الحرية هي ذلك الخيط الرفيع الذي يربط بين الكرامة والوجود.

<a href=""https://t.me/SakonHeart"">نجيب محفوظ</a> ✍️"
5,"أقصى درجات الصبر هو أن تنظر إلى الأشياء وتصمت وبداخلك بركان.

<a href=""https://t.me/SakonHeart"">نجيب محفوظ</a> ✍️"
6,"لا شيء يستحق الندم سوى ما أضعناه من أوقاتنا في غير فائدة.

<a href=""https://t.me/SakonHeart"">نجيب محفوظ</a> ✍️"
7,"إن السعادة الحقيقية تكمن في البساطة وعمق الرضا.

<a href=""https://t.me/SakonHeart"">نجيب محفوظ</a> ✍️"
8,"الحياة ليست سوى حلم، والعاقل من يجعله حلمًا جميلاً.

<a href=""https://t.me/SakonHeart"">نجيب محفوظ</a> ✍️"
9,"العقل الراجح هو الذي يعرف متى يتكلم ومتى يصمت.

<a href=""https://t.me/SakonHeart"">نجيب محفوظ</a> ✍️"
10,"أعظم الشجاعة هي أن تكون كما أنت في عالم يحاول تغطيتك.

<a href=""https://t.me/SakonHeart"">نجيب محفوظ</a> ✍️"
11,"على هذه الأرض ما يستحق الحياة.

<a href=""https://t.me/SakonHeart"">محمود درويش</a> ✍️"
12,"سأصير يوماً ما أريد.. سأصير يوماً طائراً، وأسلّ من عدمي وجودي.

<a href=""https://t.me/SakonHeart"">محمود درويش</a> ✍️"
13,"ونحن نحب الحياة إذا ما استطعنا إليها سبيلاً.

<a href=""https://t.me/SakonHeart"">محمود درويش</a> ✍️"
14,"في اللامبالاة تجلس السعادة مرفوعة الرأس.

<a href=""https://t.me/SakonHeart"">محمود درويش</a> ✍️"
15,"لا شيء يوجع العصفور مثل قفص من ذهب.

<a href=""https://t.me/SakonHeart"">محمود درويش</a> ✍️"
16,"أنا من هناك ولديّ خاطرة، ولي قمر وطيور وأشجار.

<a href=""https://t.me/SakonHeart"">محمود درويش</a> ✍️"
17,"الغياب هو أن تجلس بين الجمع ولا تشعر بأحد.

<a href=""https://t.me/SakonHeart"">محمود درويش</a> ✍️"
18,"الحب هو أن لا نرى في الآخر إلا ما يجعلنا أفضل.

<a href=""https://t.me/SakonHeart"">محمود درويش</a> ✍️"
19,"لا تعتذر عما فعلت، ففي الصدق نجاة النفس.

<a href=""https://t.me/SakonHeart"">محمود درويش</a> ✍️"
20,"النسيان تدريب للروح على مواصلة الطريق.

<a href=""https://t.me/SakonHeart"">محمود درويش</a> ✍️"
21,"المحبة لا تعطي إلا نفسها، ولا تأخذ إلا من نفسها.

<a href=""https://t.me/SakonHeart"">جبران خليل جبران</a> ✍️"
22,"أنت أعمى إذا لم ترَ الجمال في كل شيء حولك.

<a href=""https://t.me/SakonHeart"">جبران خليل جبران</a> ✍️"
23,"الحياة دون حلم كحديقة دون أزهار.

<a href=""https://t.me/SakonHeart"">جبران خليل جبران</a> ✍️"
24,"إن الصمت زهرة لا تفوح إلا في القلوب الصافية.

<a href=""https://t.me/SakonHeart"">جبران خليل جبران</a> ✍️"
25,"الشجرة التي تنمو بقوة لا تخاف من هبوب الرياح.

<a href=""https://t.me/SakonHeart"">جبران خليل جبران</a> ✍️"
26,"لا تدمس جمال اليوم بأحزان الأمس.

<a href=""https://t.me/SakonHeart"">جبران خليل جبران</a> ✍️"
27,"الإنسان لا يقاس بما يملكه، بل بما يعطيه للآخرين.

<a href=""https://t.me/SakonHeart"">جبران خليل جبران</a> ✍️"
28,"في عمق كل شتاء يكمن صيف لا ينتهي.

<a href=""https://t.me/SakonHeart"">جبران خليل جبران</a> ✍️"
29,"الكلمة الصادقة كالبذرة النبيلة تنبت ثماراً طيبة.

<a href=""https://t.me/SakonHeart"">جبران خليل جبران</a> ✍️"
30,"إذا أردت أن تفهم إنساناً، فاستمع إلى صمته قبل كلامه.

<a href=""https://t.me/SakonHeart"">جبران خليل جبران</a> ✍️"
31,"إذا لم تزد على الحياة شيئاً، فأنت زائد عليها.

<a href=""https://t.me/SakonHeart"">مصطفى صادق الرافعي</a> ✍️"
32,"الثقة بالنفس هي أول أسرار النجاح العظيم.

<a href=""https://t.me/SakonHeart"">مصطفى صادق الرافعي</a> ✍️"
33,"أجمل ما في الحياة أن تجد من يفهمك دون أن تتكلم.

<a href=""https://t.me/SakonHeart"">مصطفى صادق الرافعي</a> ✍️"
34,"القلب الصافي ينعكس ضوؤه على الوجه والأفعال.

<a href=""https://t.me/SakonHeart"">مصطفى صادق الرافعي</a> ✍️"
35,"لا قياس للجمال إلا بقدر ما يدخل من السكينة إلى الروح.

<a href=""https://t.me/SakonHeart"">مصطفى صادق الرافعي</a> ✍️"
36,"السعادة تأتي من الداخل، وليست شيئاً يُباع أو يُشترى.

<a href=""https://t.me/SakonHeart"">علي الطنطاوي</a> ✍️"
37,"اجعل حياتك مملوءة بالعمل الصالح، تجد الأنس في وحدتك.

<a href=""https://t.me/SakonHeart"">علي الطنطاوي</a> ✍️"
38,"رضا النفس هو الكنز الذي لا يفنى مع الزمن.

<a href=""https://t.me/SakonHeart"">علي الطنطاوي</a> ✍️"
39,"الكلمة الطيبة بلسم ينعش القلوب الجريحة.

<a href=""https://t.me/SakonHeart"">علي الطنطاوي</a> ✍️"
40,"أن تعيش يوماً صادقاً خير من أن تعيش عمراً من الادعاء.

<a href=""https://t.me/SakonHeart"">علي الطنطاوي</a> ✍️"
41,"القراءة تمنح الإنسان أكثر من حياة واحدة.

<a href=""https://t.me/SakonHeart"">عباس محمود العقاد</a> ✍️"
42,"الفكر الحر هو الطاقة التي تبني الحضارات.

<a href=""https://t.me/SakonHeart"">عباس محمود العقاد</a> ✍️"
43,"من لم يذق مرارة التعلم ساعة، تجرع ذل الجهل طوال حياته.

<a href=""https://t.me/SakonHeart"">عباس محمود العقاد</a> ✍️"
44,"الشخصية القوية لا تبنى بالراحة، بل في مواجهة التحديات.

<a href=""https://t.me/SakonHeart"">عباس محمود العقاد</a> ✍️"
45,"الكتاب الصديق الذي لا يغيره الزمن ولا تبدله الأيام.

<a href=""https://t.me/SakonHeart"">عباس محمود العقاد</a> ✍️"
46,"العلم كالماء والهواء، يجب أن يكون متاحاً للجميع.

<a href=""https://t.me/SakonHeart"">طه حسين</a> ✍️"
47,"الإرادة الصلبة هي التي تحول الظلام إلى نور ساطع.

<a href=""https://t.me/SakonHeart"">طه حسين</a> ✍️"
48,"لا قيمة للحرية إذا لم تقترن بالوعي والمعرفة.

<a href=""https://t.me/SakonHeart"">طه حسين</a> ✍️"
49,"الصبر والعزيمة هما الجناحان اللذان يحلقان بالإنسان إلى القمة.

<a href=""https://t.me/SakonHeart"">طه حسين</a> ✍️"
50,"التفكير هو العادة الأكثر نبلاً للإنسان.

<a href=""https://t.me/SakonHeart"">طه حسين</a> ✍️"
51,"الإنسان قضية، وليس مجرد جسم يمر عبر الزمان.

<a href=""https://t.me/SakonHeart"">غسان كنفاني</a> ✍️"
52,"سيجاء اليوم الذي نعرف فيه أن المبادئ أهم من المصالح.

<a href=""https://t.me/SakonHeart"">غسان كنفاني</a> ✍️"
53,"لن أستسلم للظروف، بل سأبني من الحجارة سُلمًا للنهوض.

<a href=""https://t.me/SakonHeart"">غسان كنفاني</a> ✍️"
54,"الأمل ليس أوهاماً، بل هو القوة التي تدفعنا للبقاء.

<a href=""https://t.me/SakonHeart"">غسان كنفاني</a> ✍️"
55,"الأفكار النبيلة تعيش أكثر من أصحابها.

<a href=""https://t.me/SakonHeart"">غسان كنفاني</a> ✍️"
56,"هناك دائمًا متسع للأمل في أشد اللحظات ظلمة.

<a href=""https://t.me/SakonHeart"">رضوى عاشور</a> ✍️"
57,"الذاكرة هي الوطن الحقيقي الذي لا يستطيع أحد سلبنا إياه.

<a href=""https://t.me/SakonHeart"">رضوى عاشور</a> ✍️"
58,"الصمود لا يعني ألا تتألم، بل أن تتألم وتواصل السير.

<a href=""https://t.me/SakonHeart"">رضوى عاشور</a> ✍️"
59,"في الهدوء يكمن سر القوة وفي الصدق يكمن الجمال.

<a href=""https://t.me/SakonHeart"">رضوى عاشور</a> ✍️"
60,"كل خطوة صادقة تقربنا من أحلامنا وإن طال الطريق.

<a href=""https://t.me/SakonHeart"">رضوى عاشور</a> ✍️"
61,"كن جميلاً ترَ الوجود جميلاً.

<a href=""https://t.me/SakonHeart"">إيليا أبو ماضي</a> ✍️"
62,"أيهذا الشاكي وما بك داء، كيف تغدو إذا غدوت عليلا؟

<a href=""https://t.me/SakonHeart"">إيليا أبو ماضي</a> ✍️"
63,"هشَّت لك الدنيا فما لك واجماً، وتبسَّمت فعلامَ لا تبتسمُ؟

<a href=""https://t.me/SakonHeart"">إيليا أبو ماضي</a> ✍️"
64,"إن الحياة حبور وعطاء، فلا تحرم نفسك فرحة العطاء.

<a href=""https://t.me/SakonHeart"">إيليا أبو ماضي</a> ✍️"
65,"الابتسامة تنير الوجه وتشرح الصدر.

<a href=""https://t.me/SakonHeart"">إيليا أبو ماضي</a> ✍️"
66,"على قدر أهل العزم تأتي العزائم، وتأتي على قدر الكرام المكارم.

<a href=""https://t.me/SakonHeart"">أبو الطيب المتنبي</a> ✍️"
67,"إذا غامَرْتَ في شَرَفٍ مَرُومِ، فَلا تَقْنَعْ بِمَا دُونَ النُّجُومِ.

<a href=""https://t.me/SakonHeart"">أبو الطيب المتنبي</a> ✍️"
68,"وإذا كانت النفوس كباراً، تعبت في مرادها الأجسامُ.

<a href=""https://t.me/SakonHeart"">أبو الطيب المتنبي</a> ✍️"
69,"الخَيْلُ وَاللَّيْلُ وَالبَيْداءُ تَعرِفُني، وَالسَيفُ وَالرُمحُ وَالقِرطاسُ وَالقَلَمُ.

<a href=""https://t.me/SakonHeart"">أبو الطيب المتنبي</a> ✍️"
70,"أَعَزُّ مَكانٍ في الدُنى زِينُ سابِحٍ، وَخَيرُ جَليسٍ في الزَمانِ كِتابُ.

<a href=""https://t.me/SakonHeart"">أبو الطيب المتنبي</a> ✍️"
71,"وما نَيْلُ المَطالِبِ بِالتَّمَنِّي، وَلَكِن تُؤْخَذُ الدُّنْيا غِلاباً.

<a href=""https://t.me/SakonHeart"">أحمد شوقي</a> ✍️"
72,"قُم لِلمُعَلِّمِ وَوَفِّهِ التَبجيلا، كادَ المُعَلِّمُ أَن يَكونَ رَسولا.

<a href=""https://t.me/SakonHeart"">أحمد شوقي</a> ✍️"
73,"وَإِنَّما الأُمَمُ الأَخلاقُ ما بَقِيَت، فَإِن هُمُ ذَهَبَت أَخلاقُهُم ذَهَبوا.

<a href=""https://t.me/SakonHeart"">أحمد شوقي</a> ✍️"
74,"وطني لو شُغِلتُ بالخُلدِ عنه، نازَعَتني إليه في الخُلدِ نفسي.

<a href=""https://t.me/SakonHeart"">أحمد شوقي</a> ✍️"
75,"الذوق السليم هو نتيجة العقل المنظم والقلب النقي.

<a href=""https://t.me/SakonHeart"">مي زيادة</a> ✍️"
76,"الجمال الحقيقي هو جمال الروح عندما تتجرد من الأنانية.

<a href=""https://t.me/SakonHeart"">مي زيادة</a> ✍️"
77,"الصمت أحياناً يكون لغة الفكر في أرقى صورة.

<a href=""https://t.me/SakonHeart"">مي زيادة</a> ✍️"
78,"الكلمات قد تغير مجرى القلوب إذا نبعت من الصدق.

<a href=""https://t.me/SakonHeart"">نزار قباني</a> ✍️"
79,"الحب في أعماقه هو احترامي لوجودك وكيانك.

<a href=""https://t.me/SakonHeart"">نزار قباني</a> ✍️"
80,"الأدب الحقيقي هو الذي يلمس الروح ويوقظ الفكر.

<a href=""https://t.me/SakonHeart"">نزار قباني</a> ✍️"
81,"الهوية ليست شيئاً معطى مرة واحدة، بل هي بناء مستمر.

<a href=""https://t.me/SakonHeart"">أمين معلوف</a> ✍️"
82,"التسامح هو الجسر الذي يعبر عليه البشر نحو السلام.

<a href=""https://t.me/SakonHeart"">أمين معلوف</a> ✍️"
83,"كل كتاب نقتنيه يمنحنا قطعة من العالم.

<a href=""https://t.me/SakonHeart"">أمين معلوف</a> ✍️"
84,"التاريخ لا يسير في خط مستقيم، بل يتشكل بعزيمة الشعوب.

<a href=""https://t.me/SakonHeart"">عبد الرحمن المنيف</a> ✍️"
85,"الوعي هو الخطوة الأولى نحو صناعة المستقبل.

<a href=""https://t.me/SakonHeart"">عبد الرحمن المنيف</a> ✍️"
86,"الكبرياء أن تقول لا شيء يوجعني، بينما كل الأشياء تؤلمك.

<a href=""https://t.me/SakonHeart"">أحلام مستغانمي</a> ✍️"
87,"أن تحب يعني أن تثق بالنور حتى في الظلام.

<a href=""https://t.me/SakonHeart"">أحلام مستغانمي</a> ✍️"
88,"الأحلام الكبيرة تحتاج إلى قلوب شجاعة تستوعبها.

<a href=""https://t.me/SakonHeart"">أحلام مستغانمي</a> ✍️"
89,"الخوف لا يمنع من الموت ولكنه يمنع من الحياة.

<a href=""https://t.me/SakonHeart"">نجيب محفوظ</a> ✍️"
90,"الوطن ليس رقعة أرض، بل هو القيمة التي تعيش في أروحنا.

<a href=""https://t.me/SakonHeart"">نجيب محفوظ</a> ✍️"
91,"عندما تحب شيئاً، فإنك تجده في كل مكان حولك.

<a href=""https://t.me/SakonHeart"">نجيب محفوظ</a> ✍️"
92,"الحرية هي ذلك الخيط الرفيع الذي يربط بين الكرامة والوجود.

<a href=""https://t.me/SakonHeart"">نجيب محفوظ</a> ✍️"
93,"أقصى درجات الصبر هو أن تنظر إلى الأشياء وتصمت وبداخلك بركان.

<a href=""https://t.me/SakonHeart"">نجيب محفوظ</a> ✍️"
94,"لا شيء يستحق الندم سوى ما أضعناه من أوقاتنا في غير فائدة.

<a href=""https://t.me/SakonHeart"">نجيب محفوظ</a> ✍️"
95,"إن السعادة الحقيقية تكمن في البساطة وعمق الرضا.

<a href=""https://t.me/SakonHeart"">نجيب محفوظ</a> ✍️"
96,"الحياة ليست سوى حلم، والعاقل من يجعله حلمًا جميلاً.

<a href=""https://t.me/SakonHeart"">نجيب محفوظ</a> ✍️"
97,"العقل الراجح هو الذي يعرف متى يتكلم ومتى يصمت.

<a href=""https://t.me/SakonHeart"">نجيب محفوظ</a> ✍️"
98,"أعظم الشجاعة هي أن تكون كما أنت في عالم يحاول تغطيتك.

<a href=""https://t.me/SakonHeart"">نجيب محفوظ</a> ✍️"
99,"على هذه الأرض ما يستحق الحياة.

<a href=""https://t.me/SakonHeart"">محمود درويش</a> ✍️"
100,"سأصير يوماً ما أريد.. سأصير يوماً طائراً، وأسلّ من عدمي وجودي.

<a href=""https://t.me/SakonHeart"">محمود درويش</a> ✍️"
101,"ونحن نحب الحياة إذا ما استطعنا إليها سبيلاً.

<a href=""https://t.me/SakonHeart"">محمود درويش</a> ✍️"
102,"في اللامبالاة تجلس السعادة مرفوعة الرأس.

<a href=""https://t.me/SakonHeart"">محمود درويش</a> ✍️"
103,"لا شيء يوجع العصفور مثل قفص من ذهب.

<a href=""https://t.me/SakonHeart"">محمود درويش</a> ✍️"
104,"أنا من هناك ولديّ خاطرة، ولي قمر وطيور وأشجار.

<a href=""https://t.me/SakonHeart"">محمود درويش</a> ✍️"
105,"الغياب هو أن تجلس بين الجمع ولا تشعر بأحد.

<a href=""https://t.me/SakonHeart"">محمود درويش</a> ✍️"
106,"الحب هو أن لا نرى في الآخر إلا ما يجعلنا أفضل.

<a href=""https://t.me/SakonHeart"">محمود درويش</a> ✍️"
107,"لا تعتذر عما فعلت، ففي الصدق نجاة النفس.

<a href=""https://t.me/SakonHeart"">محمود درويش</a> ✍️"
108,"النسيان تدريب للروح على مواصلة الطريق.

<a href=""https://t.me/SakonHeart"">محمود درويش</a> ✍️"
109,"المحبة لا تعطي إلا نفسها، ولا تأخذ إلا من نفسها.

<a href=""https://t.me/SakonHeart"">جبران خليل جبران</a> ✍️"
110,"أنت أعمى إذا لم ترَ الجمال في كل شيء حولك.

<a href=""https://t.me/SakonHeart"">جبران خليل جبران</a> ✍️"
111,"الحياة دون حلم كحديقة دون أزهار.

<a href=""https://t.me/SakonHeart"">جبران خليل جبران</a> ✍️"
112,"إن الصمت زهرة لا تفوح إلا في القلوب الصافية.

<a href=""https://t.me/SakonHeart"">جبران خليل جبران</a> ✍️"
113,"الشجرة التي تنمو بقوة لا تخاف من هبوب الرياح.

<a href=""https://t.me/SakonHeart"">جبران خليل جبران</a> ✍️"
114,"لا تدمس جمال اليوم بأحزان الأمس.

<a href=""https://t.me/SakonHeart"">جبران خليل جبران</a> ✍️"
115,"الإنسان لا يقاس بما يملكه، بل بما يعطيه للآخرين.

<a href=""https://t.me/SakonHeart"">جبران خليل جبران</a> ✍️"
116,"في عمق كل شتاء يكمن صيف لا ينتهي.

<a href=""https://t.me/SakonHeart"">جبران خليل جبران</a> ✍️"
117,"الكلمة الصادقة كالبذرة النبيلة تنبت ثماراً طيبة.

<a href=""https://t.me/SakonHeart"">جبران خليل جبران</a> ✍️"
118,"إذا أردت أن تفهم إنساناً، فاستمع إلى صمته قبل كلامه.

<a href=""https://t.me/SakonHeart"">جبران خليل جبران</a> ✍️"
119,"إذا لم تزد على الحياة شيئاً، فأنت زائد عليها.

<a href=""https://t.me/SakonHeart"">مصطفى صادق الرافعي</a> ✍️"
120,"الثقة بالنفس هي أول أسرار النجاح العظيم.

<a href=""https://t.me/SakonHeart"">مصطفى صادق الرافعي</a> ✍️"
121,"أجمل ما في الحياة أن تجد من يفهمك دون أن تتكلم.

<a href=""https://t.me/SakonHeart"">مصطفى صادق الرافعي</a> ✍️"
122,"القلب الصافي ينعكس ضوؤه على الوجه والأفعال.

<a href=""https://t.me/SakonHeart"">مصطفى صادق الرافعي</a> ✍️"
123,"لا قياس للجمال إلا بقدر ما يدخل من السكينة إلى الروح.

<a href=""https://t.me/SakonHeart"">مصطفى صادق الرافعي</a> ✍️"
124,"السعادة تأتي من الداخل، وليست شيئاً يُباع أو يُشترى.

<a href=""https://t.me/SakonHeart"">علي الطنطاوي</a> ✍️"
125,"اجعل حياتك مملوءة بالعمل الصالح، تجد الأنس في وحدتك.

<a href=""https://t.me/SakonHeart"">علي الطنطاوي</a> ✍️"
126,"رضا النفس هو الكنز الذي لا يفنى مع الزمن.

<a href=""https://t.me/SakonHeart"">علي الطنطاوي</a> ✍️"
127,"الكلمة الطيبة بلسم ينعش القلوب الجريحة.

<a href=""https://t.me/SakonHeart"">علي الطنطاوي</a> ✍️"
128,"أن تعيش يوماً صادقاً خير من أن تعيش عمراً من الادعاء.

<a href=""https://t.me/SakonHeart"">علي الطنطاوي</a> ✍️"
129,"القراءة تمنح الإنسان أكثر من حياة واحدة.

<a href=""https://t.me/SakonHeart"">عباس محمود العقاد</a> ✍️"
130,"الفكر الحر هو الطاقة التي تبني الحضارات.

<a href=""https://t.me/SakonHeart"">عباس محمود العقاد</a> ✍️"
131,"من لم يذق مرارة التعلم ساعة، تجرع ذل الجهل طوال حياته.

<a href=""https://t.me/SakonHeart"">عباس محمود العقاد</a> ✍️"
132,"الشخصية القوية لا تبنى بالراحة، بل في مواجهة التحديات.

<a href=""https://t.me/SakonHeart"">عباس محمود العقاد</a> ✍️"
133,"الكتاب الصديق الذي لا يغيره الزمن ولا تبدله الأيام.

<a href=""https://t.me/SakonHeart"">عباس محمود العقاد</a> ✍️"
134,"العلم كالماء والهواء، يجب أن يكون متاحاً للجميع.

<a href=""https://t.me/SakonHeart"">طه حسين</a> ✍️"
135,"الإرادة الصلبة هي التي تحول الظلام إلى نور ساطع.

<a href=""https://t.me/SakonHeart"">طه حسين</a> ✍️"
136,"لا قيمة للحرية إذا لم تقترن بالوعي والمعرفة.

<a href=""https://t.me/SakonHeart"">طه حسين</a> ✍️"
137,"الصبر والعزيمة هما الجناحان اللذان يحلقان بالإنسان إلى القمة.

<a href=""https://t.me/SakonHeart"">طه حسين</a> ✍️"
138,"التفكير هو العادة الأكثر نبلاً للإنسان.

<a href=""https://t.me/SakonHeart"">طه حسين</a> ✍️"
139,"الإنسان قضية، وليس مجرد جسم يمر عبر الزمان.

<a href=""https://t.me/SakonHeart"">غسان كنفاني</a> ✍️"
140,"سيجاء اليوم الذي نعرف فيه أن المبادئ أهم من المصالح.

<a href=""https://t.me/SakonHeart"">غسان كنفاني</a> ✍️"
141,"لن أستسلم للظروف، بل سأبني من الحجارة سُلمًا للنهوض.

<a href=""https://t.me/SakonHeart"">غسان كنفاني</a> ✍️"
142,"الأمل ليس أوهاماً، بل هو القوة التي تدفعنا للبقاء.

<a href=""https://t.me/SakonHeart"">غسان كنفاني</a> ✍️"
143,"الأفكار النبيلة تعيش أكثر من أصحابها.

<a href=""https://t.me/SakonHeart"">غسان كنفاني</a> ✍️"
144,"هناك دائمًا متسع للأمل في أشد اللحظات ظلمة.

<a href=""https://t.me/SakonHeart"">رضوى عاشور</a> ✍️"
145,"الذاكرة هي الوطن الحقيقي الذي لا يستطيع أحد سلبنا إياه.

<a href=""https://t.me/SakonHeart"">رضوى عاشور</a> ✍️"
146,"الصمود لا يعني ألا تتألم، بل أن تتألم وتواصل السير.

<a href=""https://t.me/SakonHeart"">رضوى عاشور</a> ✍️"
147,"في الهدوء يكمن سر القوة وفي الصدق يكمن الجمال.

<a href=""https://t.me/SakonHeart"">رضوى عاشور</a> ✍️"
148,"كل خطوة صادقة تقربنا من أحلامنا وإن طال الطريق.

<a href=""https://t.me/SakonHeart"">رضوى عاشور</a> ✍️"
149,"كن جميلاً ترَ الوجود جميلاً.

<a href=""https://t.me/SakonHeart"">إيليا أبو ماضي</a> ✍️"
150,"أيهذا الشاكي وما بك داء، كيف تغدو إذا غدوت عليلا؟

<a href=""https://t.me/SakonHeart"">إيليا أبو ماضي</a> ✍️"
151,"هشَّت لك الدنيا فما لك واجماً، وتبسَّمت فعلامَ لا تبتسمُ؟

<a href=""https://t.me/SakonHeart"">إيليا أبو ماضي</a> ✍️"
152,"إن الحياة حبور وعطاء، فلا تحرم نفسك فرحة العطاء.

<a href=""https://t.me/SakonHeart"">إيليا أبو ماضي</a> ✍️"
153,"الابتسامة تنير الوجه وتشرح الصدر.

<a href=""https://t.me/SakonHeart"">إيليا أبو ماضي</a> ✍️"
154,"على قدر أهل العزم تأتي العزائم، وتأتي على قدر الكرام المكارم.

<a href=""https://t.me/SakonHeart"">أبو الطيب المتنبي</a> ✍️"
155,"إذا غامَرْتَ في شَرَفٍ مَرُومِ، فَلا تَقْنَعْ بِمَا دُونَ النُّجُومِ.

<a href=""https://t.me/SakonHeart"">أبو الطيب المتنبي</a> ✍️"
156,"وإذا كانت النفوس كباراً، تعبت في مرادها الأجسامُ.

<a href=""https://t.me/SakonHeart"">أبو الطيب المتنبي</a> ✍️"
157,"الخَيْلُ وَاللَّيْلُ وَالبَيْداءُ تَعرِفُني، وَالسَيفُ وَالرُمحُ وَالقِرطاسُ وَالقَلَمُ.

<a href=""https://t.me/SakonHeart"">أبو الطيب المتنبي</a> ✍️"
158,"أَعَزُّ مَكانٍ في الدُنى زِينُ سابِحٍ، وَخَيرُ جَليسٍ في الزَمانِ كِتابُ.

<a href=""https://t.me/SakonHeart"">أبو الطيب المتنبي</a> ✍️"
159,"وما نَيْلُ المَطالِبِ بِالتَّمَنِّي، وَلَكِن تُؤْخَذُ الدُّنْيا غِلاباً.

<a href=""https://t.me/SakonHeart"">أحمد شوقي</a> ✍️"
160,"قُم لِلمُعَلِّمِ وَوَفِّهِ التَبجيلا، كادَ المُعَلِّمُ أَن يَكونَ رَسولا.

<a href=""https://t.me/SakonHeart"">أحمد شوقي</a> ✍️"
161,"وَإِنَّما الأُمَمُ الأَخلاقُ ما بَقِيَت، فَإِن هُمُ ذَهَبَت أَخلاقُهُم ذَهَبوا.

<a href=""https://t.me/SakonHeart"">أحمد شوقي</a> ✍️"
162,"وطني لو شُغِلتُ بالخُلدِ عنه، نازَعَتني إليه في الخُلدِ نفسي.

<a href=""https://t.me/SakonHeart"">أحمد شوقي</a> ✍️"
163,"الذوق السليم هو نتيجة العقل المنظم والقلب النقي.

<a href=""https://t.me/SakonHeart"">مي زيادة</a> ✍️"
164,"الجمال الحقيقي هو جمال الروح عندما تتجرد من الأنانية.

<a href=""https://t.me/SakonHeart"">مي زيادة</a> ✍️"
165,"الصمت أحياناً يكون لغة الفكر في أرقى صورة.

<a href=""https://t.me/SakonHeart"">مي زيادة</a> ✍️"
166,"الكلمات قد تغير مجرى القلوب إذا نبعت من الصدق.

<a href=""https://t.me/SakonHeart"">نزار قباني</a> ✍️"
167,"الحب في أعماقه هو احترامي لوجودك وكيانك.

<a href=""https://t.me/SakonHeart"">نزار قباني</a> ✍️"
168,"الأدب الحقيقي هو الذي يلمس الروح ويوقظ الفكر.

<a href=""https://t.me/SakonHeart"">نزار قباني</a> ✍️"
169,"الهوية ليست شيئاً معطى مرة واحدة، بل هي بناء مستمر.

<a href=""https://t.me/SakonHeart"">أمين معلوف</a> ✍️"
170,"التسامح هو الجسر الذي يعبر عليه البشر نحو السلام.

<a href=""https://t.me/SakonHeart"">أمين معلوف</a> ✍️"
171,"كل كتاب نقتنيه يمنحنا قطعة من العالم.

<a href=""https://t.me/SakonHeart"">أمين معلوف</a> ✍️"
172,"التاريخ لا يسير في خط مستقيم، بل يتشكل بعزيمة الشعوب.

<a href=""https://t.me/SakonHeart"">عبد الرحمن المنيف</a> ✍️"
173,"الوعي هو الخطوة الأولى نحو صناعة المستقبل.

<a href=""https://t.me/SakonHeart"">عبد الرحمن المنيف</a> ✍️"
174,"الكبرياء أن تقول لا شيء يوجعني، بينما كل الأشياء تؤلمك.

<a href=""https://t.me/SakonHeart"">أحلام مستغانمي</a> ✍️"
175,"أن تحب يعني أن تثق بالنور حتى في الظلام.

<a href=""https://t.me/SakonHeart"">أحلام مستغانمي</a> ✍️"
176,"الأحلام الكبيرة تحتاج إلى قلوب شجاعة تستوعبها.

<a href=""https://t.me/SakonHeart"">أحلام مستغانمي</a> ✍️"
177,"الخوف لا يمنع من الموت ولكنه يمنع من الحياة.

<a href=""https://t.me/SakonHeart"">نجيب محفوظ</a> ✍️"
178,"الوطن ليس رقعة أرض، بل هو القيمة التي تعيش في أروحنا.

<a href=""https://t.me/SakonHeart"">نجيب محفوظ</a> ✍️"
179,"عندما تحب شيئاً، فإنك تجده في كل مكان حولك.

<a href=""https://t.me/SakonHeart"">نجيب محفوظ</a> ✍️"
180,"الحرية هي ذلك الخيط الرفيع الذي يربط بين الكرامة والوجود.

<a href=""https://t.me/SakonHeart"">نجيب محفوظ</a> ✍️"
181,"أقصى درجات الصبر هو أن تنظر إلى الأشياء وتصمت وبداخلك بركان.

<a href=""https://t.me/SakonHeart"">نجيب محفوظ</a> ✍️"
182,"لا شيء يستحق الندم سوى ما أضعناه من أوقاتنا في غير فائدة.

<a href=""https://t.me/SakonHeart"">نجيب محفوظ</a> ✍️"
183,"إن السعادة الحقيقية تكمن في البساطة وعمق الرضا.

<a href=""https://t.me/SakonHeart"">نجيب محفوظ</a> ✍️"
184,"الحياة ليست سوى حلم، والعاقل من يجعله حلمًا جميلاً.

<a href=""https://t.me/SakonHeart"">نجيب محفوظ</a> ✍️"
185,"العقل الراجح هو الذي يعرف متى يتكلم ومتى يصمت.

<a href=""https://t.me/SakonHeart"">نجيب محفوظ</a> ✍️"
186,"أعظم الشجاعة هي أن تكون كما أنت في عالم يحاول تغطيتك.

<a href=""https://t.me/SakonHeart"">نجيب محفوظ</a> ✍️"
187,"على هذه الأرض ما يستحق الحياة.

<a href=""https://t.me/SakonHeart"">محمود درويش</a> ✍️"
188,"سأصير يوماً ما أريد.. سأصير يوماً طائراً، وأسلّ من عدمي وجودي.

<a href=""https://t.me/SakonHeart"">محمود درويش</a> ✍️"
189,"ونحن نحب الحياة إذا ما استطعنا إليها سبيلاً.

<a href=""https://t.me/SakonHeart"">محمود درويش</a> ✍️"
190,"في اللامبالاة تجلس السعادة مرفوعة الرأس.

<a href=""https://t.me/SakonHeart"">محمود درويش</a> ✍️"
191,"لا شيء يوجع العصفور مثل قفص من ذهب.

<a href=""https://t.me/SakonHeart"">محمود درويش</a> ✍️"
192,"أنا من هناك ولديّ خاطرة، ولي قمر وطيور وأشجار.

<a href=""https://t.me/SakonHeart"">محمود درويش</a> ✍️"
193,"الغياب هو أن تجلس بين الجمع ولا تشعر بأحد.

<a href=""https://t.me/SakonHeart"">محمود درويش</a> ✍️"
194,"الحب هو أن لا نرى في الآخر إلا ما يجعلنا أفضل.

<a href=""https://t.me/SakonHeart"">محمود درويش</a> ✍️"
195,"لا تعتذر عما فعلت، ففي الصدق نجاة النفس.

<a href=""https://t.me/SakonHeart"">محمود درويش</a> ✍️"
196,"النسيان تدريب للروح على مواصلة الطريق.

<a href=""https://t.me/SakonHeart"">محمود درويش</a> ✍️"
197,"المحبة لا تعطي إلا نفسها، ولا تأخذ إلا من نفسها.

<a href=""https://t.me/SakonHeart"">جبران خليل جبران</a> ✍️"
198,"أنت أعمى إذا لم ترَ الجمال في كل شيء حولك.

<a href=""https://t.me/SakonHeart"">جبران خليل جبران</a> ✍️"
199,"الحياة دون حلم كحديقة دون أزهار.

<a href=""https://t.me/SakonHeart"">جبران خليل جبران</a> ✍️"
200,"إن الصمت زهرة لا تفوح إلا في القلوب الصافية.

<a href=""https://t.me/SakonHeart"">جبران خليل جبران</a> ✍️"
201,"الشجرة التي تنمو بقوة لا تخاف من هبوب الرياح.

<a href=""https://t.me/SakonHeart"">جبران خليل جبران</a> ✍️"
202,"لا تدمس جمال اليوم بأحزان الأمس.

<a href=""https://t.me/SakonHeart"">جبران خليل جبران</a> ✍️"
203,"الإنسان لا يقاس بما يملكه، بل بما يعطيه للآخرين.

<a href=""https://t.me/SakonHeart"">جبران خليل جبران</a> ✍️"
204,"في عمق كل شتاء يكمن صيف لا ينتهي.

<a href=""https://t.me/SakonHeart"">جبران خليل جبران</a> ✍️"
205,"الكلمة الصادقة كالبذرة النبيلة تنبت ثماراً طيبة.

<a href=""https://t.me/SakonHeart"">جبران خليل جبران</a> ✍️"
206,"إذا أردت أن تفهم إنساناً، فاستمع إلى صمته قبل كلامه.

<a href=""https://t.me/SakonHeart"">جبران خليل جبران</a> ✍️"
207,"إذا لم تزد على الحياة شيئاً، فأنت زائد عليها.

<a href=""https://t.me/SakonHeart"">مصطفى صادق الرافعي</a> ✍️"
208,"الثقة بالنفس هي أول أسرار النجاح العظيم.

<a href=""https://t.me/SakonHeart"">مصطفى صادق الرافعي</a> ✍️"
209,"أجمل ما في الحياة أن تجد من يفهمك دون أن تتكلم.

<a href=""https://t.me/SakonHeart"">مصطفى صادق الرافعي</a> ✍️"
210,"القلب الصافي ينعكس ضوؤه على الوجه والأفعال.

<a href=""https://t.me/SakonHeart"">مصطفى صادق الرافعي</a> ✍️"
211,"لا قياس للجمال إلا بقدر ما يدخل من السكينة إلى الروح.

<a href=""https://t.me/SakonHeart"">مصطفى صادق الرافعي</a> ✍️"
212,"السعادة تأتي من الداخل، وليست شيئاً يُباع أو يُشترى.

<a href=""https://t.me/SakonHeart"">علي الطنطاوي</a> ✍️"
213,"اجعل حياتك مملوءة بالعمل الصالح، تجد الأنس في وحدتك.

<a href=""https://t.me/SakonHeart"">علي الطنطاوي</a> ✍️"
214,"رضا النفس هو الكنز الذي لا يفنى مع الزمن.

<a href=""https://t.me/SakonHeart"">علي الطنطاوي</a> ✍️"
215,"الكلمة الطيبة بلسم ينعش القلوب الجريحة.

<a href=""https://t.me/SakonHeart"">علي الطنطاوي</a> ✍️"
216,"أن تعيش يوماً صادقاً خير من أن تعيش عمراً من الادعاء.

<a href=""https://t.me/SakonHeart"">علي الطنطاوي</a> ✍️"
217,"القراءة تمنح الإنسان أكثر من حياة واحدة.

<a href=""https://t.me/SakonHeart"">عباس محمود العقاد</a> ✍️"
218,"الفكر الحر هو الطاقة التي تبني الحضارات.

<a href=""https://t.me/SakonHeart"">عباس محمود العقاد</a> ✍️"
219,"من لم يذق مرارة التعلم ساعة، تجرع ذل الجهل طوال حياته.

<a href=""https://t.me/SakonHeart"">عباس محمود العقاد</a> ✍️"
220,"الشخصية القوية لا تبنى بالراحة، بل في مواجهة التحديات.

<a href=""https://t.me/SakonHeart"">عباس محمود العقاد</a> ✍️"
221,"الكتاب الصديق الذي لا يغيره الزمن ولا تبدله الأيام.

<a href=""https://t.me/SakonHeart"">عباس محمود العقاد</a> ✍️"
222,"العلم كالماء والهواء، يجب أن يكون متاحاً للجميع.

<a href=""https://t.me/SakonHeart"">طه حسين</a> ✍️"
223,"الإرادة الصلبة هي التي تحول الظلام إلى نور ساطع.

<a href=""https://t.me/SakonHeart"">طه حسين</a> ✍️"
224,"لا قيمة للحرية إذا لم تقترن بالوعي والمعرفة.

<a href=""https://t.me/SakonHeart"">طه حسين</a> ✍️"
225,"الصبر والعزيمة هما الجناحان اللذان يحلقان بالإنسان إلى القمة.

<a href=""https://t.me/SakonHeart"">طه حسين</a> ✍️"
226,"التفكير هو العادة الأكثر نبلاً للإنسان.

<a href=""https://t.me/SakonHeart"">طه حسين</a> ✍️"
227,"الإنسان قضية، وليس مجرد جسم يمر عبر الزمان.

<a href=""https://t.me/SakonHeart"">غسان كنفاني</a> ✍️"
228,"سيجاء اليوم الذي نعرف فيه أن المبادئ أهم من المصالح.

<a href=""https://t.me/SakonHeart"">غسان كنفاني</a> ✍️"
229,"لن أستسلم للظروف، بل سأبني من الحجارة سُلمًا للنهوض.

<a href=""https://t.me/SakonHeart"">غسان كنفاني</a> ✍️"
230,"الأمل ليس أوهاماً، بل هو القوة التي تدفعنا للبقاء.

<a href=""https://t.me/SakonHeart"">غسان كنفاني</a> ✍️"
231,"الأفكار النبيلة تعيش أكثر من أصحابها.

<a href=""https://t.me/SakonHeart"">غسان كنفاني</a> ✍️"
232,"هناك دائمًا متسع للأمل في أشد اللحظات ظلمة.

<a href=""https://t.me/SakonHeart"">رضوى عاشور</a> ✍️"
233,"الذاكرة هي الوطن الحقيقي الذي لا يستطيع أحد سلبنا إياه.

<a href=""https://t.me/SakonHeart"">رضوى عاشور</a> ✍️"
234,"الصمود لا يعني ألا تتألم، بل أن تتألم وتواصل السير.

<a href=""https://t.me/SakonHeart"">رضوى عاشور</a> ✍️"
235,"في الهدوء يكمن سر القوة وفي الصدق يكمن الجمال.

<a href=""https://t.me/SakonHeart"">رضوى عاشور</a> ✍️"
236,"كل خطوة صادقة تقربنا من أحلامنا وإن طال الطريق.

<a href=""https://t.me/SakonHeart"">رضوى عاشور</a> ✍️"
237,"كن جميلاً ترَ الوجود جميلاً.

<a href=""https://t.me/SakonHeart"">إيليا أبو ماضي</a> ✍️"
238,"أيهذا الشاكي وما بك داء، كيف تغدو إذا غدوت عليلا؟

<a href=""https://t.me/SakonHeart"">إيليا أبو ماضي</a> ✍️"
239,"هشَّت لك الدنيا فما لك واجماً، وتبسَّمت فعلامَ لا تبتسمُ؟

<a href=""https://t.me/SakonHeart"">إيليا أبو ماضي</a> ✍️"
240,"إن الحياة حبور وعطاء، فلا تحرم نفسك فرحة العطاء.

<a href=""https://t.me/SakonHeart"">إيليا أبو ماضي</a> ✍️"
241,"الابتسامة تنير الوجه وتشرح الصدر.

<a href=""https://t.me/SakonHeart"">إيليا أبو ماضي</a> ✍️"
242,"على قدر أهل العزم تأتي العزائم، وتأتي على قدر الكرام المكارم.

<a href=""https://t.me/SakonHeart"">أبو الطيب المتنبي</a> ✍️"
243,"إذا غامَرْتَ في شَرَفٍ مَرُومِ، فَلا تَقْنَعْ بِمَا دُونَ النُّجُومِ.

<a href=""https://t.me/SakonHeart"">أبو الطيب المتنبي</a> ✍️"
244,"وإذا كانت النفوس كباراً، تعبت في مرادها الأجسامُ.

<a href=""https://t.me/SakonHeart"">أبو الطيب المتنبي</a> ✍️"
245,"الخَيْلُ وَاللَّيْلُ وَالبَيْداءُ تَعرِفُني، وَالسَيفُ وَالرُمحُ وَالقِرطاسُ وَالقَلَمُ.

<a href=""https://t.me/SakonHeart"">أبو الطيب المتنبي</a> ✍️"
246,"أَعَزُّ مَكانٍ في الدُنى زِينُ سابِحٍ، وَخَيرُ جَليسٍ في الزَمانِ كِتابُ.

<a href=""https://t.me/SakonHeart"">أبو الطيب المتنبي</a> ✍️"
247,"وما نَيْلُ المَطالِبِ بِالتَّمَنِّي، وَلَكِن تُؤْخَذُ الدُّنْيا غِلاباً.

<a href=""https://t.me/SakonHeart"">أحمد شوقي</a> ✍️"
248,"قُم لِلمُعَلِّمِ وَوَفِّهِ التَبجيلا، كادَ المُعَلِّمُ أَن يَكونَ رَسولا.

<a href=""https://t.me/SakonHeart"">أحمد شوقي</a> ✍️"
249,"وَإِنَّما الأُمَمُ الأَخلاقُ ما بَقِيَت، فَإِن هُمُ ذَهَبَت أَخلاقُهُم ذَهَبوا.

<a href=""https://t.me/SakonHeart"">أحمد شوقي</a> ✍️"
250,"وطني لو شُغِلتُ بالخُلدِ عنه، نازَعَتني إليه في الخُلدِ نفسي.

<a href=""https://t.me/SakonHeart"">أحمد شوقي</a> ✍️"
251,"الذوق السليم هو نتيجة العقل المنظم والقلب النقي.

<a href=""https://t.me/SakonHeart"">مي زيادة</a> ✍️"
252,"الجمال الحقيقي هو جمال الروح عندما تتجرد من الأنانية.

<a href=""https://t.me/SakonHeart"">مي زيادة</a> ✍️"
253,"الصمت أحياناً يكون لغة الفكر في أرقى صورة.

<a href=""https://t.me/SakonHeart"">مي زيادة</a> ✍️"
254,"الكلمات قد تغير مجرى القلوب إذا نبعت من الصدق.

<a href=""https://t.me/SakonHeart"">نزار قباني</a> ✍️"
255,"الحب في أعماقه هو احترامي لوجودك وكيانك.

<a href=""https://t.me/SakonHeart"">نزار قباني</a> ✍️"
256,"الأدب الحقيقي هو الذي يلمس الروح ويوقظ الفكر.

<a href=""https://t.me/SakonHeart"">نزار قباني</a> ✍️"
257,"الهوية ليست شيئاً معطى مرة واحدة، بل هي بناء مستمر.

<a href=""https://t.me/SakonHeart"">أمين معلوف</a> ✍️"
258,"التسامح هو الجسر الذي يعبر عليه البشر نحو السلام.

<a href=""https://t.me/SakonHeart"">أمين معلوف</a> ✍️"
259,"كل كتاب نقتنيه يمنحنا قطعة من العالم.

<a href=""https://t.me/SakonHeart"">أمين معلوف</a> ✍️"
260,"التاريخ لا يسير في خط مستقيم، بل يتشكل بعزيمة الشعوب.

<a href=""https://t.me/SakonHeart"">عبد الرحمن المنيف</a> ✍️"
261,"الوعي هو الخطوة الأولى نحو صناعة المستقبل.

<a href=""https://t.me/SakonHeart"">عبد الرحمن المنيف</a> ✍️"
262,"الكبرياء أن تقول لا شيء يوجعني، بينما كل الأشياء تؤلمك.

<a href=""https://t.me/SakonHeart"">أحلام مستغانمي</a> ✍️"
263,"أن تحب يعني أن تثق بالنور حتى في الظلام.

<a href=""https://t.me/SakonHeart"">أحلام مستغانمي</a> ✍️"
264,"الأحلام الكبيرة تحتاج إلى قلوب شجاعة تستوعبها.

<a href=""https://t.me/SakonHeart"">أحلام مستغانمي</a> ✍️"
265,"الخوف لا يمنع من الموت ولكنه يمنع من الحياة.

<a href=""https://t.me/SakonHeart"">نجيب محفوظ</a> ✍️"
266,"الوطن ليس رقعة أرض، بل هو القيمة التي تعيش في أروحنا.

<a href=""https://t.me/SakonHeart"">نجيب محفوظ</a> ✍️"
267,"عندما تحب شيئاً، فإنك تجده في كل مكان حولك.

<a href=""https://t.me/SakonHeart"">نجيب محفوظ</a> ✍️"
268,"الحرية هي ذلك الخيط الرفيع الذي يربط بين الكرامة والوجود.

<a href=""https://t.me/SakonHeart"">نجيب محفوظ</a> ✍️"
269,"أقصى درجات الصبر هو أن تنظر إلى الأشياء وتصمت وبداخلك بركان.

<a href=""https://t.me/SakonHeart"">نجيب محفوظ</a> ✍️"
270,"لا شيء يستحق الندم سوى ما أضعناه من أوقاتنا في غير فائدة.

<a href=""https://t.me/SakonHeart"">نجيب محفوظ</a> ✍️"
271,"إن السعادة الحقيقية تكمن في البساطة وعمق الرضا.

<a href=""https://t.me/SakonHeart"">نجيب محفوظ</a> ✍️"
272,"الحياة ليست سوى حلم، والعاقل من يجعله حلمًا جميلاً.

<a href=""https://t.me/SakonHeart"">نجيب محفوظ</a> ✍️"
273,"العقل الراجح هو الذي يعرف متى يتكلم ومتى يصمت.

<a href=""https://t.me/SakonHeart"">نجيب محفوظ</a> ✍️"
274,"أعظم الشجاعة هي أن تكون كما أنت في عالم يحاول تغطيتك.

<a href=""https://t.me/SakonHeart"">نجيب محفوظ</a> ✍️"
275,"على هذه الأرض ما يستحق الحياة.

<a href=""https://t.me/SakonHeart"">محمود درويش</a> ✍️"
276,"سأصير يوماً ما أريد.. سأصير يوماً طائراً، وأسلّ من عدمي وجودي.

<a href=""https://t.me/SakonHeart"">محمود درويش</a> ✍️"
277,"ونحن نحب الحياة إذا ما استطعنا إليها سبيلاً.

<a href=""https://t.me/SakonHeart"">محمود درويش</a> ✍️"
278,"في اللامبالاة تجلس السعادة مرفوعة الرأس.

<a href=""https://t.me/SakonHeart"">محمود درويش</a> ✍️"
279,"لا شيء يوجع العصفور مثل قفص من ذهب.

<a href=""https://t.me/SakonHeart"">محمود درويش</a> ✍️"
280,"أنا من هناك ولديّ خاطرة، ولي قمر وطيور وأشجار.

<a href=""https://t.me/SakonHeart"">محمود درويش</a> ✍️"
281,"الغياب هو أن تجلس بين الجمع ولا تشعر بأحد.

<a href=""https://t.me/SakonHeart"">محمود درويش</a> ✍️"
282,"الحب هو أن لا نرى في الآخر إلا ما يجعلنا أفضل.

<a href=""https://t.me/SakonHeart"">محمود درويش</a> ✍️"
283,"لا تعتذر عما فعلت، ففي الصدق نجاة النفس.

<a href=""https://t.me/SakonHeart"">محمود درويش</a> ✍️"
284,"النسيان تدريب للروح على مواصلة الطريق.

<a href=""https://t.me/SakonHeart"">محمود درويش</a> ✍️"
285,"المحبة لا تعطي إلا نفسها، ولا تأخذ إلا من نفسها.

<a href=""https://t.me/SakonHeart"">جبران خليل جبران</a> ✍️"
286,"أنت أعمى إذا لم ترَ الجمال في كل شيء حولك.

<a href=""https://t.me/SakonHeart"">جبران خليل جبران</a> ✍️"
287,"الحياة دون حلم كحديقة دون أزهار.

<a href=""https://t.me/SakonHeart"">جبران خليل جبران</a> ✍️"
288,"إن الصمت زهرة لا تفوح إلا في القلوب الصافية.

<a href=""https://t.me/SakonHeart"">جبران خليل جبران</a> ✍️"
289,"الشجرة التي تنمو بقوة لا تخاف من هبوب الرياح.

<a href=""https://t.me/SakonHeart"">جبران خليل جبران</a> ✍️"
290,"لا تدمس جمال اليوم بأحزان الأمس.

<a href=""https://t.me/SakonHeart"">جبران خليل جبران</a> ✍️"
291,"الإنسان لا يقاس بما يملكه، بل بما يعطيه للآخرين.

<a href=""https://t.me/SakonHeart"">جبران خليل جبران</a> ✍️"
292,"في عمق كل شتاء يكمن صيف لا ينتهي.

<a href=""https://t.me/SakonHeart"">جبران خليل جبران</a> ✍️"
293,"الكلمة الصادقة كالبذرة النبيلة تنبت ثماراً طيبة.

<a href=""https://t.me/SakonHeart"">جبران خليل جبران</a> ✍️"
294,"إذا أردت أن تفهم إنساناً، فاستمع إلى صمته قبل كلامه.

<a href=""https://t.me/SakonHeart"">جبران خليل جبران</a> ✍️"
295,"إذا لم تزد على الحياة شيئاً، فأنت زائد عليها.

<a href=""https://t.me/SakonHeart"">مصطفى صادق الرافعي</a> ✍️"
296,"الثقة بالنفس هي أول أسرار النجاح العظيم.

<a href=""https://t.me/SakonHeart"">مصطفى صادق الرافعي</a> ✍️"
297,"أجمل ما في الحياة أن تجد من يفهمك دون أن تتكلم.

<a href=""https://t.me/SakonHeart"">مصطفى صادق الرافعي</a> ✍️"
298,"القلب الصافي ينعكس ضوؤه على الوجه والأفعال.

<a href=""https://t.me/SakonHeart"">مصطفى صادق الرافعي</a> ✍️"
299,"لا قياس للجمال إلا بقدر ما يدخل من السكينة إلى الروح.

<a href=""https://t.me/SakonHeart"">مصطفى صادق الرافعي</a> ✍️"
300,"السعادة تأتي من الداخل، وليست شيئاً يُباع أو يُشترى.

<a href=""https://t.me/SakonHeart"">علي الطنطاوي</a> ✍️"
301,"اجعل حياتك مملوءة بالعمل الصالح، تجد الأنس في وحدتك.

<a href=""https://t.me/SakonHeart"">علي الطنطاوي</a> ✍️"
302,"رضا النفس هو الكنز الذي لا يفنى مع الزمن.

<a href=""https://t.me/SakonHeart"">علي الطنطاوي</a> ✍️"
303,"الكلمة الطيبة بلسم ينعش القلوب الجريحة.

<a href=""https://t.me/SakonHeart"">علي الطنطاوي</a> ✍️"
304,"أن تعيش يوماً صادقاً خير من أن تعيش عمراً من الادعاء.

<a href=""https://t.me/SakonHeart"">علي الطنطاوي</a> ✍️"
305,"القراءة تمنح الإنسان أكثر من حياة واحدة.

<a href=""https://t.me/SakonHeart"">عباس محمود العقاد</a> ✍️"
306,"الفكر الحر هو الطاقة التي تبني الحضارات.

<a href=""https://t.me/SakonHeart"">عباس محمود العقاد</a> ✍️"
307,"من لم يذق مرارة التعلم ساعة، تجرع ذل الجهل طوال حياته.

<a href=""https://t.me/SakonHeart"">عباس محمود العقاد</a> ✍️"
308,"الشخصية القوية لا تبنى بالراحة، بل في مواجهة التحديات.

<a href=""https://t.me/SakonHeart"">عباس محمود العقاد</a> ✍️"
309,"الكتاب الصديق الذي لا يغيره الزمن ولا تبدله الأيام.

<a href=""https://t.me/SakonHeart"">عباس محمود العقاد</a> ✍️"
310,"العلم كالماء والهواء، يجب أن يكون متاحاً للجميع.

<a href=""https://t.me/SakonHeart"">طه حسين</a> ✍️"
311,"الإرادة الصلبة هي التي تحول الظلام إلى نور ساطع.

<a href=""https://t.me/SakonHeart"">طه حسين</a> ✍️"
312,"لا قيمة للحرية إذا لم تقترن بالوعي والمعرفة.

<a href=""https://t.me/SakonHeart"">طه حسين</a> ✍️"
313,"الصبر والعزيمة هما الجناحان اللذان يحلقان بالإنسان إلى القمة.

<a href=""https://t.me/SakonHeart"">طه حسين</a> ✍️"
314,"التفكير هو العادة الأكثر نبلاً للإنسان.

<a href=""https://t.me/SakonHeart"">طه حسين</a> ✍️"
315,"الإنسان قضية، وليس مجرد جسم يمر عبر الزمان.

<a href=""https://t.me/SakonHeart"">غسان كنفاني</a> ✍️"
316,"سيجاء اليوم الذي نعرف فيه أن المبادئ أهم من المصالح.

<a href=""https://t.me/SakonHeart"">غسان كنفاني</a> ✍️"
317,"لن أستسلم للظروف، بل سأبني من الحجارة سُلمًا للنهوض.

<a href=""https://t.me/SakonHeart"">غسان كنفاني</a> ✍️"
318,"الأمل ليس أوهاماً، بل هو القوة التي تدفعنا للبقاء.

<a href=""https://t.me/SakonHeart"">غسان كنفاني</a> ✍️"
319,"الأفكار النبيلة تعيش أكثر من أصحابها.

<a href=""https://t.me/SakonHeart"">غسان كنفاني</a> ✍️"
320,"هناك دائمًا متسع للأمل في أشد اللحظات ظلمة.

<a href=""https://t.me/SakonHeart"">رضوى عاشور</a> ✍️"
321,"الذاكرة هي الوطن الحقيقي الذي لا يستطيع أحد سلبنا إياه.

<a href=""https://t.me/SakonHeart"">رضوى عاشور</a> ✍️"
322,"الصمود لا يعني ألا تتألم، بل أن تتألم وتواصل السير.

<a href=""https://t.me/SakonHeart"">رضوى عاشور</a> ✍️"
323,"في الهدوء يكمن سر القوة وفي الصدق يكمن الجمال.

<a href=""https://t.me/SakonHeart"">رضوى عاشور</a> ✍️"
324,"كل خطوة صادقة تقربنا من أحلامنا وإن طال الطريق.

<a href=""https://t.me/SakonHeart"">رضوى عاشور</a> ✍️"
325,"كن جميلاً ترَ الوجود جميلاً.

<a href=""https://t.me/SakonHeart"">إيليا أبو ماضي</a> ✍️"
326,"أيهذا الشاكي وما بك داء، كيف تغدو إذا غدوت عليلا؟

<a href=""https://t.me/SakonHeart"">إيليا أبو ماضي</a> ✍️"
327,"هشَّت لك الدنيا فما لك واجماً، وتبسَّمت فعلامَ لا تبتسمُ؟

<a href=""https://t.me/SakonHeart"">إيليا أبو ماضي</a> ✍️"
328,"إن الحياة حبور وعطاء، فلا تحرم نفسك فرحة العطاء.

<a href=""https://t.me/SakonHeart"">إيليا أبو ماضي</a> ✍️"
329,"الابتسامة تنير الوجه وتشرح الصدر.

<a href=""https://t.me/SakonHeart"">إيليا أبو ماضي</a> ✍️"
330,"على قدر أهل العزم تأتي العزائم، وتأتي على قدر الكرام المكارم.

<a href=""https://t.me/SakonHeart"">أبو الطيب المتنبي</a> ✍️"
331,"إذا غامَرْتَ في شَرَفٍ مَرُومِ، فَلا تَقْنَعْ بِمَا دُونَ النُّجُومِ.

<a href=""https://t.me/SakonHeart"">أبو الطيب المتنبي</a> ✍️"
332,"وإذا كانت النفوس كباراً، تعبت في مرادها الأجسامُ.

<a href=""https://t.me/SakonHeart"">أبو الطيب المتنبي</a> ✍️"
333,"الخَيْلُ وَاللَّيْلُ وَالبَيْداءُ تَعرِفُني، وَالسَيفُ وَالرُمحُ وَالقِرطاسُ وَالقَلَمُ.

<a href=""https://t.me/SakonHeart"">أبو الطيب المتنبي</a> ✍️"
334,"أَعَزُّ مَكانٍ في الدُنى زِينُ سابِحٍ، وَخَيرُ جَليسٍ في الزَمانِ كِتابُ.

<a href=""https://t.me/SakonHeart"">أبو الطيب المتنبي</a> ✍️"
335,"وما نَيْلُ المَطالِبِ بِالتَّمَنِّي، وَلَكِن تُؤْخَذُ الدُّنْيا غِلاباً.

<a href=""https://t.me/SakonHeart"">أحمد شوقي</a> ✍️"
336,"قُم لِلمُعَلِّمِ وَوَفِّهِ التَبجيلا، كادَ المُعَلِّمُ أَن يَكونَ رَسولا.

<a href=""https://t.me/SakonHeart"">أحمد شوقي</a> ✍️"
337,"وَإِنَّما الأُمَمُ الأَخلاقُ ما بَقِيَت، فَإِن هُمُ ذَهَبَت أَخلاقُهُم ذَهَبوا.

<a href=""https://t.me/SakonHeart"">أحمد شوقي</a> ✍️"
338,"وطني لو شُغِلتُ بالخُلدِ عنه، نازَعَتني إليه في الخُلدِ نفسي.

<a href=""https://t.me/SakonHeart"">أحمد شوقي</a> ✍️"
339,"الذوق السليم هو نتيجة العقل المنظم والقلب النقي.

<a href=""https://t.me/SakonHeart"">مي زيادة</a> ✍️"
340,"الجمال الحقيقي هو جمال الروح عندما تتجرد من الأنانية.

<a href=""https://t.me/SakonHeart"">مي زيادة</a> ✍️"
341,"الصمت أحياناً يكون لغة الفكر في أرقى صورة.

<a href=""https://t.me/SakonHeart"">مي زيادة</a> ✍️"
342,"الكلمات قد تغير مجرى القلوب إذا نبعت من الصدق.

<a href=""https://t.me/SakonHeart"">نزار قباني</a> ✍️"
343,"الحب في أعماقه هو احترامي لوجودك وكيانك.

<a href=""https://t.me/SakonHeart"">نزار قباني</a> ✍️"
344,"الأدب الحقيقي هو الذي يلمس الروح ويوقظ الفكر.

<a href=""https://t.me/SakonHeart"">نزار قباني</a> ✍️"
345,"الهوية ليست شيئاً معطى مرة واحدة، بل هي بناء مستمر.

<a href=""https://t.me/SakonHeart"">أمين معلوف</a> ✍️"
346,"التسامح هو الجسر الذي يعبر عليه البشر نحو السلام.

<a href=""https://t.me/SakonHeart"">أمين معلوف</a> ✍️"
347,"كل كتاب نقتنيه يمنحنا قطعة من العالم.

<a href=""https://t.me/SakonHeart"">أمين معلوف</a> ✍️"
348,"التاريخ لا يسير في خط مستقيم، بل يتشكل بعزيمة الشعوب.

<a href=""https://t.me/SakonHeart"">عبد الرحمن المنيف</a> ✍️"
349,"الوعي هو الخطوة الأولى نحو صناعة المستقبل.

<a href=""https://t.me/SakonHeart"">عبد الرحمن المنيف</a> ✍️"
350,"الكبرياء أن تقول لا شيء يوجعني، بينما كل الأشياء تؤلمك.

<a href=""https://t.me/SakonHeart"">أحلام مستغانمي</a> ✍️"
351,"أن تحب يعني أن تثق بالنور حتى في الظلام.

<a href=""https://t.me/SakonHeart"">أحلام مستغانمي</a> ✍️"
352,"الأحلام الكبيرة تحتاج إلى قلوب شجاعة تستوعبها.

<a href=""https://t.me/SakonHeart"">أحلام مستغانمي</a> ✍️"
353,"الخوف لا يمنع من الموت ولكنه يمنع من الحياة.

<a href=""https://t.me/SakonHeart"">نجيب محفوظ</a> ✍️"
354,"الوطن ليس رقعة أرض، بل هو القيمة التي تعيش في أروحنا.

<a href=""https://t.me/SakonHeart"">نجيب محفوظ</a> ✍️"
355,"عندما تحب شيئاً، فإنك تجده في كل مكان حولك.

<a href=""https://t.me/SakonHeart"">نجيب محفوظ</a> ✍️"
356,"الحرية هي ذلك الخيط الرفيع الذي يربط بين الكرامة والوجود.

<a href=""https://t.me/SakonHeart"">نجيب محفوظ</a> ✍️"
357,"أقصى درجات الصبر هو أن تنظر إلى الأشياء وتصمت وبداخلك بركان.

<a href=""https://t.me/SakonHeart"">نجيب محفوظ</a> ✍️"
358,"لا شيء يستحق الندم سوى ما أضعناه من أوقاتنا في غير فائدة.

<a href=""https://t.me/SakonHeart"">نجيب محفوظ</a> ✍️"
359,"إن السعادة الحقيقية تكمن في البساطة وعمق الرضا.

<a href=""https://t.me/SakonHeart"">نجيب محفوظ</a> ✍️"
360,"الحياة ليست سوى حلم، والعاقل من يجعله حلمًا جميلاً.

<a href=""https://t.me/SakonHeart"">نجيب محفوظ</a> ✍️"
361,"العقل الراجح هو الذي يعرف متى يتكلم ومتى يصمت.

<a href=""https://t.me/SakonHeart"">نجيب محفوظ</a> ✍️"
362,"أعظم الشجاعة هي أن تكون كما أنت في عالم يحاول تغطيتك.

<a href=""https://t.me/SakonHeart"">نجيب محفوظ</a> ✍️"
363,"على هذه الأرض ما يستحق الحياة.

<a href=""https://t.me/SakonHeart"">محمود درويش</a> ✍️"
364,"سأصير يوماً ما أريد.. سأصير يوماً طائراً، وأسلّ من عدمي وجودي.

<a href=""https://t.me/SakonHeart"">محمود درويش</a> ✍️"
365,"ونحن نحب الحياة إذا ما استطعنا إليها سبيلاً.

<a href=""https://t.me/SakonHeart"">محمود درويش</a> ✍️"
366,"في اللامبالاة تجلس السعادة مرفوعة الرأس.

<a href=""https://t.me/SakonHeart"">محمود درويش</a> ✍️"
367,"لا شيء يوجع العصفور مثل قفص من ذهب.

<a href=""https://t.me/SakonHeart"">محمود درويش</a> ✍️"
368,"أنا من هناك ولديّ خاطرة، ولي قمر وطيور وأشجار.

<a href=""https://t.me/SakonHeart"">محمود درويش</a> ✍️"
369,"الغياب هو أن تجلس بين الجمع ولا تشعر بأحد.

<a href=""https://t.me/SakonHeart"">محمود درويش</a> ✍️"
370,"الحب هو أن لا نرى في الآخر إلا ما يجعلنا أفضل.

<a href=""https://t.me/SakonHeart"">محمود درويش</a> ✍️"
371,"لا تعتذر عما فعلت، ففي الصدق نجاة النفس.

<a href=""https://t.me/SakonHeart"">محمود درويش</a> ✍️"
372,"النسيان تدريب للروح على مواصلة الطريق.

<a href=""https://t.me/SakonHeart"">محمود درويش</a> ✍️"
373,"المحبة لا تعطي إلا نفسها، ولا تأخذ إلا من نفسها.

<a href=""https://t.me/SakonHeart"">جبران خليل جبران</a> ✍️"
374,"أنت أعمى إذا لم ترَ الجمال في كل شيء حولك.

<a href=""https://t.me/SakonHeart"">جبران خليل جبران</a> ✍️"
375,"الحياة دون حلم كحديقة دون أزهار.

<a href=""https://t.me/SakonHeart"">جبران خليل جبران</a> ✍️"
376,"إن الصمت زهرة لا تفوح إلا في القلوب الصافية.

<a href=""https://t.me/SakonHeart"">جبران خليل جبران</a> ✍️"
377,"الشجرة التي تنمو بقوة لا تخاف من هبوب الرياح.

<a href=""https://t.me/SakonHeart"">جبران خليل جبران</a> ✍️"
378,"لا تدمس جمال اليوم بأحزان الأمس.

<a href=""https://t.me/SakonHeart"">جبران خليل جبران</a> ✍️"
379,"الإنسان لا يقاس بما يملكه، بل بما يعطيه للآخرين.

<a href=""https://t.me/SakonHeart"">جبران خليل جبران</a> ✍️"
380,"في عمق كل شتاء يكمن صيف لا ينتهي.

<a href=""https://t.me/SakonHeart"">جبران خليل جبران</a> ✍️"
381,"الكلمة الصادقة كالبذرة النبيلة تنبت ثماراً طيبة.

<a href=""https://t.me/SakonHeart"">جبران خليل جبران</a> ✍️"
382,"إذا أردت أن تفهم إنساناً، فاستمع إلى صمته قبل كلامه.

<a href=""https://t.me/SakonHeart"">جبران خليل جبران</a> ✍️"
383,"إذا لم تزد على الحياة شيئاً، فأنت زائد عليها.

<a href=""https://t.me/SakonHeart"">مصطفى صادق الرافعي</a> ✍️"
384,"الثقة بالنفس هي أول أسرار النجاح العظيم.

<a href=""https://t.me/SakonHeart"">مصطفى صادق الرافعي</a> ✍️"
385,"أجمل ما في الحياة أن تجد من يفهمك دون أن تتكلم.

<a href=""https://t.me/SakonHeart"">مصطفى صادق الرافعي</a> ✍️"
386,"القلب الصافي ينعكس ضوؤه على الوجه والأفعال.

<a href=""https://t.me/SakonHeart"">مصطفى صادق الرافعي</a> ✍️"
387,"لا قياس للجمال إلا بقدر ما يدخل من السكينة إلى الروح.

<a href=""https://t.me/SakonHeart"">مصطفى صادق الرافعي</a> ✍️"
388,"السعادة تأتي من الداخل، وليست شيئاً يُباع أو يُشترى.

<a href=""https://t.me/SakonHeart"">علي الطنطاوي</a> ✍️"
389,"اجعل حياتك مملوءة بالعمل الصالح، تجد الأنس في وحدتك.

<a href=""https://t.me/SakonHeart"">علي الطنطاوي</a> ✍️"
390,"رضا النفس هو الكنز الذي لا يفنى مع الزمن.

<a href=""https://t.me/SakonHeart"">علي الطنطاوي</a> ✍️"
391,"الكلمة الطيبة بلسم ينعش القلوب الجريحة.

<a href=""https://t.me/SakonHeart"">علي الطنطاوي</a> ✍️"
392,"أن تعيش يوماً صادقاً خير من أن تعيش عمراً من الادعاء.

<a href=""https://t.me/SakonHeart"">علي الطنطاوي</a> ✍️"
393,"القراءة تمنح الإنسان أكثر من حياة واحدة.

<a href=""https://t.me/SakonHeart"">عباس محمود العقاد</a> ✍️"
394,"الفكر الحر هو الطاقة التي تبني الحضارات.

<a href=""https://t.me/SakonHeart"">عباس محمود العقاد</a> ✍️"
395,"من لم يذق مرارة التعلم ساعة، تجرع ذل الجهل طوال حياته.

<a href=""https://t.me/SakonHeart"">عباس محمود العقاد</a> ✍️"
396,"الشخصية القوية لا تبنى بالراحة، بل في مواجهة التحديات.

<a href=""https://t.me/SakonHeart"">عباس محمود العقاد</a> ✍️"
397,"الكتاب الصديق الذي لا يغيره الزمن ولا تبدله الأيام.

<a href=""https://t.me/SakonHeart"">عباس محمود العقاد</a> ✍️"
398,"العلم كالماء والهواء، يجب أن يكون متاحاً للجميع.

<a href=""https://t.me/SakonHeart"">طه حسين</a> ✍️"
399,"الإرادة الصلبة هي التي تحول الظلام إلى نور ساطع.

<a href=""https://t.me/SakonHeart"">طه حسين</a> ✍️"
400,"لا قيمة للحرية إذا لم تقترن بالوعي والمعرفة.

<a href=""https://t.me/SakonHeart"">طه حسين</a> ✍️"
401,"الصبر والعزيمة هما الجناحان اللذان يحلقان بالإنسان إلى القمة.

<a href=""https://t.me/SakonHeart"">طه حسين</a> ✍️"
402,"التفكير هو العادة الأكثر نبلاً للإنسان.

<a href=""https://t.me/SakonHeart"">طه حسين</a> ✍️"
403,"الإنسان قضية، وليس مجرد جسم يمر عبر الزمان.

<a href=""https://t.me/SakonHeart"">غسان كنفاني</a> ✍️"
404,"سيجاء اليوم الذي نعرف فيه أن المبادئ أهم من المصالح.

<a href=""https://t.me/SakonHeart"">غسان كنفاني</a> ✍️"
405,"لن أستسلم للظروف، بل سأبني من الحجارة سُلمًا للنهوض.

<a href=""https://t.me/SakonHeart"">غسان كنفاني</a> ✍️"
406,"الأمل ليس أوهاماً، بل هو القوة التي تدفعنا للبقاء.

<a href=""https://t.me/SakonHeart"">غسان كنفاني</a> ✍️"
407,"الأفكار النبيلة تعيش أكثر من أصحابها.

<a href=""https://t.me/SakonHeart"">غسان كنفاني</a> ✍️"
408,"هناك دائمًا متسع للأمل في أشد اللحظات ظلمة.

<a href=""https://t.me/SakonHeart"">رضوى عاشور</a> ✍️"
409,"الذاكرة هي الوطن الحقيقي الذي لا يستطيع أحد سلبنا إياه.

<a href=""https://t.me/SakonHeart"">رضوى عاشور</a> ✍️"
410,"الصمود لا يعني ألا تتألم، بل أن تتألم وتواصل السير.

<a href=""https://t.me/SakonHeart"">رضوى عاشور</a> ✍️"
411,"في الهدوء يكمن سر القوة وفي الصدق يكمن الجمال.

<a href=""https://t.me/SakonHeart"">رضوى عاشور</a> ✍️"
412,"كل خطوة صادقة تقربنا من أحلامنا وإن طال الطريق.

<a href=""https://t.me/SakonHeart"">رضوى عاشور</a> ✍️"
413,"كن جميلاً ترَ الوجود جميلاً.

<a href=""https://t.me/SakonHeart"">إيليا أبو ماضي</a> ✍️"
414,"أيهذا الشاكي وما بك داء، كيف تغدو إذا غدوت عليلا؟

<a href=""https://t.me/SakonHeart"">إيليا أبو ماضي</a> ✍️"
415,"هشَّت لك الدنيا فما لك واجماً، وتبسَّمت فعلامَ لا تبتسمُ؟

<a href=""https://t.me/SakonHeart"">إيليا أبو ماضي</a> ✍️"
416,"إن الحياة حبور وعطاء، فلا تحرم نفسك فرحة العطاء.

<a href=""https://t.me/SakonHeart"">إيليا أبو ماضي</a> ✍️"
417,"الابتسامة تنير الوجه وتشرح الصدر.

<a href=""https://t.me/SakonHeart"">إيليا أبو ماضي</a> ✍️"
418,"على قدر أهل العزم تأتي العزائم، وتأتي على قدر الكرام المكارم.

<a href=""https://t.me/SakonHeart"">أبو الطيب المتنبي</a> ✍️"
419,"إذا غامَرْتَ في شَرَفٍ مَرُومِ، فَلا تَقْنَعْ بِمَا دُونَ النُّجُومِ.

<a href=""https://t.me/SakonHeart"">أبو الطيب المتنبي</a> ✍️"
420,"وإذا كانت النفوس كباراً، تعبت في مرادها الأجسامُ.

<a href=""https://t.me/SakonHeart"">أبو الطيب المتنبي</a> ✍️"
421,"الخَيْلُ وَاللَّيْلُ وَالبَيْداءُ تَعرِفُني، وَالسَيفُ وَالرُمحُ وَالقِرطاسُ وَالقَلَمُ.

<a href=""https://t.me/SakonHeart"">أبو الطيب المتنبي</a> ✍️"
422,"أَعَزُّ مَكانٍ في الدُنى زِينُ سابِحٍ، وَخَيرُ جَليسٍ في الزَمانِ كِتابُ.

<a href=""https://t.me/SakonHeart"">أبو الطيب المتنبي</a> ✍️"
423,"وما نَيْلُ المَطالِبِ بِالتَّمَنِّي، وَلَكِن تُؤْخَذُ الدُّنْيا غِلاباً.

<a href=""https://t.me/SakonHeart"">أحمد شوقي</a> ✍️"
424,"قُم لِلمُعَلِّمِ وَوَفِّهِ التَبجيلا، كادَ المُعَلِّمُ أَن يَكونَ رَسولا.

<a href=""https://t.me/SakonHeart"">أحمد شوقي</a> ✍️"
425,"وَإِنَّما الأُمَمُ الأَخلاقُ ما بَقِيَت، فَإِن هُمُ ذَهَبَت أَخلاقُهُم ذَهَبوا.

<a href=""https://t.me/SakonHeart"">أحمد شوقي</a> ✍️"
426,"وطني لو شُغِلتُ بالخُلدِ عنه، نازَعَتني إليه في الخُلدِ نفسي.

<a href=""https://t.me/SakonHeart"">أحمد شوقي</a> ✍️"
427,"الذوق السليم هو نتيجة العقل المنظم والقلب النقي.

<a href=""https://t.me/SakonHeart"">مي زيادة</a> ✍️"
428,"الجمال الحقيقي هو جمال الروح عندما تتجرد من الأنانية.

<a href=""https://t.me/SakonHeart"">مي زيادة</a> ✍️"
429,"الصمت أحياناً يكون لغة الفكر في أرقى صورة.

<a href=""https://t.me/SakonHeart"">مي زيادة</a> ✍️"
430,"الكلمات قد تغير مجرى القلوب إذا نبعت من الصدق.

<a href=""https://t.me/SakonHeart"">نزار قباني</a> ✍️"
431,"الحب في أعماقه هو احترامي لوجودك وكيانك.

<a href=""https://t.me/SakonHeart"">نزار قباني</a> ✍️"
432,"الأدب الحقيقي هو الذي يلمس الروح ويوقظ الفكر.

<a href=""https://t.me/SakonHeart"">نزار قباني</a> ✍️"
433,"الهوية ليست شيئاً معطى مرة واحدة، بل هي بناء مستمر.

<a href=""https://t.me/SakonHeart"">أمين معلوف</a> ✍️"
434,"التسامح هو الجسر الذي يعبر عليه البشر نحو السلام.

<a href=""https://t.me/SakonHeart"">أمين معلوف</a> ✍️"
435,"كل كتاب نقتنيه يمنحنا قطعة من العالم.

<a href=""https://t.me/SakonHeart"">أمين معلوف</a> ✍️"
436,"التاريخ لا يسير في خط مستقيم، بل يتشكل بعزيمة الشعوب.

<a href=""https://t.me/SakonHeart"">عبد الرحمن المنيف</a> ✍️"
437,"الوعي هو الخطوة الأولى نحو صناعة المستقبل.

<a href=""https://t.me/SakonHeart"">عبد الرحمن المنيف</a> ✍️"
438,"الكبرياء أن تقول لا شيء يوجعني، بينما كل الأشياء تؤلمك.

<a href=""https://t.me/SakonHeart"">أحلام مستغانمي</a> ✍️"
439,"أن تحب يعني أن تثق بالنور حتى في الظلام.

<a href=""https://t.me/SakonHeart"">أحلام مستغانمي</a> ✍️"
440,"الأحلام الكبيرة تحتاج إلى قلوب شجاعة تستوعبها.

<a href=""https://t.me/SakonHeart"">أحلام مستغانمي</a> ✍️"
441,"الخوف لا يمنع من الموت ولكنه يمنع من الحياة.

<a href=""https://t.me/SakonHeart"">نجيب محفوظ</a> ✍️"
442,"الوطن ليس رقعة أرض، بل هو القيمة التي تعيش في أروحنا.

<a href=""https://t.me/SakonHeart"">نجيب محفوظ</a> ✍️"
443,"عندما تحب شيئاً، فإنك تجده في كل مكان حولك.

<a href=""https://t.me/SakonHeart"">نجيب محفوظ</a> ✍️"
444,"الحرية هي ذلك الخيط الرفيع الذي يربط بين الكرامة والوجود.

<a href=""https://t.me/SakonHeart"">نجيب محفوظ</a> ✍️"
445,"أقصى درجات الصبر هو أن تنظر إلى الأشياء وتصمت وبداخلك بركان.

<a href=""https://t.me/SakonHeart"">نجيب محفوظ</a> ✍️"
446,"لا شيء يستحق الندم سوى ما أضعناه من أوقاتنا في غير فائدة.

<a href=""https://t.me/SakonHeart"">نجيب محفوظ</a> ✍️"
447,"إن السعادة الحقيقية تكمن في البساطة وعمق الرضا.

<a href=""https://t.me/SakonHeart"">نجيب محفوظ</a> ✍️"
448,"الحياة ليست سوى حلم، والعاقل من يجعله حلمًا جميلاً.

<a href=""https://t.me/SakonHeart"">نجيب محفوظ</a> ✍️"
449,"العقل الراجح هو الذي يعرف متى يتكلم ومتى يصمت.

<a href=""https://t.me/SakonHeart"">نجيب محفوظ</a> ✍️"
450,"أعظم الشجاعة هي أن تكون كما أنت في عالم يحاول تغطيتك.

<a href=""https://t.me/SakonHeart"">نجيب محفوظ</a> ✍️"
451,"على هذه الأرض ما يستحق الحياة.

<a href=""https://t.me/SakonHeart"">محمود درويش</a> ✍️"
452,"سأصير يوماً ما أريد.. سأصير يوماً طائراً، وأسلّ من عدمي وجودي.

<a href=""https://t.me/SakonHeart"">محمود درويش</a> ✍️"
453,"ونحن نحب الحياة إذا ما استطعنا إليها سبيلاً.

<a href=""https://t.me/SakonHeart"">محمود درويش</a> ✍️"
454,"في اللامبالاة تجلس السعادة مرفوعة الرأس.

<a href=""https://t.me/SakonHeart"">محمود درويش</a> ✍️"
455,"لا شيء يوجع العصفور مثل قفص من ذهب.

<a href=""https://t.me/SakonHeart"">محمود درويش</a> ✍️"
456,"أنا من هناك ولديّ خاطرة، ولي قمر وطيور وأشجار.

<a href=""https://t.me/SakonHeart"">محمود درويش</a> ✍️"
457,"الغياب هو أن تجلس بين الجمع ولا تشعر بأحد.

<a href=""https://t.me/SakonHeart"">محمود درويش</a> ✍️"
458,"الحب هو أن لا نرى في الآخر إلا ما يجعلنا أفضل.

<a href=""https://t.me/SakonHeart"">محمود درويش</a> ✍️"
459,"لا تعتذر عما فعلت، ففي الصدق نجاة النفس.

<a href=""https://t.me/SakonHeart"">محمود درويش</a> ✍️"
460,"النسيان تدريب للروح على مواصلة الطريق.

<a href=""https://t.me/SakonHeart"">محمود درويش</a> ✍️"
461,"المحبة لا تعطي إلا نفسها، ولا تأخذ إلا من نفسها.

<a href=""https://t.me/SakonHeart"">جبران خليل جبران</a> ✍️"
462,"أنت أعمى إذا لم ترَ الجمال في كل شيء حولك.

<a href=""https://t.me/SakonHeart"">جبران خليل جبران</a> ✍️"
463,"الحياة دون حلم كحديقة دون أزهار.

<a href=""https://t.me/SakonHeart"">جبران خليل جبران</a> ✍️"
464,"إن الصمت زهرة لا تفوح إلا في القلوب الصافية.

<a href=""https://t.me/SakonHeart"">جبران خليل جبران</a> ✍️"
465,"الشجرة التي تنمو بقوة لا تخاف من هبوب الرياح.

<a href=""https://t.me/SakonHeart"">جبران خليل جبران</a> ✍️"
466,"لا تدمس جمال اليوم بأحزان الأمس.

<a href=""https://t.me/SakonHeart"">جبران خليل جبران</a> ✍️"
467,"الإنسان لا يقاس بما يملكه، بل بما يعطيه للآخرين.

<a href=""https://t.me/SakonHeart"">جبران خليل جبران</a> ✍️"
468,"في عمق كل شتاء يكمن صيف لا ينتهي.

<a href=""https://t.me/SakonHeart"">جبران خليل جبران</a> ✍️"
469,"الكلمة الصادقة كالبذرة النبيلة تنبت ثماراً طيبة.

<a href=""https://t.me/SakonHeart"">جبران خليل جبران</a> ✍️"
470,"إذا أردت أن تفهم إنساناً، فاستمع إلى صمته قبل كلامه.

<a href=""https://t.me/SakonHeart"">جبران خليل جبران</a> ✍️"
471,"إذا لم تزد على الحياة شيئاً، فأنت زائد عليها.

<a href=""https://t.me/SakonHeart"">مصطفى صادق الرافعي</a> ✍️"
472,"الثقة بالنفس هي أول أسرار النجاح العظيم.

<a href=""https://t.me/SakonHeart"">مصطفى صادق الرافعي</a> ✍️"
473,"أجمل ما في الحياة أن تجد من يفهمك دون أن تتكلم.

<a href=""https://t.me/SakonHeart"">مصطفى صادق الرافعي</a> ✍️"
474,"القلب الصافي ينعكس ضوؤه على الوجه والأفعال.

<a href=""https://t.me/SakonHeart"">مصطفى صادق الرافعي</a> ✍️"
475,"لا قياس للجمال إلا بقدر ما يدخل من السكينة إلى الروح.

<a href=""https://t.me/SakonHeart"">مصطفى صادق الرافعي</a> ✍️"
476,"السعادة تأتي من الداخل، وليست شيئاً يُباع أو يُشترى.

<a href=""https://t.me/SakonHeart"">علي الطنطاوي</a> ✍️"
477,"اجعل حياتك مملوءة بالعمل الصالح، تجد الأنس في وحدتك.

<a href=""https://t.me/SakonHeart"">علي الطنطاوي</a> ✍️"
478,"رضا النفس هو الكنز الذي لا يفنى مع الزمن.

<a href=""https://t.me/SakonHeart"">علي الطنطاوي</a> ✍️"
479,"الكلمة الطيبة بلسم ينعش القلوب الجريحة.

<a href=""https://t.me/SakonHeart"">علي الطنطاوي</a> ✍️"
480,"أن تعيش يوماً صادقاً خير من أن تعيش عمراً من الادعاء.

<a href=""https://t.me/SakonHeart"">علي الطنطاوي</a> ✍️"
481,"القراءة تمنح الإنسان أكثر من حياة واحدة.

<a href=""https://t.me/SakonHeart"">عباس محمود العقاد</a> ✍️"
482,"الفكر الحر هو الطاقة التي تبني الحضارات.

<a href=""https://t.me/SakonHeart"">عباس محمود العقاد</a> ✍️"
483,"من لم يذق مرارة التعلم ساعة، تجرع ذل الجهل طوال حياته.

<a href=""https://t.me/SakonHeart"">عباس محمود العقاد</a> ✍️"
484,"الشخصية القوية لا تبنى بالراحة، بل في مواجهة التحديات.

<a href=""https://t.me/SakonHeart"">عباس محمود العقاد</a> ✍️"
485,"الكتاب الصديق الذي لا يغيره الزمن ولا تبدله الأيام.

<a href=""https://t.me/SakonHeart"">عباس محمود العقاد</a> ✍️"
486,"العلم كالماء والهواء، يجب أن يكون متاحاً للجميع.

<a href=""https://t.me/SakonHeart"">طه حسين</a> ✍️"
487,"الإرادة الصلبة هي التي تحول الظلام إلى نور ساطع.

<a href=""https://t.me/SakonHeart"">طه حسين</a> ✍️"
488,"لا قيمة للحرية إذا لم تقترن بالوعي والمعرفة.

<a href=""https://t.me/SakonHeart"">طه حسين</a> ✍️"
489,"الصبر والعزيمة هما الجناحان اللذان يحلقان بالإنسان إلى القمة.

<a href=""https://t.me/SakonHeart"">طه حسين</a> ✍️"
490,"التفكير هو العادة الأكثر نبلاً للإنسان.

<a href=""https://t.me/SakonHeart"">طه حسين</a> ✍️"
491,"الإنسان قضية، وليس مجرد جسم يمر عبر الزمان.

<a href=""https://t.me/SakonHeart"">غسان كنفاني</a> ✍️"
492,"سيجاء اليوم الذي نعرف فيه أن المبادئ أهم من المصالح.

<a href=""https://t.me/SakonHeart"">غسان كنفاني</a> ✍️"
493,"لن أستسلم للظروف، بل سأبني من الحجارة سُلمًا للنهوض.

<a href=""https://t.me/SakonHeart"">غسان كنفاني</a> ✍️"
494,"الأمل ليس أوهاماً، بل هو القوة التي تدفعنا للبقاء.

<a href=""https://t.me/SakonHeart"">غسان كنفاني</a> ✍️"
495,"الأفكار النبيلة تعيش أكثر من أصحابها.

<a href=""https://t.me/SakonHeart"">غسان كنفاني</a> ✍️"
496,"هناك دائمًا متسع للأمل في أشد اللحظات ظلمة.

<a href=""https://t.me/SakonHeart"">رضوى عاشور</a> ✍️"
497,"الذاكرة هي الوطن الحقيقي الذي لا يستطيع أحد سلبنا إياه.

<a href=""https://t.me/SakonHeart"">رضوى عاشور</a> ✍️"
498,"الصمود لا يعني ألا تتألم، بل أن تتألم وتواصل السير.

<a href=""https://t.me/SakonHeart"">رضوى عاشور</a> ✍️"
499,"في الهدوء يكمن سر القوة وفي الصدق يكمن الجمال.

<a href=""https://t.me/SakonHeart"">رضوى عاشور</a> ✍️"
500,"كل خطوة صادقة تقربنا من أحلامنا وإن طال الطريق.

<a href=""https://t.me/SakonHeart"">رضوى عاشور</a> ✍️"
501,"كن جميلاً ترَ الوجود جميلاً.

<a href=""https://t.me/SakonHeart"">إيليا أبو ماضي</a> ✍️"
502,"أيهذا الشاكي وما بك داء، كيف تغدو إذا غدوت عليلا؟

<a href=""https://t.me/SakonHeart"">إيليا أبو ماضي</a> ✍️"
503,"هشَّت لك الدنيا فما لك واجماً، وتبسَّمت فعلامَ لا تبتسمُ؟

<a href=""https://t.me/SakonHeart"">إيليا أبو ماضي</a> ✍️"
504,"إن الحياة حبور وعطاء، فلا تحرم نفسك فرحة العطاء.

<a href=""https://t.me/SakonHeart"">إيليا أبو ماضي</a> ✍️"
505,"الابتسامة تنير الوجه وتشرح الصدر.

<a href=""https://t.me/SakonHeart"">إيليا أبو ماضي</a> ✍️"
506,"على قدر أهل العزم تأتي العزائم، وتأتي على قدر الكرام المكارم.

<a href=""https://t.me/SakonHeart"">أبو الطيب المتنبي</a> ✍️"
507,"إذا غامَرْتَ في شَرَفٍ مَرُومِ، فَلا تَقْنَعْ بِمَا دُونَ النُّجُومِ.

<a href=""https://t.me/SakonHeart"">أبو الطيب المتنبي</a> ✍️"
508,"وإذا كانت النفوس كباراً، تعبت في مرادها الأجسامُ.

<a href=""https://t.me/SakonHeart"">أبو الطيب المتنبي</a> ✍️"
509,"الخَيْلُ وَاللَّيْلُ وَالبَيْداءُ تَعرِفُني، وَالسَيفُ وَالرُمحُ وَالقِرطاسُ وَالقَلَمُ.

<a href=""https://t.me/SakonHeart"">أبو الطيب المتنبي</a> ✍️"
510,"أَعَزُّ مَكانٍ في الدُنى زِينُ سابِحٍ، وَخَيرُ جَليسٍ في الزَمانِ كِتابُ.

<a href=""https://t.me/SakonHeart"">أبو الطيب المتنبي</a> ✍️"
511,"وما نَيْلُ المَطالِبِ بِالتَّمَنِّي، وَلَكِن تُؤْخَذُ الدُّنْيا غِلاباً.

<a href=""https://t.me/SakonHeart"">أحمد شوقي</a> ✍️"
512,"قُم لِلمُعَلِّمِ وَوَفِّهِ التَبجيلا، كادَ المُعَلِّمُ أَن يَكونَ رَسولا.

<a href=""https://t.me/SakonHeart"">أحمد شوقي</a> ✍️"
513,"وَإِنَّما الأُمَمُ الأَخلاقُ ما بَقِيَت، فَإِن هُمُ ذَهَبَت أَخلاقُهُم ذَهَبوا.

<a href=""https://t.me/SakonHeart"">أحمد شوقي</a> ✍️"
514,"وطني لو شُغِلتُ بالخُلدِ عنه، نازَعَتني إليه في الخُلدِ نفسي.

<a href=""https://t.me/SakonHeart"">أحمد شوقي</a> ✍️"
515,"الذوق السليم هو نتيجة العقل المنظم والقلب النقي.

<a href=""https://t.me/SakonHeart"">مي زيادة</a> ✍️"
516,"الجمال الحقيقي هو جمال الروح عندما تتجرد من الأنانية.

<a href=""https://t.me/SakonHeart"">مي زيادة</a> ✍️"
517,"الصمت أحياناً يكون لغة الفكر في أرقى صورة.

<a href=""https://t.me/SakonHeart"">مي زيادة</a> ✍️"
518,"الكلمات قد تغير مجرى القلوب إذا نبعت من الصدق.

<a href=""https://t.me/SakonHeart"">نزار قباني</a> ✍️"
519,"الحب في أعماقه هو احترامي لوجودك وكيانك.

<a href=""https://t.me/SakonHeart"">نزار قباني</a> ✍️"
520,"الأدب الحقيقي هو الذي يلمس الروح ويوقظ الفكر.

<a href=""https://t.me/SakonHeart"">نزار قباني</a> ✍️"
521,"الهوية ليست شيئاً معطى مرة واحدة، بل هي بناء مستمر.

<a href=""https://t.me/SakonHeart"">أمين معلوف</a> ✍️"
522,"التسامح هو الجسر الذي يعبر عليه البشر نحو السلام.

<a href=""https://t.me/SakonHeart"">أمين معلوف</a> ✍️"
523,"كل كتاب نقتنيه يمنحنا قطعة من العالم.

<a href=""https://t.me/SakonHeart"">أمين معلوف</a> ✍️"
524,"التاريخ لا يسير في خط مستقيم، بل يتشكل بعزيمة الشعوب.

<a href=""https://t.me/SakonHeart"">عبد الرحمن المنيف</a> ✍️"
525,"الوعي هو الخطوة الأولى نحو صناعة المستقبل.

<a href=""https://t.me/SakonHeart"">عبد الرحمن المنيف</a> ✍️"
526,"الكبرياء أن تقول لا شيء يوجعني، بينما كل الأشياء تؤلمك.

<a href=""https://t.me/SakonHeart"">أحلام مستغانمي</a> ✍️"
527,"أن تحب يعني أن تثق بالنور حتى في الظلام.

<a href=""https://t.me/SakonHeart"">أحلام مستغانمي</a> ✍️"
528,"الأحلام الكبيرة تحتاج إلى قلوب شجاعة تستوعبها.

<a href=""https://t.me/SakonHeart"">أحلام مستغانمي</a> ✍️"
529,"الخوف لا يمنع من الموت ولكنه يمنع من الحياة.

<a href=""https://t.me/SakonHeart"">نجيب محفوظ</a> ✍️"
530,"الوطن ليس رقعة أرض، بل هو القيمة التي تعيش في أروحنا.

<a href=""https://t.me/SakonHeart"">نجيب محفوظ</a> ✍️"
531,"عندما تحب شيئاً، فإنك تجده في كل مكان حولك.

<a href=""https://t.me/SakonHeart"">نجيب محفوظ</a> ✍️"
532,"الحرية هي ذلك الخيط الرفيع الذي يربط بين الكرامة والوجود.

<a href=""https://t.me/SakonHeart"">نجيب محفوظ</a> ✍️"
533,"أقصى درجات الصبر هو أن تنظر إلى الأشياء وتصمت وبداخلك بركان.

<a href=""https://t.me/SakonHeart"">نجيب محفوظ</a> ✍️"
534,"لا شيء يستحق الندم سوى ما أضعناه من أوقاتنا في غير فائدة.

<a href=""https://t.me/SakonHeart"">نجيب محفوظ</a> ✍️"
535,"إن السعادة الحقيقية تكمن في البساطة وعمق الرضا.

<a href=""https://t.me/SakonHeart"">نجيب محفوظ</a> ✍️"
536,"الحياة ليست سوى حلم، والعاقل من يجعله حلمًا جميلاً.

<a href=""https://t.me/SakonHeart"">نجيب محفوظ</a> ✍️"
537,"العقل الراجح هو الذي يعرف متى يتكلم ومتى يصمت.

<a href=""https://t.me/SakonHeart"">نجيب محفوظ</a> ✍️"
538,"أعظم الشجاعة هي أن تكون كما أنت في عالم يحاول تغطيتك.

<a href=""https://t.me/SakonHeart"">نجيب محفوظ</a> ✍️"
539,"على هذه الأرض ما يستحق الحياة.

<a href=""https://t.me/SakonHeart"">محمود درويش</a> ✍️"
540,"سأصير يوماً ما أريد.. سأصير يوماً طائراً، وأسلّ من عدمي وجودي.

<a href=""https://t.me/SakonHeart"">محمود درويش</a> ✍️"
541,"ونحن نحب الحياة إذا ما استطعنا إليها سبيلاً.

<a href=""https://t.me/SakonHeart"">محمود درويش</a> ✍️"
542,"في اللامبالاة تجلس السعادة مرفوعة الرأس.

<a href=""https://t.me/SakonHeart"">محمود درويش</a> ✍️"
543,"لا شيء يوجع العصفور مثل قفص من ذهب.

<a href=""https://t.me/SakonHeart"">محمود درويش</a> ✍️"
544,"أنا من هناك ولديّ خاطرة، ولي قمر وطيور وأشجار.

<a href=""https://t.me/SakonHeart"">محمود درويش</a> ✍️"
545,"الغياب هو أن تجلس بين الجمع ولا تشعر بأحد.

<a href=""https://t.me/SakonHeart"">محمود درويش</a> ✍️"
546,"الحب هو أن لا نرى في الآخر إلا ما يجعلنا أفضل.

<a href=""https://t.me/SakonHeart"">محمود درويش</a> ✍️"
547,"لا تعتذر عما فعلت، ففي الصدق نجاة النفس.

<a href=""https://t.me/SakonHeart"">محمود درويش</a> ✍️"
548,"النسيان تدريب للروح على مواصلة الطريق.

<a href=""https://t.me/SakonHeart"">محمود درويش</a> ✍️"
549,"المحبة لا تعطي إلا نفسها، ولا تأخذ إلا من نفسها.

<a href=""https://t.me/SakonHeart"">جبران خليل جبران</a> ✍️"
550,"أنت أعمى إذا لم ترَ الجمال في كل شيء حولك.

<a href=""https://t.me/SakonHeart"">جبران خليل جبران</a> ✍️"
551,"الحياة دون حلم كحديقة دون أزهار.

<a href=""https://t.me/SakonHeart"">جبران خليل جبران</a> ✍️"
552,"إن الصمت زهرة لا تفوح إلا في القلوب الصافية.

<a href=""https://t.me/SakonHeart"">جبران خليل جبران</a> ✍️"
553,"الشجرة التي تنمو بقوة لا تخاف من هبوب الرياح.

<a href=""https://t.me/SakonHeart"">جبران خليل جبران</a> ✍️"
554,"لا تدمس جمال اليوم بأحزان الأمس.

<a href=""https://t.me/SakonHeart"">جبران خليل جبران</a> ✍️"
555,"الإنسان لا يقاس بما يملكه، بل بما يعطيه للآخرين.

<a href=""https://t.me/SakonHeart"">جبران خليل جبران</a> ✍️"
556,"في عمق كل شتاء يكمن صيف لا ينتهي.

<a href=""https://t.me/SakonHeart"">جبران خليل جبران</a> ✍️"
557,"الكلمة الصادقة كالبذرة النبيلة تنبت ثماراً طيبة.

<a href=""https://t.me/SakonHeart"">جبران خليل جبران</a> ✍️"
558,"إذا أردت أن تفهم إنساناً، فاستمع إلى صمته قبل كلامه.

<a href=""https://t.me/SakonHeart"">جبران خليل جبران</a> ✍️"
559,"إذا لم تزد على الحياة شيئاً، فأنت زائد عليها.

<a href=""https://t.me/SakonHeart"">مصطفى صادق الرافعي</a> ✍️"
560,"الثقة بالنفس هي أول أسرار النجاح العظيم.

<a href=""https://t.me/SakonHeart"">مصطفى صادق الرافعي</a> ✍️"
561,"أجمل ما في الحياة أن تجد من يفهمك دون أن تتكلم.

<a href=""https://t.me/SakonHeart"">مصطفى صادق الرافعي</a> ✍️"
562,"القلب الصافي ينعكس ضوؤه على الوجه والأفعال.

<a href=""https://t.me/SakonHeart"">مصطفى صادق الرافعي</a> ✍️"
563,"لا قياس للجمال إلا بقدر ما يدخل من السكينة إلى الروح.

<a href=""https://t.me/SakonHeart"">مصطفى صادق الرافعي</a> ✍️"
564,"السعادة تأتي من الداخل، وليست شيئاً يُباع أو يُشترى.

<a href=""https://t.me/SakonHeart"">علي الطنطاوي</a> ✍️"
565,"اجعل حياتك مملوءة بالعمل الصالح، تجد الأنس في وحدتك.

<a href=""https://t.me/SakonHeart"">علي الطنطاوي</a> ✍️"
566,"رضا النفس هو الكنز الذي لا يفنى مع الزمن.

<a href=""https://t.me/SakonHeart"">علي الطنطاوي</a> ✍️"
567,"الكلمة الطيبة بلسم ينعش القلوب الجريحة.

<a href=""https://t.me/SakonHeart"">علي الطنطاوي</a> ✍️"
568,"أن تعيش يوماً صادقاً خير من أن تعيش عمراً من الادعاء.

<a href=""https://t.me/SakonHeart"">علي الطنطاوي</a> ✍️"
569,"القراءة تمنح الإنسان أكثر من حياة واحدة.

<a href=""https://t.me/SakonHeart"">عباس محمود العقاد</a> ✍️"
570,"الفكر الحر هو الطاقة التي تبني الحضارات.

<a href=""https://t.me/SakonHeart"">عباس محمود العقاد</a> ✍️"
571,"من لم يذق مرارة التعلم ساعة، تجرع ذل الجهل طوال حياته.

<a href=""https://t.me/SakonHeart"">عباس محمود العقاد</a> ✍️"
572,"الشخصية القوية لا تبنى بالراحة، بل في مواجهة التحديات.

<a href=""https://t.me/SakonHeart"">عباس محمود العقاد</a> ✍️"
573,"الكتاب الصديق الذي لا يغيره الزمن ولا تبدله الأيام.

<a href=""https://t.me/SakonHeart"">عباس محمود العقاد</a> ✍️"
574,"العلم كالماء والهواء، يجب أن يكون متاحاً للجميع.

<a href=""https://t.me/SakonHeart"">طه حسين</a> ✍️"
575,"الإرادة الصلبة هي التي تحول الظلام إلى نور ساطع.

<a href=""https://t.me/SakonHeart"">طه حسين</a> ✍️"
576,"لا قيمة للحرية إذا لم تقترن بالوعي والمعرفة.

<a href=""https://t.me/SakonHeart"">طه حسين</a> ✍️"
577,"الصبر والعزيمة هما الجناحان اللذان يحلقان بالإنسان إلى القمة.

<a href=""https://t.me/SakonHeart"">طه حسين</a> ✍️"
578,"التفكير هو العادة الأكثر نبلاً للإنسان.

<a href=""https://t.me/SakonHeart"">طه حسين</a> ✍️"
579,"الإنسان قضية، وليس مجرد جسم يمر عبر الزمان.

<a href=""https://t.me/SakonHeart"">غسان كنفاني</a> ✍️"
580,"سيجاء اليوم الذي نعرف فيه أن المبادئ أهم من المصالح.

<a href=""https://t.me/SakonHeart"">غسان كنفاني</a> ✍️"
581,"لن أستسلم للظروف، بل سأبني من الحجارة سُلمًا للنهوض.

<a href=""https://t.me/SakonHeart"">غسان كنفاني</a> ✍️"
582,"الأمل ليس أوهاماً، بل هو القوة التي تدفعنا للبقاء.

<a href=""https://t.me/SakonHeart"">غسان كنفاني</a> ✍️"
583,"الأفكار النبيلة تعيش أكثر من أصحابها.

<a href=""https://t.me/SakonHeart"">غسان كنفاني</a> ✍️"
584,"هناك دائمًا متسع للأمل في أشد اللحظات ظلمة.

<a href=""https://t.me/SakonHeart"">رضوى عاشور</a> ✍️"
585,"الذاكرة هي الوطن الحقيقي الذي لا يستطيع أحد سلبنا إياه.

<a href=""https://t.me/SakonHeart"">رضوى عاشور</a> ✍️"
586,"الصمود لا يعني ألا تتألم، بل أن تتألم وتواصل السير.

<a href=""https://t.me/SakonHeart"">رضوى عاشور</a> ✍️"
587,"في الهدوء يكمن سر القوة وفي الصدق يكمن الجمال.

<a href=""https://t.me/SakonHeart"">رضوى عاشور</a> ✍️"
588,"كل خطوة صادقة تقربنا من أحلامنا وإن طال الطريق.

<a href=""https://t.me/SakonHeart"">رضوى عاشور</a> ✍️"
589,"كن جميلاً ترَ الوجود جميلاً.

<a href=""https://t.me/SakonHeart"">إيليا أبو ماضي</a> ✍️"
590,"أيهذا الشاكي وما بك داء، كيف تغدو إذا غدوت عليلا؟

<a href=""https://t.me/SakonHeart"">إيليا أبو ماضي</a> ✍️"
591,"هشَّت لك الدنيا فما لك واجماً، وتبسَّمت فعلامَ لا تبتسمُ؟

<a href=""https://t.me/SakonHeart"">إيليا أبو ماضي</a> ✍️"
592,"إن الحياة حبور وعطاء، فلا تحرم نفسك فرحة العطاء.

<a href=""https://t.me/SakonHeart"">إيليا أبو ماضي</a> ✍️"
593,"الابتسامة تنير الوجه وتشرح الصدر.

<a href=""https://t.me/SakonHeart"">إيليا أبو ماضي</a> ✍️"
594,"على قدر أهل العزم تأتي العزائم، وتأتي على قدر الكرام المكارم.

<a href=""https://t.me/SakonHeart"">أبو الطيب المتنبي</a> ✍️"
595,"إذا غامَرْتَ في شَرَفٍ مَرُومِ، فَلا تَقْنَعْ بِمَا دُونَ النُّجُومِ.

<a href=""https://t.me/SakonHeart"">أبو الطيب المتنبي</a> ✍️"
596,"وإذا كانت النفوس كباراً، تعبت في مرادها الأجسامُ.

<a href=""https://t.me/SakonHeart"">أبو الطيب المتنبي</a> ✍️"
597,"الخَيْلُ وَاللَّيْلُ وَالبَيْداءُ تَعرِفُني، وَالسَيفُ وَالرُمحُ وَالقِرطاسُ وَالقَلَمُ.

<a href=""https://t.me/SakonHeart"">أبو الطيب المتنبي</a> ✍️"
598,"أَعَزُّ مَكانٍ في الدُنى زِينُ سابِحٍ، وَخَيرُ جَليسٍ في الزَمانِ كِتابُ.

<a href=""https://t.me/SakonHeart"">أبو الطيب المتنبي</a> ✍️"
599,"وما نَيْلُ المَطالِبِ بِالتَّمَنِّي، وَلَكِن تُؤْخَذُ الدُّنْيا غِلاباً.

<a href=""https://t.me/SakonHeart"">أحمد شوقي</a> ✍️"
600,"قُم لِلمُعَلِّمِ وَوَفِّهِ التَبجيلا، كادَ المُعَلِّمُ أَن يَكونَ رَسولا.

<a href=""https://t.me/SakonHeart"">أحمد شوقي</a> ✍️"
601,"وَإِنَّما الأُمَمُ الأَخلاقُ ما بَقِيَت، فَإِن هُمُ ذَهَبَت أَخلاقُهُم ذَهَبوا.

<a href=""https://t.me/SakonHeart"">أحمد شوقي</a> ✍️"
602,"وطني لو شُغِلتُ بالخُلدِ عنه، نازَعَتني إليه في الخُلدِ نفسي.

<a href=""https://t.me/SakonHeart"">أحمد شوقي</a> ✍️"
603,"الذوق السليم هو نتيجة العقل المنظم والقلب النقي.

<a href=""https://t.me/SakonHeart"">مي زيادة</a> ✍️"
604,"الجمال الحقيقي هو جمال الروح عندما تتجرد من الأنانية.

<a href=""https://t.me/SakonHeart"">مي زيادة</a> ✍️"
605,"الصمت أحياناً يكون لغة الفكر في أرقى صورة.

<a href=""https://t.me/SakonHeart"">مي زيادة</a> ✍️"
606,"الكلمات قد تغير مجرى القلوب إذا نبعت من الصدق.

<a href=""https://t.me/SakonHeart"">نزار قباني</a> ✍️"
607,"الحب في أعماقه هو احترامي لوجودك وكيانك.

<a href=""https://t.me/SakonHeart"">نزار قباني</a> ✍️"
608,"الأدب الحقيقي هو الذي يلمس الروح ويوقظ الفكر.

<a href=""https://t.me/SakonHeart"">نزار قباني</a> ✍️"
609,"الهوية ليست شيئاً معطى مرة واحدة، بل هي بناء مستمر.

<a href=""https://t.me/SakonHeart"">أمين معلوف</a> ✍️"
610,"التسامح هو الجسر الذي يعبر عليه البشر نحو السلام.

<a href=""https://t.me/SakonHeart"">أمين معلوف</a> ✍️"
611,"كل كتاب نقتنيه يمنحنا قطعة من العالم.

<a href=""https://t.me/SakonHeart"">أمين معلوف</a> ✍️"
612,"التاريخ لا يسير في خط مستقيم، بل يتشكل بعزيمة الشعوب.

<a href=""https://t.me/SakonHeart"">عبد الرحمن المنيف</a> ✍️"
613,"الوعي هو الخطوة الأولى نحو صناعة المستقبل.

<a href=""https://t.me/SakonHeart"">عبد الرحمن المنيف</a> ✍️"
614,"الكبرياء أن تقول لا شيء يوجعني، بينما كل الأشياء تؤلمك.

<a href=""https://t.me/SakonHeart"">أحلام مستغانمي</a> ✍️"
615,"أن تحب يعني أن تثق بالنور حتى في الظلام.

<a href=""https://t.me/SakonHeart"">أحلام مستغانمي</a> ✍️"
616,"الأحلام الكبيرة تحتاج إلى قلوب شجاعة تستوعبها.

<a href=""https://t.me/SakonHeart"">أحلام مستغانمي</a> ✍️"
617,"الخوف لا يمنع من الموت ولكنه يمنع من الحياة.

<a href=""https://t.me/SakonHeart"">نجيب محفوظ</a> ✍️"
618,"الوطن ليس رقعة أرض، بل هو القيمة التي تعيش في أروحنا.

<a href=""https://t.me/SakonHeart"">نجيب محفوظ</a> ✍️"
619,"عندما تحب شيئاً، فإنك تجده في كل مكان حولك.

<a href=""https://t.me/SakonHeart"">نجيب محفوظ</a> ✍️"
620,"الحرية هي ذلك الخيط الرفيع الذي يربط بين الكرامة والوجود.

<a href=""https://t.me/SakonHeart"">نجيب محفوظ</a> ✍️"
621,"أقصى درجات الصبر هو أن تنظر إلى الأشياء وتصمت وبداخلك بركان.

<a href=""https://t.me/SakonHeart"">نجيب محفوظ</a> ✍️"
622,"لا شيء يستحق الندم سوى ما أضعناه من أوقاتنا في غير فائدة.

<a href=""https://t.me/SakonHeart"">نجيب محفوظ</a> ✍️"
623,"إن السعادة الحقيقية تكمن في البساطة وعمق الرضا.

<a href=""https://t.me/SakonHeart"">نجيب محفوظ</a> ✍️"
624,"الحياة ليست سوى حلم، والعاقل من يجعله حلمًا جميلاً.

<a href=""https://t.me/SakonHeart"">نجيب محفوظ</a> ✍️"
625,"العقل الراجح هو الذي يعرف متى يتكلم ومتى يصمت.

<a href=""https://t.me/SakonHeart"">نجيب محفوظ</a> ✍️"
626,"أعظم الشجاعة هي أن تكون كما أنت في عالم يحاول تغطيتك.

<a href=""https://t.me/SakonHeart"">نجيب محفوظ</a> ✍️"
627,"على هذه الأرض ما يستحق الحياة.

<a href=""https://t.me/SakonHeart"">محمود درويش</a> ✍️"
628,"سأصير يوماً ما أريد.. سأصير يوماً طائراً، وأسلّ من عدمي وجودي.

<a href=""https://t.me/SakonHeart"">محمود درويش</a> ✍️"
629,"ونحن نحب الحياة إذا ما استطعنا إليها سبيلاً.

<a href=""https://t.me/SakonHeart"">محمود درويش</a> ✍️"
630,"في اللامبالاة تجلس السعادة مرفوعة الرأس.

<a href=""https://t.me/SakonHeart"">محمود درويش</a> ✍️"
631,"لا شيء يوجع العصفور مثل قفص من ذهب.

<a href=""https://t.me/SakonHeart"">محمود درويش</a> ✍️"
632,"أنا من هناك ولديّ خاطرة، ولي قمر وطيور وأشجار.

<a href=""https://t.me/SakonHeart"">محمود درويش</a> ✍️"
633,"الغياب هو أن تجلس بين الجمع ولا تشعر بأحد.

<a href=""https://t.me/SakonHeart"">محمود درويش</a> ✍️"
634,"الحب هو أن لا نرى في الآخر إلا ما يجعلنا أفضل.

<a href=""https://t.me/SakonHeart"">محمود درويش</a> ✍️"
635,"لا تعتذر عما فعلت، ففي الصدق نجاة النفس.

<a href=""https://t.me/SakonHeart"">محمود درويش</a> ✍️"
636,"النسيان تدريب للروح على مواصلة الطريق.

<a href=""https://t.me/SakonHeart"">محمود درويش</a> ✍️"
637,"المحبة لا تعطي إلا نفسها، ولا تأخذ إلا من نفسها.

<a href=""https://t.me/SakonHeart"">جبران خليل جبران</a> ✍️"
638,"أنت أعمى إذا لم ترَ الجمال في كل شيء حولك.

<a href=""https://t.me/SakonHeart"">جبران خليل جبران</a> ✍️"
639,"الحياة دون حلم كحديقة دون أزهار.

<a href=""https://t.me/SakonHeart"">جبران خليل جبران</a> ✍️"
640,"إن الصمت زهرة لا تفوح إلا في القلوب الصافية.

<a href=""https://t.me/SakonHeart"">جبران خليل جبران</a> ✍️"
641,"الشجرة التي تنمو بقوة لا تخاف من هبوب الرياح.

<a href=""https://t.me/SakonHeart"">جبران خليل جبران</a> ✍️"
642,"لا تدمس جمال اليوم بأحزان الأمس.

<a href=""https://t.me/SakonHeart"">جبران خليل جبران</a> ✍️"
643,"الإنسان لا يقاس بما يملكه، بل بما يعطيه للآخرين.

<a href=""https://t.me/SakonHeart"">جبران خليل جبران</a> ✍️"
644,"في عمق كل شتاء يكمن صيف لا ينتهي.

<a href=""https://t.me/SakonHeart"">جبران خليل جبران</a> ✍️"
645,"الكلمة الصادقة كالبذرة النبيلة تنبت ثماراً طيبة.

<a href=""https://t.me/SakonHeart"">جبران خليل جبران</a> ✍️"
646,"إذا أردت أن تفهم إنساناً، فاستمع إلى صمته قبل كلامه.

<a href=""https://t.me/SakonHeart"">جبران خليل جبران</a> ✍️"
647,"إذا لم تزد على الحياة شيئاً، فأنت زائد عليها.

<a href=""https://t.me/SakonHeart"">مصطفى صادق الرافعي</a> ✍️"
648,"الثقة بالنفس هي أول أسرار النجاح العظيم.

<a href=""https://t.me/SakonHeart"">مصطفى صادق الرافعي</a> ✍️"
649,"أجمل ما في الحياة أن تجد من يفهمك دون أن تتكلم.

<a href=""https://t.me/SakonHeart"">مصطفى صادق الرافعي</a> ✍️"
650,"القلب الصافي ينعكس ضوؤه على الوجه والأفعال.

<a href=""https://t.me/SakonHeart"">مصطفى صادق الرافعي</a> ✍️"
651,"لا قياس للجمال إلا بقدر ما يدخل من السكينة إلى الروح.

<a href=""https://t.me/SakonHeart"">مصطفى صادق الرافعي</a> ✍️"
652,"السعادة تأتي من الداخل، وليست شيئاً يُباع أو يُشترى.

<a href=""https://t.me/SakonHeart"">علي الطنطاوي</a> ✍️"
653,"اجعل حياتك مملوءة بالعمل الصالح، تجد الأنس في وحدتك.

<a href=""https://t.me/SakonHeart"">علي الطنطاوي</a> ✍️"
654,"رضا النفس هو الكنز الذي لا يفنى مع الزمن.

<a href=""https://t.me/SakonHeart"">علي الطنطاوي</a> ✍️"
655,"الكلمة الطيبة بلسم ينعش القلوب الجريحة.

<a href=""https://t.me/SakonHeart"">علي الطنطاوي</a> ✍️"
656,"أن تعيش يوماً صادقاً خير من أن تعيش عمراً من الادعاء.

<a href=""https://t.me/SakonHeart"">علي الطنطاوي</a> ✍️"
657,"القراءة تمنح الإنسان أكثر من حياة واحدة.

<a href=""https://t.me/SakonHeart"">عباس محمود العقاد</a> ✍️"
658,"الفكر الحر هو الطاقة التي تبني الحضارات.

<a href=""https://t.me/SakonHeart"">عباس محمود العقاد</a> ✍️"
659,"من لم يذق مرارة التعلم ساعة، تجرع ذل الجهل طوال حياته.

<a href=""https://t.me/SakonHeart"">عباس محمود العقاد</a> ✍️"
660,"الشخصية القوية لا تبنى بالراحة، بل في مواجهة التحديات.

<a href=""https://t.me/SakonHeart"">عباس محمود العقاد</a> ✍️"
661,"الكتاب الصديق الذي لا يغيره الزمن ولا تبدله الأيام.

<a href=""https://t.me/SakonHeart"">عباس محمود العقاد</a> ✍️"
662,"العلم كالماء والهواء، يجب أن يكون متاحاً للجميع.

<a href=""https://t.me/SakonHeart"">طه حسين</a> ✍️"
663,"الإرادة الصلبة هي التي تحول الظلام إلى نور ساطع.

<a href=""https://t.me/SakonHeart"">طه حسين</a> ✍️"
664,"لا قيمة للحرية إذا لم تقترن بالوعي والمعرفة.

<a href=""https://t.me/SakonHeart"">طه حسين</a> ✍️"
665,"الصبر والعزيمة هما الجناحان اللذان يحلقان بالإنسان إلى القمة.

<a href=""https://t.me/SakonHeart"">طه حسين</a> ✍️"
666,"التفكير هو العادة الأكثر نبلاً للإنسان.

<a href=""https://t.me/SakonHeart"">طه حسين</a> ✍️"
667,"الإنسان قضية، وليس مجرد جسم يمر عبر الزمان.

<a href=""https://t.me/SakonHeart"">غسان كنفاني</a> ✍️"
668,"سيجاء اليوم الذي نعرف فيه أن المبادئ أهم من المصالح.

<a href=""https://t.me/SakonHeart"">غسان كنفاني</a> ✍️"
669,"لن أستسلم للظروف، بل سأبني من الحجارة سُلمًا للنهوض.

<a href=""https://t.me/SakonHeart"">غسان كنفاني</a> ✍️"
670,"الأمل ليس أوهاماً، بل هو القوة التي تدفعنا للبقاء.

<a href=""https://t.me/SakonHeart"">غسان كنفاني</a> ✍️"
671,"الأفكار النبيلة تعيش أكثر من أصحابها.

<a href=""https://t.me/SakonHeart"">غسان كنفاني</a> ✍️"
672,"هناك دائمًا متسع للأمل في أشد اللحظات ظلمة.

<a href=""https://t.me/SakonHeart"">رضوى عاشور</a> ✍️"
673,"الذاكرة هي الوطن الحقيقي الذي لا يستطيع أحد سلبنا إياه.

<a href=""https://t.me/SakonHeart"">رضوى عاشور</a> ✍️"
674,"الصمود لا يعني ألا تتألم، بل أن تتألم وتواصل السير.

<a href=""https://t.me/SakonHeart"">رضوى عاشور</a> ✍️"
675,"في الهدوء يكمن سر القوة وفي الصدق يكمن الجمال.

<a href=""https://t.me/SakonHeart"">رضوى عاشور</a> ✍️"
676,"كل خطوة صادقة تقربنا من أحلامنا وإن طال الطريق.

<a href=""https://t.me/SakonHeart"">رضوى عاشور</a> ✍️"
677,"كن جميلاً ترَ الوجود جميلاً.

<a href=""https://t.me/SakonHeart"">إيليا أبو ماضي</a> ✍️"
678,"أيهذا الشاكي وما بك داء، كيف تغدو إذا غدوت عليلا؟

<a href=""https://t.me/SakonHeart"">إيليا أبو ماضي</a> ✍️"
679,"هشَّت لك الدنيا فما لك واجماً، وتبسَّمت فعلامَ لا تبتسمُ؟

<a href=""https://t.me/SakonHeart"">إيليا أبو ماضي</a> ✍️"
680,"إن الحياة حبور وعطاء، فلا تحرم نفسك فرحة العطاء.

<a href=""https://t.me/SakonHeart"">إيليا أبو ماضي</a> ✍️"
681,"الابتسامة تنير الوجه وتشرح الصدر.

<a href=""https://t.me/SakonHeart"">إيليا أبو ماضي</a> ✍️"
682,"على قدر أهل العزم تأتي العزائم، وتأتي على قدر الكرام المكارم.

<a href=""https://t.me/SakonHeart"">أبو الطيب المتنبي</a> ✍️"
683,"إذا غامَرْتَ في شَرَفٍ مَرُومِ، فَلا تَقْنَعْ بِمَا دُونَ النُّجُومِ.

<a href=""https://t.me/SakonHeart"">أبو الطيب المتنبي</a> ✍️"
684,"وإذا كانت النفوس كباراً، تعبت في مرادها الأجسامُ.

<a href=""https://t.me/SakonHeart"">أبو الطيب المتنبي</a> ✍️"
685,"الخَيْلُ وَاللَّيْلُ وَالبَيْداءُ تَعرِفُني، وَالسَيفُ وَالرُمحُ وَالقِرطاسُ وَالقَلَمُ.

<a href=""https://t.me/SakonHeart"">أبو الطيب المتنبي</a> ✍️"
686,"أَعَزُّ مَكانٍ في الدُنى زِينُ سابِحٍ، وَخَيرُ جَليسٍ في الزَمانِ كِتابُ.

<a href=""https://t.me/SakonHeart"">أبو الطيب المتنبي</a> ✍️"
687,"وما نَيْلُ المَطالِبِ بِالتَّمَنِّي، وَلَكِن تُؤْخَذُ الدُّنْيا غِلاباً.

<a href=""https://t.me/SakonHeart"">أحمد شوقي</a> ✍️"
688,"قُم لِلمُعَلِّمِ وَوَفِّهِ التَبجيلا، كادَ المُعَلِّمُ أَن يَكونَ رَسولا.

<a href=""https://t.me/SakonHeart"">أحمد شوقي</a> ✍️"
689,"وَإِنَّما الأُمَمُ الأَخلاقُ ما بَقِيَت، فَإِن هُمُ ذَهَبَت أَخلاقُهُم ذَهَبوا.

<a href=""https://t.me/SakonHeart"">أحمد شوقي</a> ✍️"
690,"وطني لو شُغِلتُ بالخُلدِ عنه، نازَعَتني إليه في الخُلدِ نفسي.

<a href=""https://t.me/SakonHeart"">أحمد شوقي</a> ✍️"
691,"الذوق السليم هو نتيجة العقل المنظم والقلب النقي.

<a href=""https://t.me/SakonHeart"">مي زيادة</a> ✍️"
692,"الجمال الحقيقي هو جمال الروح عندما تتجرد من الأنانية.

<a href=""https://t.me/SakonHeart"">مي زيادة</a> ✍️"
693,"الصمت أحياناً يكون لغة الفكر في أرقى صورة.

<a href=""https://t.me/SakonHeart"">مي زيادة</a> ✍️"
694,"الكلمات قد تغير مجرى القلوب إذا نبعت من الصدق.

<a href=""https://t.me/SakonHeart"">نزار قباني</a> ✍️"
695,"الحب في أعماقه هو احترامي لوجودك وكيانك.

<a href=""https://t.me/SakonHeart"">نزار قباني</a> ✍️"
696,"الأدب الحقيقي هو الذي يلمس الروح ويوقظ الفكر.

<a href=""https://t.me/SakonHeart"">نزار قباني</a> ✍️"
697,"الهوية ليست شيئاً معطى مرة واحدة، بل هي بناء مستمر.

<a href=""https://t.me/SakonHeart"">أمين معلوف</a> ✍️"
698,"التسامح هو الجسر الذي يعبر عليه البشر نحو السلام.

<a href=""https://t.me/SakonHeart"">أمين معلوف</a> ✍️"
699,"كل كتاب نقتنيه يمنحنا قطعة من العالم.

<a href=""https://t.me/SakonHeart"">أمين معلوف</a> ✍️"
700,"التاريخ لا يسير في خط مستقيم، بل يتشكل بعزيمة الشعوب.

<a href=""https://t.me/SakonHeart"">عبد الرحمن المنيف</a> ✍️"
701,"الوعي هو الخطوة الأولى نحو صناعة المستقبل.

<a href=""https://t.me/SakonHeart"">عبد الرحمن المنيف</a> ✍️"
702,"الكبرياء أن تقول لا شيء يوجعني، بينما كل الأشياء تؤلمك.

<a href=""https://t.me/SakonHeart"">أحلام مستغانمي</a> ✍️"
703,"أن تحب يعني أن تثق بالنور حتى في الظلام.

<a href=""https://t.me/SakonHeart"">أحلام مستغانمي</a> ✍️"
704,"الأحلام الكبيرة تحتاج إلى قلوب شجاعة تستوعبها.

<a href=""https://t.me/SakonHeart"">أحلام مستغانمي</a> ✍️"
705,"الخوف لا يمنع من الموت ولكنه يمنع من الحياة.

<a href=""https://t.me/SakonHeart"">نجيب محفوظ</a> ✍️"
706,"الوطن ليس رقعة أرض، بل هو القيمة التي تعيش في أروحنا.

<a href=""https://t.me/SakonHeart"">نجيب محفوظ</a> ✍️"
707,"عندما تحب شيئاً، فإنك تجده في كل مكان حولك.

<a href=""https://t.me/SakonHeart"">نجيب محفوظ</a> ✍️"
708,"الحرية هي ذلك الخيط الرفيع الذي يربط بين الكرامة والوجود.

<a href=""https://t.me/SakonHeart"">نجيب محفوظ</a> ✍️"
709,"أقصى درجات الصبر هو أن تنظر إلى الأشياء وتصمت وبداخلك بركان.

<a href=""https://t.me/SakonHeart"">نجيب محفوظ</a> ✍️"
710,"لا شيء يستحق الندم سوى ما أضعناه من أوقاتنا في غير فائدة.

<a href=""https://t.me/SakonHeart"">نجيب محفوظ</a> ✍️"
711,"إن السعادة الحقيقية تكمن في البساطة وعمق الرضا.

<a href=""https://t.me/SakonHeart"">نجيب محفوظ</a> ✍️"
712,"الحياة ليست سوى حلم، والعاقل من يجعله حلمًا جميلاً.

<a href=""https://t.me/SakonHeart"">نجيب محفوظ</a> ✍️"
713,"العقل الراجح هو الذي يعرف متى يتكلم ومتى يصمت.

<a href=""https://t.me/SakonHeart"">نجيب محفوظ</a> ✍️"
714,"أعظم الشجاعة هي أن تكون كما أنت في عالم يحاول تغطيتك.

<a href=""https://t.me/SakonHeart"">نجيب محفوظ</a> ✍️"
715,"على هذه الأرض ما يستحق الحياة.

<a href=""https://t.me/SakonHeart"">محمود درويش</a> ✍️"
716,"سأصير يوماً ما أريد.. سأصير يوماً طائراً، وأسلّ من عدمي وجودي.

<a href=""https://t.me/SakonHeart"">محمود درويش</a> ✍️"
717,"ونحن نحب الحياة إذا ما استطعنا إليها سبيلاً.

<a href=""https://t.me/SakonHeart"">محمود درويش</a> ✍️"
718,"في اللامبالاة تجلس السعادة مرفوعة الرأس.

<a href=""https://t.me/SakonHeart"">محمود درويش</a> ✍️"
719,"لا شيء يوجع العصفور مثل قفص من ذهب.

<a href=""https://t.me/SakonHeart"">محمود درويش</a> ✍️"
720,"أنا من هناك ولديّ خاطرة، ولي قمر وطيور وأشجار.

<a href=""https://t.me/SakonHeart"">محمود درويش</a> ✍️"
721,"الغياب هو أن تجلس بين الجمع ولا تشعر بأحد.

<a href=""https://t.me/SakonHeart"">محمود درويش</a> ✍️"
722,"الحب هو أن لا نرى في الآخر إلا ما يجعلنا أفضل.

<a href=""https://t.me/SakonHeart"">محمود درويش</a> ✍️"
723,"لا تعتذر عما فعلت، ففي الصدق نجاة النفس.

<a href=""https://t.me/SakonHeart"">محمود درويش</a> ✍️"
724,"النسيان تدريب للروح على مواصلة الطريق.

<a href=""https://t.me/SakonHeart"">محمود درويش</a> ✍️"
725,"المحبة لا تعطي إلا نفسها، ولا تأخذ إلا من نفسها.

<a href=""https://t.me/SakonHeart"">جبران خليل جبران</a> ✍️"
726,"أنت أعمى إذا لم ترَ الجمال في كل شيء حولك.

<a href=""https://t.me/SakonHeart"">جبران خليل جبران</a> ✍️"
727,"الحياة دون حلم كحديقة دون أزهار.

<a href=""https://t.me/SakonHeart"">جبران خليل جبران</a> ✍️"
728,"إن الصمت زهرة لا تفوح إلا في القلوب الصافية.

<a href=""https://t.me/SakonHeart"">جبران خليل جبران</a> ✍️"
729,"الشجرة التي تنمو بقوة لا تخاف من هبوب الرياح.

<a href=""https://t.me/SakonHeart"">جبران خليل جبران</a> ✍️"
730,"لا تدمس جمال اليوم بأحزان الأمس.

<a href=""https://t.me/SakonHeart"">جبران خليل جبران</a> ✍️"
731,"الإنسان لا يقاس بما يملكه، بل بما يعطيه للآخرين.

<a href=""https://t.me/SakonHeart"">جبران خليل جبران</a> ✍️"
732,"في عمق كل شتاء يكمن صيف لا ينتهي.

<a href=""https://t.me/SakonHeart"">جبران خليل جبران</a> ✍️"
733,"الكلمة الصادقة كالبذرة النبيلة تنبت ثماراً طيبة.

<a href=""https://t.me/SakonHeart"">جبران خليل جبران</a> ✍️"
734,"إذا أردت أن تفهم إنساناً، فاستمع إلى صمته قبل كلامه.

<a href=""https://t.me/SakonHeart"">جبران خليل جبران</a> ✍️"
735,"إذا لم تزد على الحياة شيئاً، فأنت زائد عليها.

<a href=""https://t.me/SakonHeart"">مصطفى صادق الرافعي</a> ✍️"
736,"الثقة بالنفس هي أول أسرار النجاح العظيم.

<a href=""https://t.me/SakonHeart"">مصطفى صادق الرافعي</a> ✍️"
737,"أجمل ما في الحياة أن تجد من يفهمك دون أن تتكلم.

<a href=""https://t.me/SakonHeart"">مصطفى صادق الرافعي</a> ✍️"
738,"القلب الصافي ينعكس ضوؤه على الوجه والأفعال.

<a href=""https://t.me/SakonHeart"">مصطفى صادق الرافعي</a> ✍️"
739,"لا قياس للجمال إلا بقدر ما يدخل من السكينة إلى الروح.

<a href=""https://t.me/SakonHeart"">مصطفى صادق الرافعي</a> ✍️"
740,"السعادة تأتي من الداخل، وليست شيئاً يُباع أو يُشترى.

<a href=""https://t.me/SakonHeart"">علي الطنطاوي</a> ✍️"
741,"اجعل حياتك مملوءة بالعمل الصالح، تجد الأنس في وحدتك.

<a href=""https://t.me/SakonHeart"">علي الطنطاوي</a> ✍️"
742,"رضا النفس هو الكنز الذي لا يفنى مع الزمن.

<a href=""https://t.me/SakonHeart"">علي الطنطاوي</a> ✍️"
743,"الكلمة الطيبة بلسم ينعش القلوب الجريحة.

<a href=""https://t.me/SakonHeart"">علي الطنطاوي</a> ✍️"
744,"أن تعيش يوماً صادقاً خير من أن تعيش عمراً من الادعاء.

<a href=""https://t.me/SakonHeart"">علي الطنطاوي</a> ✍️"
745,"القراءة تمنح الإنسان أكثر من حياة واحدة.

<a href=""https://t.me/SakonHeart"">عباس محمود العقاد</a> ✍️"
746,"الفكر الحر هو الطاقة التي تبني الحضارات.

<a href=""https://t.me/SakonHeart"">عباس محمود العقاد</a> ✍️"
747,"من لم يذق مرارة التعلم ساعة، تجرع ذل الجهل طوال حياته.

<a href=""https://t.me/SakonHeart"">عباس محمود العقاد</a> ✍️"
748,"الشخصية القوية لا تبنى بالراحة، بل في مواجهة التحديات.

<a href=""https://t.me/SakonHeart"">عباس محمود العقاد</a> ✍️"
749,"الكتاب الصديق الذي لا يغيره الزمن ولا تبدله الأيام.

<a href=""https://t.me/SakonHeart"">عباس محمود العقاد</a> ✍️"
750,"العلم كالماء والهواء، يجب أن يكون متاحاً للجميع.

<a href=""https://t.me/SakonHeart"">طه حسين</a> ✍️"
751,"الإرادة الصلبة هي التي تحول الظلام إلى نور ساطع.

<a href=""https://t.me/SakonHeart"">طه حسين</a> ✍️"
752,"لا قيمة للحرية إذا لم تقترن بالوعي والمعرفة.

<a href=""https://t.me/SakonHeart"">طه حسين</a> ✍️"
753,"الصبر والعزيمة هما الجناحان اللذان يحلقان بالإنسان إلى القمة.

<a href=""https://t.me/SakonHeart"">طه حسين</a> ✍️"
754,"التفكير هو العادة الأكثر نبلاً للإنسان.

<a href=""https://t.me/SakonHeart"">طه حسين</a> ✍️"
755,"الإنسان قضية، وليس مجرد جسم يمر عبر الزمان.

<a href=""https://t.me/SakonHeart"">غسان كنفاني</a> ✍️"
756,"سيجاء اليوم الذي نعرف فيه أن المبادئ أهم من المصالح.

<a href=""https://t.me/SakonHeart"">غسان كنفاني</a> ✍️"
757,"لن أستسلم للظروف، بل سأبني من الحجارة سُلمًا للنهوض.

<a href=""https://t.me/SakonHeart"">غسان كنفاني</a> ✍️"
758,"الأمل ليس أوهاماً، بل هو القوة التي تدفعنا للبقاء.

<a href=""https://t.me/SakonHeart"">غسان كنفاني</a> ✍️"
759,"الأفكار النبيلة تعيش أكثر من أصحابها.

<a href=""https://t.me/SakonHeart"">غسان كنفاني</a> ✍️"
760,"هناك دائمًا متسع للأمل في أشد اللحظات ظلمة.

<a href=""https://t.me/SakonHeart"">رضوى عاشور</a> ✍️"
761,"الذاكرة هي الوطن الحقيقي الذي لا يستطيع أحد سلبنا إياه.

<a href=""https://t.me/SakonHeart"">رضوى عاشور</a> ✍️"
762,"الصمود لا يعني ألا تتألم، بل أن تتألم وتواصل السير.

<a href=""https://t.me/SakonHeart"">رضوى عاشور</a> ✍️"
763,"في الهدوء يكمن سر القوة وفي الصدق يكمن الجمال.

<a href=""https://t.me/SakonHeart"">رضوى عاشور</a> ✍️"
764,"كل خطوة صادقة تقربنا من أحلامنا وإن طال الطريق.

<a href=""https://t.me/SakonHeart"">رضوى عاشور</a> ✍️"
765,"كن جميلاً ترَ الوجود جميلاً.

<a href=""https://t.me/SakonHeart"">إيليا أبو ماضي</a> ✍️"
766,"أيهذا الشاكي وما بك داء، كيف تغدو إذا غدوت عليلا؟

<a href=""https://t.me/SakonHeart"">إيليا أبو ماضي</a> ✍️"
767,"هشَّت لك الدنيا فما لك واجماً، وتبسَّمت فعلامَ لا تبتسمُ؟

<a href=""https://t.me/SakonHeart"">إيليا أبو ماضي</a> ✍️"
768,"إن الحياة حبور وعطاء، فلا تحرم نفسك فرحة العطاء.

<a href=""https://t.me/SakonHeart"">إيليا أبو ماضي</a> ✍️"
769,"الابتسامة تنير الوجه وتشرح الصدر.

<a href=""https://t.me/SakonHeart"">إيليا أبو ماضي</a> ✍️"
770,"على قدر أهل العزم تأتي العزائم، وتأتي على قدر الكرام المكارم.

<a href=""https://t.me/SakonHeart"">أبو الطيب المتنبي</a> ✍️"
771,"إذا غامَرْتَ في شَرَفٍ مَرُومِ، فَلا تَقْنَعْ بِمَا دُونَ النُّجُومِ.

<a href=""https://t.me/SakonHeart"">أبو الطيب المتنبي</a> ✍️"
772,"وإذا كانت النفوس كباراً، تعبت في مرادها الأجسامُ.

<a href=""https://t.me/SakonHeart"">أبو الطيب المتنبي</a> ✍️"
773,"الخَيْلُ وَاللَّيْلُ وَالبَيْداءُ تَعرِفُني، وَالسَيفُ وَالرُمحُ وَالقِرطاسُ وَالقَلَمُ.

<a href=""https://t.me/SakonHeart"">أبو الطيب المتنبي</a> ✍️"
774,"أَعَزُّ مَكانٍ في الدُنى زِينُ سابِحٍ، وَخَيرُ جَليسٍ في الزَمانِ كِتابُ.

<a href=""https://t.me/SakonHeart"">أبو الطيب المتنبي</a> ✍️"
775,"وما نَيْلُ المَطالِبِ بِالتَّمَنِّي، وَلَكِن تُؤْخَذُ الدُّنْيا غِلاباً.

<a href=""https://t.me/SakonHeart"">أحمد شوقي</a> ✍️"
776,"قُم لِلمُعَلِّمِ وَوَفِّهِ التَبجيلا، كادَ المُعَلِّمُ أَن يَكونَ رَسولا.

<a href=""https://t.me/SakonHeart"">أحمد شوقي</a> ✍️"
777,"وَإِنَّما الأُمَمُ الأَخلاقُ ما بَقِيَت، فَإِن هُمُ ذَهَبَت أَخلاقُهُم ذَهَبوا.

<a href=""https://t.me/SakonHeart"">أحمد شوقي</a> ✍️"
778,"وطني لو شُغِلتُ بالخُلدِ عنه، نازَعَتني إليه في الخُلدِ نفسي.

<a href=""https://t.me/SakonHeart"">أحمد شوقي</a> ✍️"
779,"الذوق السليم هو نتيجة العقل المنظم والقلب النقي.

<a href=""https://t.me/SakonHeart"">مي زيادة</a> ✍️"
780,"الجمال الحقيقي هو جمال الروح عندما تتجرد من الأنانية.

<a href=""https://t.me/SakonHeart"">مي زيادة</a> ✍️"
781,"الصمت أحياناً يكون لغة الفكر في أرقى صورة.

<a href=""https://t.me/SakonHeart"">مي زيادة</a> ✍️"
782,"الكلمات قد تغير مجرى القلوب إذا نبعت من الصدق.

<a href=""https://t.me/SakonHeart"">نزار قباني</a> ✍️"
783,"الحب في أعماقه هو احترامي لوجودك وكيانك.

<a href=""https://t.me/SakonHeart"">نزار قباني</a> ✍️"
784,"الأدب الحقيقي هو الذي يلمس الروح ويوقظ الفكر.

<a href=""https://t.me/SakonHeart"">نزار قباني</a> ✍️"
785,"الهوية ليست شيئاً معطى مرة واحدة، بل هي بناء مستمر.

<a href=""https://t.me/SakonHeart"">أمين معلوف</a> ✍️"
786,"التسامح هو الجسر الذي يعبر عليه البشر نحو السلام.

<a href=""https://t.me/SakonHeart"">أمين معلوف</a> ✍️"
787,"كل كتاب نقتنيه يمنحنا قطعة من العالم.

<a href=""https://t.me/SakonHeart"">أمين معلوف</a> ✍️"
788,"التاريخ لا يسير في خط مستقيم، بل يتشكل بعزيمة الشعوب.

<a href=""https://t.me/SakonHeart"">عبد الرحمن المنيف</a> ✍️"
789,"الوعي هو الخطوة الأولى نحو صناعة المستقبل.

<a href=""https://t.me/SakonHeart"">عبد الرحمن المنيف</a> ✍️"
790,"الكبرياء أن تقول لا شيء يوجعني، بينما كل الأشياء تؤلمك.

<a href=""https://t.me/SakonHeart"">أحلام مستغانمي</a> ✍️"
791,"أن تحب يعني أن تثق بالنور حتى في الظلام.

<a href=""https://t.me/SakonHeart"">أحلام مستغانمي</a> ✍️"
792,"الأحلام الكبيرة تحتاج إلى قلوب شجاعة تستوعبها.

<a href=""https://t.me/SakonHeart"">أحلام مستغانمي</a> ✍️"
793,"الخوف لا يمنع من الموت ولكنه يمنع من الحياة.

<a href=""https://t.me/SakonHeart"">نجيب محفوظ</a> ✍️"
794,"الوطن ليس رقعة أرض، بل هو القيمة التي تعيش في أروحنا.

<a href=""https://t.me/SakonHeart"">نجيب محفوظ</a> ✍️"
795,"عندما تحب شيئاً، فإنك تجده في كل مكان حولك.

<a href=""https://t.me/SakonHeart"">نجيب محفوظ</a> ✍️"
796,"الحرية هي ذلك الخيط الرفيع الذي يربط بين الكرامة والوجود.

<a href=""https://t.me/SakonHeart"">نجيب محفوظ</a> ✍️"
797,"أقصى درجات الصبر هو أن تنظر إلى الأشياء وتصمت وبداخلك بركان.

<a href=""https://t.me/SakonHeart"">نجيب محفوظ</a> ✍️"
798,"لا شيء يستحق الندم سوى ما أضعناه من أوقاتنا في غير فائدة.

<a href=""https://t.me/SakonHeart"">نجيب محفوظ</a> ✍️"
799,"إن السعادة الحقيقية تكمن في البساطة وعمق الرضا.

<a href=""https://t.me/SakonHeart"">نجيب محفوظ</a> ✍️"
800,"الحياة ليست سوى حلم، والعاقل من يجعله حلمًا جميلاً.

<a href=""https://t.me/SakonHeart"">نجيب محفوظ</a> ✍️"
801,"العقل الراجح هو الذي يعرف متى يتكلم ومتى يصمت.

<a href=""https://t.me/SakonHeart"">نجيب محفوظ</a> ✍️"
802,"أعظم الشجاعة هي أن تكون كما أنت في عالم يحاول تغطيتك.

<a href=""https://t.me/SakonHeart"">نجيب محفوظ</a> ✍️"
803,"على هذه الأرض ما يستحق الحياة.

<a href=""https://t.me/SakonHeart"">محمود درويش</a> ✍️"
804,"سأصير يوماً ما أريد.. سأصير يوماً طائراً، وأسلّ من عدمي وجودي.

<a href=""https://t.me/SakonHeart"">محمود درويش</a> ✍️"
805,"ونحن نحب الحياة إذا ما استطعنا إليها سبيلاً.

<a href=""https://t.me/SakonHeart"">محمود درويش</a> ✍️"
806,"في اللامبالاة تجلس السعادة مرفوعة الرأس.

<a href=""https://t.me/SakonHeart"">محمود درويش</a> ✍️"
807,"لا شيء يوجع العصفور مثل قفص من ذهب.

<a href=""https://t.me/SakonHeart"">محمود درويش</a> ✍️"
808,"أنا من هناك ولديّ خاطرة، ولي قمر وطيور وأشجار.

<a href=""https://t.me/SakonHeart"">محمود درويش</a> ✍️"
809,"الغياب هو أن تجلس بين الجمع ولا تشعر بأحد.

<a href=""https://t.me/SakonHeart"">محمود درويش</a> ✍️"
810,"الحب هو أن لا نرى في الآخر إلا ما يجعلنا أفضل.

<a href=""https://t.me/SakonHeart"">محمود درويش</a> ✍️"
811,"لا تعتذر عما فعلت، ففي الصدق نجاة النفس.

<a href=""https://t.me/SakonHeart"">محمود درويش</a> ✍️"
812,"النسيان تدريب للروح على مواصلة الطريق.

<a href=""https://t.me/SakonHeart"">محمود درويش</a> ✍️"
813,"المحبة لا تعطي إلا نفسها، ولا تأخذ إلا من نفسها.

<a href=""https://t.me/SakonHeart"">جبران خليل جبران</a> ✍️"
814,"أنت أعمى إذا لم ترَ الجمال في كل شيء حولك.

<a href=""https://t.me/SakonHeart"">جبران خليل جبران</a> ✍️"
815,"الحياة دون حلم كحديقة دون أزهار.

<a href=""https://t.me/SakonHeart"">جبران خليل جبران</a> ✍️"
816,"إن الصمت زهرة لا تفوح إلا في القلوب الصافية.

<a href=""https://t.me/SakonHeart"">جبران خليل جبران</a> ✍️"
817,"الشجرة التي تنمو بقوة لا تخاف من هبوب الرياح.

<a href=""https://t.me/SakonHeart"">جبران خليل جبران</a> ✍️"
818,"لا تدمس جمال اليوم بأحزان الأمس.

<a href=""https://t.me/SakonHeart"">جبران خليل جبران</a> ✍️"
819,"الإنسان لا يقاس بما يملكه، بل بما يعطيه للآخرين.

<a href=""https://t.me/SakonHeart"">جبران خليل جبران</a> ✍️"
820,"في عمق كل شتاء يكمن صيف لا ينتهي.

<a href=""https://t.me/SakonHeart"">جبران خليل جبران</a> ✍️"
821,"الكلمة الصادقة كالبذرة النبيلة تنبت ثماراً طيبة.

<a href=""https://t.me/SakonHeart"">جبران خليل جبران</a> ✍️"
822,"إذا أردت أن تفهم إنساناً، فاستمع إلى صمته قبل كلامه.

<a href=""https://t.me/SakonHeart"">جبران خليل جبران</a> ✍️"
823,"إذا لم تزد على الحياة شيئاً، فأنت زائد عليها.

<a href=""https://t.me/SakonHeart"">مصطفى صادق الرافعي</a> ✍️"
824,"الثقة بالنفس هي أول أسرار النجاح العظيم.

<a href=""https://t.me/SakonHeart"">مصطفى صادق الرافعي</a> ✍️"
825,"أجمل ما في الحياة أن تجد من يفهمك دون أن تتكلم.

<a href=""https://t.me/SakonHeart"">مصطفى صادق الرافعي</a> ✍️"
826,"القلب الصافي ينعكس ضوؤه على الوجه والأفعال.

<a href=""https://t.me/SakonHeart"">مصطفى صادق الرافعي</a> ✍️"
827,"لا قياس للجمال إلا بقدر ما يدخل من السكينة إلى الروح.

<a href=""https://t.me/SakonHeart"">مصطفى صادق الرافعي</a> ✍️"
828,"السعادة تأتي من الداخل، وليست شيئاً يُباع أو يُشترى.

<a href=""https://t.me/SakonHeart"">علي الطنطاوي</a> ✍️"
829,"اجعل حياتك مملوءة بالعمل الصالح، تجد الأنس في وحدتك.

<a href=""https://t.me/SakonHeart"">علي الطنطاوي</a> ✍️"
830,"رضا النفس هو الكنز الذي لا يفنى مع الزمن.

<a href=""https://t.me/SakonHeart"">علي الطنطاوي</a> ✍️"
831,"الكلمة الطيبة بلسم ينعش القلوب الجريحة.

<a href=""https://t.me/SakonHeart"">علي الطنطاوي</a> ✍️"
832,"أن تعيش يوماً صادقاً خير من أن تعيش عمراً من الادعاء.

<a href=""https://t.me/SakonHeart"">علي الطنطاوي</a> ✍️"
833,"القراءة تمنح الإنسان أكثر من حياة واحدة.

<a href=""https://t.me/SakonHeart"">عباس محمود العقاد</a> ✍️"
834,"الفكر الحر هو الطاقة التي تبني الحضارات.

<a href=""https://t.me/SakonHeart"">عباس محمود العقاد</a> ✍️"
835,"من لم يذق مرارة التعلم ساعة، تجرع ذل الجهل طوال حياته.

<a href=""https://t.me/SakonHeart"">عباس محمود العقاد</a> ✍️"
836,"الشخصية القوية لا تبنى بالراحة، بل في مواجهة التحديات.

<a href=""https://t.me/SakonHeart"">عباس محمود العقاد</a> ✍️"
837,"الكتاب الصديق الذي لا يغيره الزمن ولا تبدله الأيام.

<a href=""https://t.me/SakonHeart"">عباس محمود العقاد</a> ✍️"
838,"العلم كالماء والهواء، يجب أن يكون متاحاً للجميع.

<a href=""https://t.me/SakonHeart"">طه حسين</a> ✍️"
839,"الإرادة الصلبة هي التي تحول الظلام إلى نور ساطع.

<a href=""https://t.me/SakonHeart"">طه حسين</a> ✍️"
840,"لا قيمة للحرية إذا لم تقترن بالوعي والمعرفة.

<a href=""https://t.me/SakonHeart"">طه حسين</a> ✍️"
841,"الصبر والعزيمة هما الجناحان اللذان يحلقان بالإنسان إلى القمة.

<a href=""https://t.me/SakonHeart"">طه حسين</a> ✍️"
842,"التفكير هو العادة الأكثر نبلاً للإنسان.

<a href=""https://t.me/SakonHeart"">طه حسين</a> ✍️"
843,"الإنسان قضية، وليس مجرد جسم يمر عبر الزمان.

<a href=""https://t.me/SakonHeart"">غسان كنفاني</a> ✍️"
844,"سيجاء اليوم الذي نعرف فيه أن المبادئ أهم من المصالح.

<a href=""https://t.me/SakonHeart"">غسان كنفاني</a> ✍️"
845,"لن أستسلم للظروف، بل سأبني من الحجارة سُلمًا للنهوض.

<a href=""https://t.me/SakonHeart"">غسان كنفاني</a> ✍️"
846,"الأمل ليس أوهاماً، بل هو القوة التي تدفعنا للبقاء.

<a href=""https://t.me/SakonHeart"">غسان كنفاني</a> ✍️"
847,"الأفكار النبيلة تعيش أكثر من أصحابها.

<a href=""https://t.me/SakonHeart"">غسان كنفاني</a> ✍️"
848,"هناك دائمًا متسع للأمل في أشد اللحظات ظلمة.

<a href=""https://t.me/SakonHeart"">رضوى عاشور</a> ✍️"
849,"الذاكرة هي الوطن الحقيقي الذي لا يستطيع أحد سلبنا إياه.

<a href=""https://t.me/SakonHeart"">رضوى عاشور</a> ✍️"
850,"الصمود لا يعني ألا تتألم، بل أن تتألم وتواصل السير.

<a href=""https://t.me/SakonHeart"">رضوى عاشور</a> ✍️"
851,"في الهدوء يكمن سر القوة وفي الصدق يكمن الجمال.

<a href=""https://t.me/SakonHeart"">رضوى عاشور</a> ✍️"
852,"كل خطوة صادقة تقربنا من أحلامنا وإن طال الطريق.

<a href=""https://t.me/SakonHeart"">رضوى عاشور</a> ✍️"
853,"كن جميلاً ترَ الوجود جميلاً.

<a href=""https://t.me/SakonHeart"">إيليا أبو ماضي</a> ✍️"
854,"أيهذا الشاكي وما بك داء، كيف تغدو إذا غدوت عليلا؟

<a href=""https://t.me/SakonHeart"">إيليا أبو ماضي</a> ✍️"
855,"هشَّت لك الدنيا فما لك واجماً، وتبسَّمت فعلامَ لا تبتسمُ؟

<a href=""https://t.me/SakonHeart"">إيليا أبو ماضي</a> ✍️"
856,"إن الحياة حبور وعطاء، فلا تحرم نفسك فرحة العطاء.

<a href=""https://t.me/SakonHeart"">إيليا أبو ماضي</a> ✍️"
857,"الابتسامة تنير الوجه وتشرح الصدر.

<a href=""https://t.me/SakonHeart"">إيليا أبو ماضي</a> ✍️"
858,"على قدر أهل العزم تأتي العزائم، وتأتي على قدر الكرام المكارم.

<a href=""https://t.me/SakonHeart"">أبو الطيب المتنبي</a> ✍️"
859,"إذا غامَرْتَ في شَرَفٍ مَرُومِ، فَلا تَقْنَعْ بِمَا دُونَ النُّجُومِ.

<a href=""https://t.me/SakonHeart"">أبو الطيب المتنبي</a> ✍️"
860,"وإذا كانت النفوس كباراً، تعبت في مرادها الأجسامُ.

<a href=""https://t.me/SakonHeart"">أبو الطيب المتنبي</a> ✍️"
861,"الخَيْلُ وَاللَّيْلُ وَالبَيْداءُ تَعرِفُني، وَالسَيفُ وَالرُمحُ وَالقِرطاسُ وَالقَلَمُ.

<a href=""https://t.me/SakonHeart"">أبو الطيب المتنبي</a> ✍️"
862,"أَعَزُّ مَكانٍ في الدُنى زِينُ سابِحٍ، وَخَيرُ جَليسٍ في الزَمانِ كِتابُ.

<a href=""https://t.me/SakonHeart"">أبو الطيب المتنبي</a> ✍️"
863,"وما نَيْلُ المَطالِبِ بِالتَّمَنِّي، وَلَكِن تُؤْخَذُ الدُّنْيا غِلاباً.

<a href=""https://t.me/SakonHeart"">أحمد شوقي</a> ✍️"
864,"قُم لِلمُعَلِّمِ وَوَفِّهِ التَبجيلا، كادَ المُعَلِّمُ أَن يَكونَ رَسولا.

<a href=""https://t.me/SakonHeart"">أحمد شوقي</a> ✍️"
865,"وَإِنَّما الأُمَمُ الأَخلاقُ ما بَقِيَت، فَإِن هُمُ ذَهَبَت أَخلاقُهُم ذَهَبوا.

<a href=""https://t.me/SakonHeart"">أحمد شوقي</a> ✍️"
866,"وطني لو شُغِلتُ بالخُلدِ عنه، نازَعَتني إليه في الخُلدِ نفسي.

<a href=""https://t.me/SakonHeart"">أحمد شوقي</a> ✍️"
867,"الذوق السليم هو نتيجة العقل المنظم والقلب النقي.

<a href=""https://t.me/SakonHeart"">مي زيادة</a> ✍️"
868,"الجمال الحقيقي هو جمال الروح عندما تتجرد من الأنانية.

<a href=""https://t.me/SakonHeart"">مي زيادة</a> ✍️"
869,"الصمت أحياناً يكون لغة الفكر في أرقى صورة.

<a href=""https://t.me/SakonHeart"">مي زيادة</a> ✍️"
870,"الكلمات قد تغير مجرى القلوب إذا نبعت من الصدق.

<a href=""https://t.me/SakonHeart"">نزار قباني</a> ✍️"
871,"الحب في أعماقه هو احترامي لوجودك وكيانك.

<a href=""https://t.me/SakonHeart"">نزار قباني</a> ✍️"
872,"الأدب الحقيقي هو الذي يلمس الروح ويوقظ الفكر.

<a href=""https://t.me/SakonHeart"">نزار قباني</a> ✍️"
873,"الهوية ليست شيئاً معطى مرة واحدة، بل هي بناء مستمر.

<a href=""https://t.me/SakonHeart"">أمين معلوف</a> ✍️"
874,"التسامح هو الجسر الذي يعبر عليه البشر نحو السلام.

<a href=""https://t.me/SakonHeart"">أمين معلوف</a> ✍️"
875,"كل كتاب نقتنيه يمنحنا قطعة من العالم.

<a href=""https://t.me/SakonHeart"">أمين معلوف</a> ✍️"
876,"التاريخ لا يسير في خط مستقيم، بل يتشكل بعزيمة الشعوب.

<a href=""https://t.me/SakonHeart"">عبد الرحمن المنيف</a> ✍️"
877,"الوعي هو الخطوة الأولى نحو صناعة المستقبل.

<a href=""https://t.me/SakonHeart"">عبد الرحمن المنيف</a> ✍️"
878,"الكبرياء أن تقول لا شيء يوجعني، بينما كل الأشياء تؤلمك.

<a href=""https://t.me/SakonHeart"">أحلام مستغانمي</a> ✍️"
879,"أن تحب يعني أن تثق بالنور حتى في الظلام.

<a href=""https://t.me/SakonHeart"">أحلام مستغانمي</a> ✍️"
880,"الأحلام الكبيرة تحتاج إلى قلوب شجاعة تستوعبها.

<a href=""https://t.me/SakonHeart"">أحلام مستغانمي</a> ✍️"
881,"الخوف لا يمنع من الموت ولكنه يمنع من الحياة.

<a href=""https://t.me/SakonHeart"">نجيب محفوظ</a> ✍️"
882,"الوطن ليس رقعة أرض، بل هو القيمة التي تعيش في أروحنا.

<a href=""https://t.me/SakonHeart"">نجيب محفوظ</a> ✍️"
883,"عندما تحب شيئاً، فإنك تجده في كل مكان حولك.

<a href=""https://t.me/SakonHeart"">نجيب محفوظ</a> ✍️"
884,"الحرية هي ذلك الخيط الرفيع الذي يربط بين الكرامة والوجود.

<a href=""https://t.me/SakonHeart"">نجيب محفوظ</a> ✍️"
885,"أقصى درجات الصبر هو أن تنظر إلى الأشياء وتصمت وبداخلك بركان.

<a href=""https://t.me/SakonHeart"">نجيب محفوظ</a> ✍️"
886,"لا شيء يستحق الندم سوى ما أضعناه من أوقاتنا في غير فائدة.

<a href=""https://t.me/SakonHeart"">نجيب محفوظ</a> ✍️"
887,"إن السعادة الحقيقية تكمن في البساطة وعمق الرضا.

<a href=""https://t.me/SakonHeart"">نجيب محفوظ</a> ✍️"
888,"الحياة ليست سوى حلم، والعاقل من يجعله حلمًا جميلاً.

<a href=""https://t.me/SakonHeart"">نجيب محفوظ</a> ✍️"
889,"العقل الراجح هو الذي يعرف متى يتكلم ومتى يصمت.

<a href=""https://t.me/SakonHeart"">نجيب محفوظ</a> ✍️"
890,"أعظم الشجاعة هي أن تكون كما أنت في عالم يحاول تغطيتك.

<a href=""https://t.me/SakonHeart"">نجيب محفوظ</a> ✍️"
891,"على هذه الأرض ما يستحق الحياة.

<a href=""https://t.me/SakonHeart"">محمود درويش</a> ✍️"
892,"سأصير يوماً ما أريد.. سأصير يوماً طائراً، وأسلّ من عدمي وجودي.

<a href=""https://t.me/SakonHeart"">محمود درويش</a> ✍️"
893,"ونحن نحب الحياة إذا ما استطعنا إليها سبيلاً.

<a href=""https://t.me/SakonHeart"">محمود درويش</a> ✍️"
894,"في اللامبالاة تجلس السعادة مرفوعة الرأس.

<a href=""https://t.me/SakonHeart"">محمود درويش</a> ✍️"
895,"لا شيء يوجع العصفور مثل قفص من ذهب.

<a href=""https://t.me/SakonHeart"">محمود درويش</a> ✍️"
896,"أنا من هناك ولديّ خاطرة، ولي قمر وطيور وأشجار.

<a href=""https://t.me/SakonHeart"">محمود درويش</a> ✍️"
897,"الغياب هو أن تجلس بين الجمع ولا تشعر بأحد.

<a href=""https://t.me/SakonHeart"">محمود درويش</a> ✍️"
898,"الحب هو أن لا نرى في الآخر إلا ما يجعلنا أفضل.

<a href=""https://t.me/SakonHeart"">محمود درويش</a> ✍️"
899,"لا تعتذر عما فعلت، ففي الصدق نجاة النفس.

<a href=""https://t.me/SakonHeart"">محمود درويش</a> ✍️"
900,"النسيان تدريب للروح على مواصلة الطريق.

<a href=""https://t.me/SakonHeart"">محمود درويش</a> ✍️"
901,"المحبة لا تعطي إلا نفسها، ولا تأخذ إلا من نفسها.

<a href=""https://t.me/SakonHeart"">جبران خليل جبران</a> ✍️"
902,"أنت أعمى إذا لم ترَ الجمال في كل شيء حولك.

<a href=""https://t.me/SakonHeart"">جبران خليل جبران</a> ✍️"
903,"الحياة دون حلم كحديقة دون أزهار.

<a href=""https://t.me/SakonHeart"">جبران خليل جبران</a> ✍️"
904,"إن الصمت زهرة لا تفوح إلا في القلوب الصافية.

<a href=""https://t.me/SakonHeart"">جبران خليل جبران</a> ✍️"
905,"الشجرة التي تنمو بقوة لا تخاف من هبوب الرياح.

<a href=""https://t.me/SakonHeart"">جبران خليل جبران</a> ✍️"
906,"لا تدمس جمال اليوم بأحزان الأمس.

<a href=""https://t.me/SakonHeart"">جبران خليل جبران</a> ✍️"
907,"الإنسان لا يقاس بما يملكه، بل بما يعطيه للآخرين.

<a href=""https://t.me/SakonHeart"">جبران خليل جبران</a> ✍️"
908,"في عمق كل شتاء يكمن صيف لا ينتهي.

<a href=""https://t.me/SakonHeart"">جبران خليل جبران</a> ✍️"
909,"الكلمة الصادقة كالبذرة النبيلة تنبت ثماراً طيبة.

<a href=""https://t.me/SakonHeart"">جبران خليل جبران</a> ✍️"
910,"إذا أردت أن تفهم إنساناً، فاستمع إلى صمته قبل كلامه.

<a href=""https://t.me/SakonHeart"">جبران خليل جبران</a> ✍️"
911,"إذا لم تزد على الحياة شيئاً، فأنت زائد عليها.

<a href=""https://t.me/SakonHeart"">مصطفى صادق الرافعي</a> ✍️"
912,"الثقة بالنفس هي أول أسرار النجاح العظيم.

<a href=""https://t.me/SakonHeart"">مصطفى صادق الرافعي</a> ✍️"
913,"أجمل ما في الحياة أن تجد من يفهمك دون أن تتكلم.

<a href=""https://t.me/SakonHeart"">مصطفى صادق الرافعي</a> ✍️"
914,"القلب الصافي ينعكس ضوؤه على الوجه والأفعال.

<a href=""https://t.me/SakonHeart"">مصطفى صادق الرافعي</a> ✍️"
915,"لا قياس للجمال إلا بقدر ما يدخل من السكينة إلى الروح.

<a href=""https://t.me/SakonHeart"">مصطفى صادق الرافعي</a> ✍️"
916,"السعادة تأتي من الداخل، وليست شيئاً يُباع أو يُشترى.

<a href=""https://t.me/SakonHeart"">علي الطنطاوي</a> ✍️"
917,"اجعل حياتك مملوءة بالعمل الصالح، تجد الأنس في وحدتك.

<a href=""https://t.me/SakonHeart"">علي الطنطاوي</a> ✍️"
918,"رضا النفس هو الكنز الذي لا يفنى مع الزمن.

<a href=""https://t.me/SakonHeart"">علي الطنطاوي</a> ✍️"
919,"الكلمة الطيبة بلسم ينعش القلوب الجريحة.

<a href=""https://t.me/SakonHeart"">علي الطنطاوي</a> ✍️"
920,"أن تعيش يوماً صادقاً خير من أن تعيش عمراً من الادعاء.

<a href=""https://t.me/SakonHeart"">علي الطنطاوي</a> ✍️"
921,"القراءة تمنح الإنسان أكثر من حياة واحدة.

<a href=""https://t.me/SakonHeart"">عباس محمود العقاد</a> ✍️"
922,"الفكر الحر هو الطاقة التي تبني الحضارات.

<a href=""https://t.me/SakonHeart"">عباس محمود العقاد</a> ✍️"
923,"من لم يذق مرارة التعلم ساعة، تجرع ذل الجهل طوال حياته.

<a href=""https://t.me/SakonHeart"">عباس محمود العقاد</a> ✍️"
924,"الشخصية القوية لا تبنى بالراحة، بل في مواجهة التحديات.

<a href=""https://t.me/SakonHeart"">عباس محمود العقاد</a> ✍️"
925,"الكتاب الصديق الذي لا يغيره الزمن ولا تبدله الأيام.

<a href=""https://t.me/SakonHeart"">عباس محمود العقاد</a> ✍️"
926,"العلم كالماء والهواء، يجب أن يكون متاحاً للجميع.

<a href=""https://t.me/SakonHeart"">طه حسين</a> ✍️"
927,"الإرادة الصلبة هي التي تحول الظلام إلى نور ساطع.

<a href=""https://t.me/SakonHeart"">طه حسين</a> ✍️"
928,"لا قيمة للحرية إذا لم تقترن بالوعي والمعرفة.

<a href=""https://t.me/SakonHeart"">طه حسين</a> ✍️"
929,"الصبر والعزيمة هما الجناحان اللذان يحلقان بالإنسان إلى القمة.

<a href=""https://t.me/SakonHeart"">طه حسين</a> ✍️"
930,"التفكير هو العادة الأكثر نبلاً للإنسان.

<a href=""https://t.me/SakonHeart"">طه حسين</a> ✍️"
931,"الإنسان قضية، وليس مجرد جسم يمر عبر الزمان.

<a href=""https://t.me/SakonHeart"">غسان كنفاني</a> ✍️"
932,"سيجاء اليوم الذي نعرف فيه أن المبادئ أهم من المصالح.

<a href=""https://t.me/SakonHeart"">غسان كنفاني</a> ✍️"
933,"لن أستسلم للظروف، بل سأبني من الحجارة سُلمًا للنهوض.

<a href=""https://t.me/SakonHeart"">غسان كنفاني</a> ✍️"
934,"الأمل ليس أوهاماً، بل هو القوة التي تدفعنا للبقاء.

<a href=""https://t.me/SakonHeart"">غسان كنفاني</a> ✍️"
935,"الأفكار النبيلة تعيش أكثر من أصحابها.

<a href=""https://t.me/SakonHeart"">غسان كنفاني</a> ✍️"
936,"هناك دائمًا متسع للأمل في أشد اللحظات ظلمة.

<a href=""https://t.me/SakonHeart"">رضوى عاشور</a> ✍️"
937,"الذاكرة هي الوطن الحقيقي الذي لا يستطيع أحد سلبنا إياه.

<a href=""https://t.me/SakonHeart"">رضوى عاشور</a> ✍️"
938,"الصمود لا يعني ألا تتألم، بل أن تتألم وتواصل السير.

<a href=""https://t.me/SakonHeart"">رضوى عاشور</a> ✍️"
939,"في الهدوء يكمن سر القوة وفي الصدق يكمن الجمال.

<a href=""https://t.me/SakonHeart"">رضوى عاشور</a> ✍️"
940,"كل خطوة صادقة تقربنا من أحلامنا وإن طال الطريق.

<a href=""https://t.me/SakonHeart"">رضوى عاشور</a> ✍️"
941,"كن جميلاً ترَ الوجود جميلاً.

<a href=""https://t.me/SakonHeart"">إيليا أبو ماضي</a> ✍️"
942,"أيهذا الشاكي وما بك داء، كيف تغدو إذا غدوت عليلا؟

<a href=""https://t.me/SakonHeart"">إيليا أبو ماضي</a> ✍️"
943,"هشَّت لك الدنيا فما لك واجماً، وتبسَّمت فعلامَ لا تبتسمُ؟

<a href=""https://t.me/SakonHeart"">إيليا أبو ماضي</a> ✍️"
944,"إن الحياة حبور وعطاء، فلا تحرم نفسك فرحة العطاء.

<a href=""https://t.me/SakonHeart"">إيليا أبو ماضي</a> ✍️"
945,"الابتسامة تنير الوجه وتشرح الصدر.

<a href=""https://t.me/SakonHeart"">إيليا أبو ماضي</a> ✍️"
946,"على قدر أهل العزم تأتي العزائم، وتأتي على قدر الكرام المكارم.

<a href=""https://t.me/SakonHeart"">أبو الطيب المتنبي</a> ✍️"
947,"إذا غامَرْتَ في شَرَفٍ مَرُومِ، فَلا تَقْنَعْ بِمَا دُونَ النُّجُومِ.

<a href=""https://t.me/SakonHeart"">أبو الطيب المتنبي</a> ✍️"
948,"وإذا كانت النفوس كباراً، تعبت في مرادها الأجسامُ.

<a href=""https://t.me/SakonHeart"">أبو الطيب المتنبي</a> ✍️"
949,"الخَيْلُ وَاللَّيْلُ وَالبَيْداءُ تَعرِفُني، وَالسَيفُ وَالرُمحُ وَالقِرطاسُ وَالقَلَمُ.

<a href=""https://t.me/SakonHeart"">أبو الطيب المتنبي</a> ✍️"
950,"أَعَزُّ مَكانٍ في الدُنى زِينُ سابِحٍ، وَخَيرُ جَليسٍ في الزَمانِ كِتابُ.

<a href=""https://t.me/SakonHeart"">أبو الطيب المتنبي</a> ✍️"
951,"وما نَيْلُ المَطالِبِ بِالتَّمَنِّي، وَلَكِن تُؤْخَذُ الدُّنْيا غِلاباً.

<a href=""https://t.me/SakonHeart"">أحمد شوقي</a> ✍️"
952,"قُم لِلمُعَلِّمِ وَوَفِّهِ التَبجيلا، كادَ المُعَلِّمُ أَن يَكونَ رَسولا.

<a href=""https://t.me/SakonHeart"">أحمد شوقي</a> ✍️"
953,"وَإِنَّما الأُمَمُ الأَخلاقُ ما بَقِيَت، فَإِن هُمُ ذَهَبَت أَخلاقُهُم ذَهَبوا.

<a href=""https://t.me/SakonHeart"">أحمد شوقي</a> ✍️"
954,"وطني لو شُغِلتُ بالخُلدِ عنه، نازَعَتني إليه في الخُلدِ نفسي.

<a href=""https://t.me/SakonHeart"">أحمد شوقي</a> ✍️"
955,"الذوق السليم هو نتيجة العقل المنظم والقلب النقي.

<a href=""https://t.me/SakonHeart"">مي زيادة</a> ✍️"
956,"الجمال الحقيقي هو جمال الروح عندما تتجرد من الأنانية.

<a href=""https://t.me/SakonHeart"">مي زيادة</a> ✍️"
957,"الصمت أحياناً يكون لغة الفكر في أرقى صورة.

<a href=""https://t.me/SakonHeart"">مي زيادة</a> ✍️"
958,"الكلمات قد تغير مجرى القلوب إذا نبعت من الصدق.

<a href=""https://t.me/SakonHeart"">نزار قباني</a> ✍️"
959,"الحب في أعماقه هو احترامي لوجودك وكيانك.

<a href=""https://t.me/SakonHeart"">نزار قباني</a> ✍️"
960,"الأدب الحقيقي هو الذي يلمس الروح ويوقظ الفكر.

<a href=""https://t.me/SakonHeart"">نزار قباني</a> ✍️"
961,"الهوية ليست شيئاً معطى مرة واحدة، بل هي بناء مستمر.

<a href=""https://t.me/SakonHeart"">أمين معلوف</a> ✍️"
962,"التسامح هو الجسر الذي يعبر عليه البشر نحو السلام.

<a href=""https://t.me/SakonHeart"">أمين معلوف</a> ✍️"
963,"كل كتاب نقتنيه يمنحنا قطعة من العالم.

<a href=""https://t.me/SakonHeart"">أمين معلوف</a> ✍️"
964,"التاريخ لا يسير في خط مستقيم، بل يتشكل بعزيمة الشعوب.

<a href=""https://t.me/SakonHeart"">عبد الرحمن المنيف</a> ✍️"
965,"الوعي هو الخطوة الأولى نحو صناعة المستقبل.

<a href=""https://t.me/SakonHeart"">عبد الرحمن المنيف</a> ✍️"
966,"الكبرياء أن تقول لا شيء يوجعني، بينما كل الأشياء تؤلمك.

<a href=""https://t.me/SakonHeart"">أحلام مستغانمي</a> ✍️"
967,"أن تحب يعني أن تثق بالنور حتى في الظلام.

<a href=""https://t.me/SakonHeart"">أحلام مستغانمي</a> ✍️"
968,"الأحلام الكبيرة تحتاج إلى قلوب شجاعة تستوعبها.

<a href=""https://t.me/SakonHeart"">أحلام مستغانمي</a> ✍️"
969,"الخوف لا يمنع من الموت ولكنه يمنع من الحياة.

<a href=""https://t.me/SakonHeart"">نجيب محفوظ</a> ✍️"
970,"الوطن ليس رقعة أرض، بل هو القيمة التي تعيش في أروحنا.

<a href=""https://t.me/SakonHeart"">نجيب محفوظ</a> ✍️"
971,"عندما تحب شيئاً، فإنك تجده في كل مكان حولك.

<a href=""https://t.me/SakonHeart"">نجيب محفوظ</a> ✍️"
972,"الحرية هي ذلك الخيط الرفيع الذي يربط بين الكرامة والوجود.

<a href=""https://t.me/SakonHeart"">نجيب محفوظ</a> ✍️"
973,"أقصى درجات الصبر هو أن تنظر إلى الأشياء وتصمت وبداخلك بركان.

<a href=""https://t.me/SakonHeart"">نجيب محفوظ</a> ✍️"
974,"لا شيء يستحق الندم سوى ما أضعناه من أوقاتنا في غير فائدة.

<a href=""https://t.me/SakonHeart"">نجيب محفوظ</a> ✍️"
975,"إن السعادة الحقيقية تكمن في البساطة وعمق الرضا.

<a href=""https://t.me/SakonHeart"">نجيب محفوظ</a> ✍️"
976,"الحياة ليست سوى حلم، والعاقل من يجعله حلمًا جميلاً.

<a href=""https://t.me/SakonHeart"">نجيب محفوظ</a> ✍️"
977,"العقل الراجح هو الذي يعرف متى يتكلم ومتى يصمت.

<a href=""https://t.me/SakonHeart"">نجيب محفوظ</a> ✍️"
978,"أعظم الشجاعة هي أن تكون كما أنت في عالم يحاول تغطيتك.

<a href=""https://t.me/SakonHeart"">نجيب محفوظ</a> ✍️"
979,"على هذه الأرض ما يستحق الحياة.

<a href=""https://t.me/SakonHeart"">محمود درويش</a> ✍️"
980,"سأصير يوماً ما أريد.. سأصير يوماً طائراً، وأسلّ من عدمي وجودي.

<a href=""https://t.me/SakonHeart"">محمود درويش</a> ✍️"
981,"ونحن نحب الحياة إذا ما استطعنا إليها سبيلاً.

<a href=""https://t.me/SakonHeart"">محمود درويش</a> ✍️"
982,"في اللامبالاة تجلس السعادة مرفوعة الرأس.

<a href=""https://t.me/SakonHeart"">محمود درويش</a> ✍️"
983,"لا شيء يوجع العصفور مثل قفص من ذهب.

<a href=""https://t.me/SakonHeart"">محمود درويش</a> ✍️"
984,"أنا من هناك ولديّ خاطرة، ولي قمر وطيور وأشجار.

<a href=""https://t.me/SakonHeart"">محمود درويش</a> ✍️"
985,"الغياب هو أن تجلس بين الجمع ولا تشعر بأحد.

<a href=""https://t.me/SakonHeart"">محمود درويش</a> ✍️"
986,"الحب هو أن لا نرى في الآخر إلا ما يجعلنا أفضل.

<a href=""https://t.me/SakonHeart"">محمود درويش</a> ✍️"
987,"لا تعتذر عما فعلت، ففي الصدق نجاة النفس.

<a href=""https://t.me/SakonHeart"">محمود درويش</a> ✍️"
988,"النسيان تدريب للروح على مواصلة الطريق.

<a href=""https://t.me/SakonHeart"">محمود درويش</a> ✍️"
989,"المحبة لا تعطي إلا نفسها، ولا تأخذ إلا من نفسها.

<a href=""https://t.me/SakonHeart"">جبران خليل جبران</a> ✍️"
990,"أنت أعمى إذا لم ترَ الجمال في كل شيء حولك.

<a href=""https://t.me/SakonHeart"">جبران خليل جبران</a> ✍️"
991,"الحياة دون حلم كحديقة دون أزهار.

<a href=""https://t.me/SakonHeart"">جبران خليل جبران</a> ✍️"
992,"إن الصمت زهرة لا تفوح إلا في القلوب الصافية.

<a href=""https://t.me/SakonHeart"">جبران خليل جبران</a> ✍️"
993,"الشجرة التي تنمو بقوة لا تخاف من هبوب الرياح.

<a href=""https://t.me/SakonHeart"">جبران خليل جبران</a> ✍️"
994,"لا تدمس جمال اليوم بأحزان الأمس.

<a href=""https://t.me/SakonHeart"">جبران خليل جبران</a> ✍️"
995,"الإنسان لا يقاس بما يملكه، بل بما يعطيه للآخرين.

<a href=""https://t.me/SakonHeart"">جبران خليل جبران</a> ✍️"
996,"في عمق كل شتاء يكمن صيف لا ينتهي.

<a href=""https://t.me/SakonHeart"">جبران خليل جبران</a> ✍️"
997,"الكلمة الصادقة كالبذرة النبيلة تنبت ثماراً طيبة.

<a href=""https://t.me/SakonHeart"">جبران خليل جبران</a> ✍️"
998,"إذا أردت أن تفهم إنساناً، فاستمع إلى صمته قبل كلامه.

<a href=""https://t.me/SakonHeart"">جبران خليل جبران</a> ✍️"
999,"إذا لم تزد على الحياة شيئاً، فأنت زائد عليها.

<a href=""https://t.me/SakonHeart"">مصطفى صادق الرافعي</a> ✍️"
1000,"الثقة بالنفس هي أول أسرار النجاح العظيم.

<a href=""https://t.me/SakonHeart"">مصطفى صادق الرافعي</a> ✍️"
