id,text
1,وَاصْبِرْ لِحُكْمِ رَبِّكَ فَإِنَّكَ بِأَعْيُنِنَا
2,فَإِنَّ مَعَ الْعُسْرِ يُسْرًا ۝ إِنَّ مَعَ الْعُسْرِ يُسْرًا
3,وَمَن يَتَّقِ اللَّهَ يَجْعَل لَّهُ مَخْرَجًا ۝ وَيَرْزُقْهُ مِنْ حَيْثُ لَا يَحْتَسِبُ
4,أَلَا بِذِكْرِ اللَّهِ تَطْمَئِنُّ الْقُلُوبُ
5,قُل يَا عِبَادِيَ الَّذِينَ أَسْرَفُوا عَلَى أَنفُسِهِمْ لَا تَقْنَطُوا مِن رَّحْمَةِ اللَّهِ
6,وَإِذَا سَأَلَكَ عِبَادِي عَنِّي فَإِنِّي قَرِيبٌ أُجِيبُ دَعْوَةَ الدَّاعِ إِذَا دَعَانِ
7,لَا تُدْرِكُهُ الْأَبْصَارُ وَهُوَ يُدْرِكُ الْأَبْصَارَ وَهُوَ اللَّطِيفُ الْخَبِيرُ
8,وَتَوَكَّلْ عَلَى الْحَيِّ الَّذِي لَا يَمُوتُ
9,وَعَسَى أَن تَكْرَهُوا شَيْئًا وَهُوَ خَيْرٌ لَّكُمْ
10,إِنَّ اللَّهَ مَعَ الصَّابِرِينَ
11,وَالذَّاكِرِينَ اللَّهَ كَثِيرًا وَالذَّاكِرَاتِ أَعَدَّ اللَّهُ لَهُم مَّغْفِرَةً وَأَجْرًا عَظِيمًا
12,وَهُوَ مَعَكُمْ أَيْنَ مَا كُنتُمْ
13,مَا وَدَّعَكَ رَبُّكَ وَمَا قَلَى
14,وَلَسَوْفَ يُعْطِيكَ رَبُّكَ فَتَرْضَى
15,إِنَّ رَبِّي لَطِيفٌ لِّمَا يَشَاءُ إِنَّهُ هُوَ الْعَلِيمُ الْحَكِيمُ
16,فَبِمَا رَحْمَةٍ مِّنَ اللَّهِ لِنتَ لَهُمْ
17,وَقُل رَّبِّ زِدْنِي عِلْمًا
18,وَمَا كَانَ اللَّهُ مُعَذِّبَهُمْ وَهُمْ يَسْتَغْفِرُونَ
19,إِنَّ مَعِيَ رَبِّي سَيَهْدِينِ
20,ادْعُونِي أَسْتَجِبْ لَكُمْ
21,حَسْبُنَا اللَّهُ وَنِعْمَ الْوَكِيلُ
22,رَبَّنَا آتِنَا فِي الدُّنْيَا حَسَنَةً وَفِي الآخِرَةِ حَسَنَةً وَقِنَا عَذَابَ النَّارِ
23,رَبِّ اشْرَحْ لِي صَدْرِي ۝ وَيَسِّرْ لِي أَمْرِي
24,إِنَّمَا أَشْكُو بَثِّي وَحُزْنِي إِلَى اللَّهِ
25,وَأُفَوِّضُ أَمْرِي إِلَى اللَّهِ إِنَّ اللَّهَ بَصِيرٌ بِالْعِبَادِ
26,فَسَيَكْفِيكَهُمُ اللَّهُ وَهُوَ السَّمِيعُ الْعَلِيمُ
27,لَا إِلَهَ إِلَّا أَنْتَ سُبْحَانَكَ إِنِّي كُنْتُ مِنَ الظَّالِمِينَ
28,وَقُل رَّبِّ ارْحَمْهُمَا كَمَا رَبَّيَانِي صَغِيرًا
29,إِنَّ اللَّهَ وَمَلَائِكَتَهُ يُصَلُّونَ عَلَى النَّبِيِّ يَا أَيُّهَا الَّذِينَ آمَنُوا صَلُّوا عَلَيْهِ وَسَلِّمُوا تَسْلِيمًا
30,وَلَا تَيْأَسُوا مِن رَّوْحِ اللَّهِ إِنَّهُ لَا يَيْأَسُ مِن رَّوْحِ اللَّهِ إِلَّا الْقَوْمُ الْكَافِرُونَ
31,"احْفَظِ اللَّهَ يَحْفَظْكَ، احْفَظِ اللَّهَ تَجِدْهُ تُجَاهَكَ.

<a href=""https://t.me/SakonHeart"">الرسول صلى الله عليه وسلم</a> ✍️"
32,"عَجَبًا لأَمْرِ الْمُؤْمِنِ، إِنَّ أَمْرَهُ كُلَّهُ خَيْرٌ.

<a href=""https://t.me/SakonHeart"">الرسول صلى الله عليه وسلم</a> ✍️"
33,"تَبَسُّمُكَ فِي وَجْهِ أَخِيكَ صَدَقَةٌ.

<a href=""https://t.me/SakonHeart"">الرسول صلى الله عليه وسلم</a> ✍️"
34,"مَنْ كَانَ يُؤْمِنُ بِاللَّهِ وَالْيَوْمِ الآخِرِ فَلْيَقُلْ خَيْرًا أَوْ لِيَصْمُتْ.

<a href=""https://t.me/SakonHeart"">الرسول صلى الله عليه وسلم</a> ✍️"
35,"إِنَّمَا الأَعْمَالُ بِالنِّيَّاتِ، وَإِنَّمَا لِكُلِّ امْرِئٍ مَا نَوَى.

<a href=""https://t.me/SakonHeart"">الرسول صلى الله عليه وسلم</a> ✍️"
36,"الْمُؤْمِنُ الْقَوِيُّ خَيْرٌ وَأَحَبُّ إِلَى اللَّهِ مِنَ الْمُؤْمِنِ الضَّعِيفِ.

<a href=""https://t.me/SakonHeart"">الرسول صلى الله عليه وسلم</a> ✍️"
37,"مَنْ سَلَكَ طَرِيقًا يَلْتَمِسُ فِيهِ عِلْمًا سَهَّلَ اللَّهُ لَهُ بِهِ طَرِيقًا إِلَى الْجَنَّةِ.

<a href=""https://t.me/SakonHeart"">الرسول صلى الله عليه وسلم</a> ✍️"
38,"اتَّقِ اللَّهَ حَيْثُمَا كُنْتَ، وَأَتْبِعِ السَّيِّئَةَ الْحَسَنَةَ تَمْحُهَا.

<a href=""https://t.me/SakonHeart"">الرسول صلى الله عليه وسلم</a> ✍️"
39,"يَسِّرُوا وَلا تُعَسِّرُوا، وَبَشِّرُوا وَلا تُنَفِّرُوا.

<a href=""https://t.me/SakonHeart"">الرسول صلى الله عليه وسلم</a> ✍️"
40,"الدُّعَاءُ هُوَ الْعِبَادَةُ.

<a href=""https://t.me/SakonHeart"">الرسول صلى الله عليه وسلم</a> ✍️"
41,"مَنْ لَا يَرْحَمِ النَّاسَ لَا يَرْحَمْهُ اللَّهُ.

<a href=""https://t.me/SakonHeart"">الرسول صلى الله عليه وسلم</a> ✍️"
42,"طُوبَى لِمَنْ وَجَدَ فِي صَحِيفَتِهِ اسْتِغْفَارًا كَثِيرًا.

<a href=""https://t.me/SakonHeart"">الرسول صلى الله عليه وسلم</a> ✍️"
43,"أَقْرَبُ مَا يَكُونُ الْعَبْدُ مِنْ رَبِّهِ وَهُوَ سَاجِدٌ، فَأَكْثِرُوا الدُّعَاءَ.

<a href=""https://t.me/SakonHeart"">الرسول صلى الله عليه وسلم</a> ✍️"
44,"الْبِرُّ حُسْنُ الْخُلُقِ.

<a href=""https://t.me/SakonHeart"">الرسول صلى الله عليه وسلم</a> ✍️"
45,"كَلِمَتَانِ خَفِيفَتَانِ عَلَى اللِّسَانِ، ثَقِيلَتَانِ فِي الْمِيزَانِ: سُبْحَانَ اللَّهِ وَبِحَمْدِهِ، سُبْحَانَ اللَّهِ الْعَظِيمِ.

<a href=""https://t.me/SakonHeart"">الرسول صلى الله عليه وسلم</a> ✍️"
46,"احرص على الموت توهب لك الحياة.

<a href=""https://t.me/SakonHeart"">أبو بكر الصديق</a> ✍️"
47,"إذا استشرت فاصدق الحديث تُصْدَق النصح.

<a href=""https://t.me/SakonHeart"">أبو بكر الصديق</a> ✍️"
48,"أكيس الكيس التقوى، وأحمق الأحمق الفجور.

<a href=""https://t.me/SakonHeart"">أبو بكر الصديق</a> ✍️"
49,"إن الله يرى منكم ما لا ترون من أنفسكم.

<a href=""https://t.me/SakonHeart"">أبو بكر الصديق</a> ✍️"
50,"اصبروا فإن الصبر كرم، والعافية غنيمة.

<a href=""https://t.me/SakonHeart"">أبو بكر الصديق</a> ✍️"
51,"حاسبوا أنفسكم قبل أن تحاسبوا، وزنوها قبل أن توزونوا.

<a href=""https://t.me/SakonHeart"">عمر بن الخطاب</a> ✍️"
52,"عليك بالصدق وإن قتلك الصدق.

<a href=""https://t.me/SakonHeart"">عمر بن الخطاب</a> ✍️"
53,"نحن قوم أصلحنا الله بالإسلام، فمهما ابتغينا العزة في غيره أذلنا الله.

<a href=""https://t.me/SakonHeart"">عمر بن الخطاب</a> ✍️"
54,"لا تعتمد على خلق رجل حتى تجرّبه عند الغضب.

<a href=""https://t.me/SakonHeart"">عمر بن الخطاب</a> ✍️"
55,"وجدنا أطيب عيشنا بالصبر.

<a href=""https://t.me/SakonHeart"">عمر بن الخطاب</a> ✍️"
56,"من كثر كلامه كثر سقطه، ومن كثر سقطه قل حياؤه.

<a href=""https://t.me/SakonHeart"">عمر بن الخطاب</a> ✍️"
57,"تعلّموا العلم، وتعلّموا للعلم السكينة والوقار.

<a href=""https://t.me/SakonHeart"">عمر بن الخطاب</a> ✍️"
58,"لو طهرت قلوبكم ما شبعت من كلام ربكم.

<a href=""https://t.me/SakonHeart"">عثمان بن عفان</a> ✍️"
59,"إن الله يزع بالسلطان ما لا يزع بالقرآن.

<a href=""https://t.me/SakonHeart"">عثمان بن عفان</a> ✍️"
60,"لكل شيء آفة، وآفة العلم النسيان.

<a href=""https://t.me/SakonHeart"">عثمان بن عفان</a> ✍️"
61,"الناس نيام، فإذا ماتوا انتبهوا.

<a href=""https://t.me/SakonHeart"">علي بن أبي طالب</a> ✍️"
62,"رضا الناس غاية لا تدرك، ورضا الله غاية لا تترك.

<a href=""https://t.me/SakonHeart"">علي بن أبي طالب</a> ✍️"
63,"لا تكثر الهموم، فما قُدِّر لك سيكون.

<a href=""https://t.me/SakonHeart"">علي بن أبي طالب</a> ✍️"
64,"من أصلح ما بينه وبين الله، أصلح الله ما بينه وبين الناس.

<a href=""https://t.me/SakonHeart"">علي بن أبي طالب</a> ✍️"
65,"كفى بقناعة المرء غنى، وبتقواه حسناً.

<a href=""https://t.me/SakonHeart"">علي بن أبي طالب</a> ✍️"
66,"الصبر من الإيمان بمنزلة الرأس من الجسد.

<a href=""https://t.me/SakonHeart"">علي بن أبي طالب</a> ✍️"
67,"من قلّ صدقه قلّ صديقه.

<a href=""https://t.me/SakonHeart"">علي بن أبي طالب</a> ✍️"
68,"يا ابن آدم، إنما أنت أيام، كلما ذهب يوم ذهب بعضك.

<a href=""https://t.me/SakonHeart"">الحسن البصري</a> ✍️"
69,"من خاف الله خاف منه كل شيء، ومن خاف الناس خوفه الله من كل شيء.

<a href=""https://t.me/SakonHeart"">الحسن البصري</a> ✍️"
70,"الدنيا كلها ظلام إلا مجالس العلماء.

<a href=""https://t.me/SakonHeart"">الحسن البصري</a> ✍️"
71,"استكثروا من الأصدقاء المؤمنين فإن لهم شفاعة يوم القيامة.

<a href=""https://t.me/SakonHeart"">الحسن البصري</a> ✍️"
72,"إن المؤمن أحسن الظن بربه فأحسن العمل، وإن المنافق أساء الظن بربه فأساء العمل.

<a href=""https://t.me/SakonHeart"">الحسن البصري</a> ✍️"
73,"الزهد في الدنيا يريح القلب والبدن.

<a href=""https://t.me/SakonHeart"">الحسن البصري</a> ✍️"
74,"لا يزال العبد بخير ما كان له واعظ من نفسه.

<a href=""https://t.me/SakonHeart"">الحسن البصري</a> ✍️"
75,"القلب يمرض كما يمرض البدن، وشفاؤه في التوبة والحمية.

<a href=""https://t.me/SakonHeart"">ابن القيم</a> ✍️"
76,"من وطَّن قلبه عند ربه سكن واستراح، ومن أرسله في الناس اضطرب واشتد به القلق.

<a href=""https://t.me/SakonHeart"">ابن القيم</a> ✍️"
77,"الدعاء من أنفع الأدوية، وهو عدو البلاء، يدقعه ويعالجه.

<a href=""https://t.me/SakonHeart"">ابن القيم</a> ✍️"
78,"إضاعَةُ الوَقْتِ أشَدُّ مِنَ المَوْتِ؛ لأنَّ إضاعَةَ الوَقْتِ تَقْطَعُكَ عَنِ اللَّهِ وَالدّارِ الآخِرَةِ.

<a href=""https://t.me/SakonHeart"">ابن القيم</a> ✍️"
79,"من عرف نفسه اشتغل بإصلاحها عن عيوب الناس.

<a href=""https://t.me/SakonHeart"">ابن القيم</a> ✍️"
80,"للعبد بين يدي الله موقفان: موقف بين يديه في الصلاة، وموقف بين يديه يوم لقائه.

<a href=""https://t.me/SakonHeart"">ابن القيم</a> ✍️"
81,"إذا أصبح العبد وأمسى وليس همه إلا الله وحده، حمل الله عنه حوائجه كلها.

<a href=""https://t.me/SakonHeart"">ابن القيم</a> ✍️"
82,"ما أنعم الله على عبد بنعمة أعظم من أن هداه للإسلام.

<a href=""https://t.me/SakonHeart"">ابن القيم</a> ✍️"
83,"الصبر الجميل هو الذي لا شكوى فيه إلى المخلوق.

<a href=""https://t.me/SakonHeart"">ابن القيم</a> ✍️"
84,"الذِكر للقلب مثل الماء للسمك، فكيف يكون حال السمك إذا أُخرج من الماء؟

<a href=""https://t.me/SakonHeart"">ابن تيمية</a> ✍️"
85,"مَن أراد السعادة الأبدية فليلتزم عتبة العبودية.

<a href=""https://t.me/SakonHeart"">ابن تيمية</a> ✍️"
86,"ما يفعل أعدائي بي؟ أنا جنّتي وبستاني في صدري، أينما ذهبت فهي معي.

<a href=""https://t.me/SakonHeart"">ابن تيمية</a> ✍️"
87,"إن في الدنيا جنة من لم يدخلها لم يدخل جنة الآخرة: هي معرفة الله ومحبته.

<a href=""https://t.me/SakonHeart"">ابن تيمية</a> ✍️"
88,"الاستغفار يخرج العبد من الفعل المكروه إلى الفعل المحبوب.

<a href=""https://t.me/SakonHeart"">ابن تيمية</a> ✍️"
89,"إذا تخلى الناس عنك في الكرب، فاعلم أن الله يريد أن يتولى أمرك بنفسه.

<a href=""https://t.me/SakonHeart"">الإمام الشافعي</a> ✍️"
90,"من لزم التقوى يستضاء بنوره، ومن حاد عنها خاب وخسر.

<a href=""https://t.me/SakonHeart"">الإمام الشافعي</a> ✍️"
91,"شكوت إلى وكيع سوء حفظي، فأرشدني إلى ترك المعاصي.

<a href=""https://t.me/SakonHeart"">الإمام الشافعي</a> ✍️"
92,"من ظن أنه يستغني عن العلم فقد ظلم نفسه.

<a href=""https://t.me/SakonHeart"">الإمام الشافعي</a> ✍️"
93,"ما عالجت شيئاً أشد عليّ من نيتي، لأنها تتقلب عليّ.

<a href=""https://t.me/SakonHeart"">سفيان الثوري</a> ✍️"
94,"إذا أردت أن تعرف قدرك عند الله، فانظر فيما يقيمك.

<a href=""https://t.me/SakonHeart"">سفيان الثوري</a> ✍️"
95,"المؤمن يستر ويوجه، والفاجر يهتك ويعيّر.

<a href=""https://t.me/SakonHeart"">الفضيل بن عياض</a> ✍️"
96,"ترك العمل من أجل الناس رياء، والعمل من أجل الناس شرك.

<a href=""https://t.me/SakonHeart"">الفضيل بن عياض</a> ✍️"
97,"معالم الهدى في كتاب الله، فمن أراد العلم فليثوّر القرآن.

<a href=""https://t.me/SakonHeart"">عبد الله بن مسعود</a> ✍️"
98,"ما ندمت على شيء ندمي على يوم غربت شمسه نقص فيه أجلي ولم يزد فيه عملي.

<a href=""https://t.me/SakonHeart"">عبد الله بن مسعود</a> ✍️"
99,"من أصلح سريرته فاح عبير فضله، وابتسمت القلوب إليه.

<a href=""https://t.me/SakonHeart"">ابن الجوزي</a> ✍️"
100,"عجباً لمن يبكي على موت بدنه، ولا يبكي على موت قلبه!

<a href=""https://t.me/SakonHeart"">ابن الجوزي</a> ✍️"
101,"الغيبة هي الصاعقة التي تحرق الطاعات.

<a href=""https://t.me/SakonHeart"">الإمام الغزالي</a> ✍️"
102,"النية روح العمل، وبدونها يكون العمل جثة هامدة.

<a href=""https://t.me/SakonHeart"">الإمام الغزالي</a> ✍️"
103,"الحكمة هي العلم الممزوج بالعمل.

<a href=""https://t.me/SakonHeart"">الإمام الغزالي</a> ✍️"
104,"أصلحوا سرايركم تصلح علانيتكم، واعملوا لآخرتكم تكفوا أمر دنياكم.

<a href=""https://t.me/SakonHeart"">عمر بن عبد العزيز</a> ✍️"
105,"أفضل العبادة أداء الفرائض واجتناب المحارم.

<a href=""https://t.me/SakonHeart"">عمر بن عبد العزيز</a> ✍️"
106,"ربما أعطاك فمنعك، وربما منعك فأعطاك.

<a href=""https://t.me/SakonHeart"">ابن عطاء الله السكندري</a> ✍️"
107,"معصية أورثت ذلاً وافتقاراً خير من طاعة أورثت عزاً واستكباراً.

<a href=""https://t.me/SakonHeart"">ابن عطاء الله السكندري</a> ✍️"
108,"الناس إلى العلم أحوج منهم إلى الطعام والشراب.

<a href=""https://t.me/SakonHeart"">الإمام أحمد بن حنبل</a> ✍️"
109,"السنة سفينة نوح، من ركبها نجا، ومن تخلف عنها غرق.

<a href=""https://t.me/SakonHeart"">الإمام مالك</a> ✍️"
110,"لن يصلح آخر هذه الأمة إلا بماصلح به أولها.

<a href=""https://t.me/SakonHeart"">الإمام مالك</a> ✍️"
111,"البدايات المشرقة تكفل النهايات المشرقة.

<a href=""https://t.me/SakonHeart"">الإمام النووي</a> ✍️"
112,وَاصْبِرْ لِحُكْمِ رَبِّكَ فَإِنَّكَ بِأَعْيُنِنَا
113,فَإِنَّ مَعَ الْعُسْرِ يُسْرًا ۝ إِنَّ مَعَ الْعُسْرِ يُسْرًا
114,وَمَن يَتَّقِ اللَّهَ يَجْعَل لَّهُ مَخْرَجًا ۝ وَيَرْزُقْهُ مِنْ حَيْثُ لَا يَحْتَسِبُ
115,أَلَا بِذِكْرِ اللَّهِ تَطْمَئِنُّ الْقُلُوبُ
116,قُل يَا عِبَادِيَ الَّذِينَ أَسْرَفُوا عَلَى أَنفُسِهِمْ لَا تَقْنَطُوا مِن رَّحْمَةِ اللَّهِ
117,وَإِذَا سَأَلَكَ عِبَادِي عَنِّي فَإِنِّي قَرِيبٌ أُجِيبُ دَعْوَةَ الدَّاعِ إِذَا دَعَانِ
118,لَا تُدْرِكُهُ الْأَبْصَارُ وَهُوَ يُدْرِكُ الْأَبْصَارَ وَهُوَ اللَّطِيفُ الْخَبِيرُ
119,وَتَوَكَّلْ عَلَى الْحَيِّ الَّذِي لَا يَمُوتُ
120,وَعَسَى أَن تَكْرَهُوا شَيْئًا وَهُوَ خَيْرٌ لَّكُمْ
121,إِنَّ اللَّهَ مَعَ الصَّابِرِينَ
122,وَالذَّاكِرِينَ اللَّهَ كَثِيرًا وَالذَّاكِرَاتِ أَعَدَّ اللَّهُ لَهُم مَّغْفِرَةً وَأَجْرًا عَظِيمًا
123,وَهُوَ مَعَكُمْ أَيْنَ مَا كُنتُمْ
124,مَا وَدَّعَكَ رَبُّكَ وَمَا قَلَى
125,وَلَسَوْفَ يُعْطِيكَ رَبُّكَ فَتَرْضَى
126,إِنَّ رَبِّي لَطِيفٌ لِّمَا يَشَاءُ إِنَّهُ هُوَ الْعَلِيمُ الْحَكِيمُ
127,فَبِمَا رَحْمَةٍ مِّنَ اللَّهِ لِنتَ لَهُمْ
128,وَقُل رَّبِّ زِدْنِي عِلْمًا
129,وَمَا كَانَ اللَّهُ مُعَذِّبَهُمْ وَهُمْ يَسْتَغْفِرُونَ
130,إِنَّ مَعِيَ رَبِّي سَيَهْدِينِ
131,ادْعُونِي أَسْتَجِبْ لَكُمْ
132,حَسْبُنَا اللَّهُ وَنِعْمَ الْوَكِيلُ
133,رَبَّنَا آتِنَا فِي الدُّنْيَا حَسَنَةً وَفِي الآخِرَةِ حَسَنَةً وَقِنَا عَذَابَ النَّارِ
134,رَبِّ اشْرَحْ لِي صَدْرِي ۝ وَيَسِّرْ لِي أَمْرِي
135,إِنَّمَا أَشْكُو بَثِّي وَحُزْنِي إِلَى اللَّهِ
136,وَأُفَوِّضُ أَمْرِي إِلَى اللَّهِ إِنَّ اللَّهَ بَصِيرٌ بِالْعِبَادِ
137,فَسَيَكْفِيكَهُمُ اللَّهُ وَهُوَ السَّمِيعُ الْعَلِيمُ
138,لَا إِلَهَ إِلَّا أَنْتَ سُبْحَانَكَ إِنِّي كُنْتُ مِنَ الظَّالِمِينَ
139,وَقُل رَّبِّ ارْحَمْهُمَا كَمَا رَبَّيَانِي صَغِيرًا
140,إِنَّ اللَّهَ وَمَلَائِكَتَهُ يُصَلُّونَ عَلَى النَّبِيِّ يَا أَيُّهَا الَّذِينَ آمَنُوا صَلُّوا عَلَيْهِ وَسَلِّمُوا تَسْلِيمًا
141,وَلَا تَيْأَسُوا مِن رَّوْحِ اللَّهِ إِنَّهُ لَا يَيْأَسُ مِن رَّوْحِ اللَّهِ إِلَّا الْقَوْمُ الْكَافِرُونَ
142,"احْفَظِ اللَّهَ يَحْفَظْكَ، احْفَظِ اللَّهَ تَجِدْهُ تُجَاهَكَ.

<a href=""https://t.me/SakonHeart"">الرسول صلى الله عليه وسلم</a> ✍️"
143,"عَجَبًا لأَمْرِ الْمُؤْمِنِ، إِنَّ أَمْرَهُ كُلَّهُ خَيْرٌ.

<a href=""https://t.me/SakonHeart"">الرسول صلى الله عليه وسلم</a> ✍️"
144,"تَبَسُّمُكَ فِي وَجْهِ أَخِيكَ صَدَقَةٌ.

<a href=""https://t.me/SakonHeart"">الرسول صلى الله عليه وسلم</a> ✍️"
145,"مَنْ كَانَ يُؤْمِنُ بِاللَّهِ وَالْيَوْمِ الآخِرِ فَلْيَقُلْ خَيْرًا أَوْ لِيَصْمُتْ.

<a href=""https://t.me/SakonHeart"">الرسول صلى الله عليه وسلم</a> ✍️"
146,"إِنَّمَا الأَعْمَالُ بِالنِّيَّاتِ، وَإِنَّمَا لِكُلِّ امْرِئٍ مَا نَوَى.

<a href=""https://t.me/SakonHeart"">الرسول صلى الله عليه وسلم</a> ✍️"
147,"الْمُؤْمِنُ الْقَوِيُّ خَيْرٌ وَأَحَبُّ إِلَى اللَّهِ مِنَ الْمُؤْمِنِ الضَّعِيفِ.

<a href=""https://t.me/SakonHeart"">الرسول صلى الله عليه وسلم</a> ✍️"
148,"مَنْ سَلَكَ طَرِيقًا يَلْتَمِسُ فِيهِ عِلْمًا سَهَّلَ اللَّهُ لَهُ بِهِ طَرِيقًا إِلَى الْجَنَّةِ.

<a href=""https://t.me/SakonHeart"">الرسول صلى الله عليه وسلم</a> ✍️"
149,"اتَّقِ اللَّهَ حَيْثُمَا كُنْتَ، وَأَتْبِعِ السَّيِّئَةَ الْحَسَنَةَ تَمْحُهَا.

<a href=""https://t.me/SakonHeart"">الرسول صلى الله عليه وسلم</a> ✍️"
150,"يَسِّرُوا وَلا تُعَسِّرُوا، وَبَشِّرُوا وَلا تُنَفِّرُوا.

<a href=""https://t.me/SakonHeart"">الرسول صلى الله عليه وسلم</a> ✍️"
151,"الدُّعَاءُ هُوَ الْعِبَادَةُ.

<a href=""https://t.me/SakonHeart"">الرسول صلى الله عليه وسلم</a> ✍️"
152,"مَنْ لَا يَرْحَمِ النَّاسَ لَا يَرْحَمْهُ اللَّهُ.

<a href=""https://t.me/SakonHeart"">الرسول صلى الله عليه وسلم</a> ✍️"
153,"طُوبَى لِمَنْ وَجَدَ فِي صَحِيفَتِهِ اسْتِغْفَارًا كَثِيرًا.

<a href=""https://t.me/SakonHeart"">الرسول صلى الله عليه وسلم</a> ✍️"
154,"أَقْرَبُ مَا يَكُونُ الْعَبْدُ مِنْ رَبِّهِ وَهُوَ سَاجِدٌ، فَأَكْثِرُوا الدُّعَاءَ.

<a href=""https://t.me/SakonHeart"">الرسول صلى الله عليه وسلم</a> ✍️"
155,"الْبِرُّ حُسْنُ الْخُلُقِ.

<a href=""https://t.me/SakonHeart"">الرسول صلى الله عليه وسلم</a> ✍️"
156,"كَلِمَتَانِ خَفِيفَتَانِ عَلَى اللِّسَانِ، ثَقِيلَتَانِ فِي الْمِيزَانِ: سُبْحَانَ اللَّهِ وَبِحَمْدِهِ، سُبْحَانَ اللَّهِ الْعَظِيمِ.

<a href=""https://t.me/SakonHeart"">الرسول صلى الله عليه وسلم</a> ✍️"
157,"احرص على الموت توهب لك الحياة.

<a href=""https://t.me/SakonHeart"">أبو بكر الصديق</a> ✍️"
158,"إذا استشرت فاصدق الحديث تُصْدَق النصح.

<a href=""https://t.me/SakonHeart"">أبو بكر الصديق</a> ✍️"
159,"أكيس الكيس التقوى، وأحمق الأحمق الفجور.

<a href=""https://t.me/SakonHeart"">أبو بكر الصديق</a> ✍️"
160,"إن الله يرى منكم ما لا ترون من أنفسكم.

<a href=""https://t.me/SakonHeart"">أبو بكر الصديق</a> ✍️"
161,"اصبروا فإن الصبر كرم، والعافية غنيمة.

<a href=""https://t.me/SakonHeart"">أبو بكر الصديق</a> ✍️"
162,"حاسبوا أنفسكم قبل أن تحاسبوا، وزنوها قبل أن توزونوا.

<a href=""https://t.me/SakonHeart"">عمر بن الخطاب</a> ✍️"
163,"عليك بالصدق وإن قتلك الصدق.

<a href=""https://t.me/SakonHeart"">عمر بن الخطاب</a> ✍️"
164,"نحن قوم أصلحنا الله بالإسلام، فمهما ابتغينا العزة في غيره أذلنا الله.

<a href=""https://t.me/SakonHeart"">عمر بن الخطاب</a> ✍️"
165,"لا تعتمد على خلق رجل حتى تجرّبه عند الغضب.

<a href=""https://t.me/SakonHeart"">عمر بن الخطاب</a> ✍️"
166,"وجدنا أطيب عيشنا بالصبر.

<a href=""https://t.me/SakonHeart"">عمر بن الخطاب</a> ✍️"
167,"من كثر كلامه كثر سقطه، ومن كثر سقطه قل حياؤه.

<a href=""https://t.me/SakonHeart"">عمر بن الخطاب</a> ✍️"
168,"تعلّموا العلم، وتعلّموا للعلم السكينة والوقار.

<a href=""https://t.me/SakonHeart"">عمر بن الخطاب</a> ✍️"
169,"لو طهرت قلوبكم ما شبعت من كلام ربكم.

<a href=""https://t.me/SakonHeart"">عثمان بن عفان</a> ✍️"
170,"إن الله يزع بالسلطان ما لا يزع بالقرآن.

<a href=""https://t.me/SakonHeart"">عثمان بن عفان</a> ✍️"
171,"لكل شيء آفة، وآفة العلم النسيان.

<a href=""https://t.me/SakonHeart"">عثمان بن عفان</a> ✍️"
172,"الناس نيام، فإذا ماتوا انتبهوا.

<a href=""https://t.me/SakonHeart"">علي بن أبي طالب</a> ✍️"
173,"رضا الناس غاية لا تدرك، ورضا الله غاية لا تترك.

<a href=""https://t.me/SakonHeart"">علي بن أبي طالب</a> ✍️"
174,"لا تكثر الهموم، فما قُدِّر لك سيكون.

<a href=""https://t.me/SakonHeart"">علي بن أبي طالب</a> ✍️"
175,"من أصلح ما بينه وبين الله، أصلح الله ما بينه وبين الناس.

<a href=""https://t.me/SakonHeart"">علي بن أبي طالب</a> ✍️"
176,"كفى بقناعة المرء غنى، وبتقواه حسناً.

<a href=""https://t.me/SakonHeart"">علي بن أبي طالب</a> ✍️"
177,"الصبر من الإيمان بمنزلة الرأس من الجسد.

<a href=""https://t.me/SakonHeart"">علي بن أبي طالب</a> ✍️"
178,"من قلّ صدقه قلّ صديقه.

<a href=""https://t.me/SakonHeart"">علي بن أبي طالب</a> ✍️"
179,"يا ابن آدم، إنما أنت أيام، كلما ذهب يوم ذهب بعضك.

<a href=""https://t.me/SakonHeart"">الحسن البصري</a> ✍️"
180,"من خاف الله خاف منه كل شيء، ومن خاف الناس خوفه الله من كل شيء.

<a href=""https://t.me/SakonHeart"">الحسن البصري</a> ✍️"
181,"الدنيا كلها ظلام إلا مجالس العلماء.

<a href=""https://t.me/SakonHeart"">الحسن البصري</a> ✍️"
182,"استكثروا من الأصدقاء المؤمنين فإن لهم شفاعة يوم القيامة.

<a href=""https://t.me/SakonHeart"">الحسن البصري</a> ✍️"
183,"إن المؤمن أحسن الظن بربه فأحسن العمل، وإن المنافق أساء الظن بربه فأساء العمل.

<a href=""https://t.me/SakonHeart"">الحسن البصري</a> ✍️"
184,"الزهد في الدنيا يريح القلب والبدن.

<a href=""https://t.me/SakonHeart"">الحسن البصري</a> ✍️"
185,"لا يزال العبد بخير ما كان له واعظ من نفسه.

<a href=""https://t.me/SakonHeart"">الحسن البصري</a> ✍️"
186,"القلب يمرض كما يمرض البدن، وشفاؤه في التوبة والحمية.

<a href=""https://t.me/SakonHeart"">ابن القيم</a> ✍️"
187,"من وطَّن قلبه عند ربه سكن واستراح، ومن أرسله في الناس اضطرب واشتد به القلق.

<a href=""https://t.me/SakonHeart"">ابن القيم</a> ✍️"
188,"الدعاء من أنفع الأدوية، وهو عدو البلاء، يدقعه ويعالجه.

<a href=""https://t.me/SakonHeart"">ابن القيم</a> ✍️"
189,"إضاعَةُ الوَقْتِ أشَدُّ مِنَ المَوْتِ؛ لأنَّ إضاعَةَ الوَقْتِ تَقْطَعُكَ عَنِ اللَّهِ وَالدّارِ الآخِرَةِ.

<a href=""https://t.me/SakonHeart"">ابن القيم</a> ✍️"
190,"من عرف نفسه اشتغل بإصلاحها عن عيوب الناس.

<a href=""https://t.me/SakonHeart"">ابن القيم</a> ✍️"
191,"للعبد بين يدي الله موقفان: موقف بين يديه في الصلاة، وموقف بين يديه يوم لقائه.

<a href=""https://t.me/SakonHeart"">ابن القيم</a> ✍️"
192,"إذا أصبح العبد وأمسى وليس همه إلا الله وحده، حمل الله عنه حوائجه كلها.

<a href=""https://t.me/SakonHeart"">ابن القيم</a> ✍️"
193,"ما أنعم الله على عبد بنعمة أعظم من أن هداه للإسلام.

<a href=""https://t.me/SakonHeart"">ابن القيم</a> ✍️"
194,"الصبر الجميل هو الذي لا شكوى فيه إلى المخلوق.

<a href=""https://t.me/SakonHeart"">ابن القيم</a> ✍️"
195,"الذِكر للقلب مثل الماء للسمك، فكيف يكون حال السمك إذا أُخرج من الماء؟

<a href=""https://t.me/SakonHeart"">ابن تيمية</a> ✍️"
196,"مَن أراد السعادة الأبدية فليلتزم عتبة العبودية.

<a href=""https://t.me/SakonHeart"">ابن تيمية</a> ✍️"
197,"ما يفعل أعدائي بي؟ أنا جنّتي وبستاني في صدري، أينما ذهبت فهي معي.

<a href=""https://t.me/SakonHeart"">ابن تيمية</a> ✍️"
198,"إن في الدنيا جنة من لم يدخلها لم يدخل جنة الآخرة: هي معرفة الله ومحبته.

<a href=""https://t.me/SakonHeart"">ابن تيمية</a> ✍️"
199,"الاستغفار يخرج العبد من الفعل المكروه إلى الفعل المحبوب.

<a href=""https://t.me/SakonHeart"">ابن تيمية</a> ✍️"
200,"إذا تخلى الناس عنك في الكرب، فاعلم أن الله يريد أن يتولى أمرك بنفسه.

<a href=""https://t.me/SakonHeart"">الإمام الشافعي</a> ✍️"
201,"من لزم التقوى يستضاء بنوره، ومن حاد عنها خاب وخسر.

<a href=""https://t.me/SakonHeart"">الإمام الشافعي</a> ✍️"
202,"شكوت إلى وكيع سوء حفظي، فأرشدني إلى ترك المعاصي.

<a href=""https://t.me/SakonHeart"">الإمام الشافعي</a> ✍️"
203,"من ظن أنه يستغني عن العلم فقد ظلم نفسه.

<a href=""https://t.me/SakonHeart"">الإمام الشافعي</a> ✍️"
204,"ما عالجت شيئاً أشد عليّ من نيتي، لأنها تتقلب عليّ.

<a href=""https://t.me/SakonHeart"">سفيان الثوري</a> ✍️"
205,"إذا أردت أن تعرف قدرك عند الله، فانظر فيما يقيمك.

<a href=""https://t.me/SakonHeart"">سفيان الثوري</a> ✍️"
206,"المؤمن يستر ويوجه، والفاجر يهتك ويعيّر.

<a href=""https://t.me/SakonHeart"">الفضيل بن عياض</a> ✍️"
207,"ترك العمل من أجل الناس رياء، والعمل من أجل الناس شرك.

<a href=""https://t.me/SakonHeart"">الفضيل بن عياض</a> ✍️"
208,"معالم الهدى في كتاب الله، فمن أراد العلم فليثوّر القرآن.

<a href=""https://t.me/SakonHeart"">عبد الله بن مسعود</a> ✍️"
209,"ما ندمت على شيء ندمي على يوم غربت شمسه نقص فيه أجلي ولم يزد فيه عملي.

<a href=""https://t.me/SakonHeart"">عبد الله بن مسعود</a> ✍️"
210,"من أصلح سريرته فاح عبير فضله، وابتسمت القلوب إليه.

<a href=""https://t.me/SakonHeart"">ابن الجوزي</a> ✍️"
211,"عجباً لمن يبكي على موت بدنه، ولا يبكي على موت قلبه!

<a href=""https://t.me/SakonHeart"">ابن الجوزي</a> ✍️"
212,"الغيبة هي الصاعقة التي تحرق الطاعات.

<a href=""https://t.me/SakonHeart"">الإمام الغزالي</a> ✍️"
213,"النية روح العمل، وبدونها يكون العمل جثة هامدة.

<a href=""https://t.me/SakonHeart"">الإمام الغزالي</a> ✍️"
214,"الحكمة هي العلم الممزوج بالعمل.

<a href=""https://t.me/SakonHeart"">الإمام الغزالي</a> ✍️"
215,"أصلحوا سرايركم تصلح علانيتكم، واعملوا لآخرتكم تكفوا أمر دنياكم.

<a href=""https://t.me/SakonHeart"">عمر بن عبد العزيز</a> ✍️"
216,"أفضل العبادة أداء الفرائض واجتناب المحارم.

<a href=""https://t.me/SakonHeart"">عمر بن عبد العزيز</a> ✍️"
217,"ربما أعطاك فمنعك، وربما منعك فأعطاك.

<a href=""https://t.me/SakonHeart"">ابن عطاء الله السكندري</a> ✍️"
218,"معصية أورثت ذلاً وافتقاراً خير من طاعة أورثت عزاً واستكباراً.

<a href=""https://t.me/SakonHeart"">ابن عطاء الله السكندري</a> ✍️"
219,"الناس إلى العلم أحوج منهم إلى الطعام والشراب.

<a href=""https://t.me/SakonHeart"">الإمام أحمد بن حنبل</a> ✍️"
220,"السنة سفينة نوح، من ركبها نجا، ومن تخلف عنها غرق.

<a href=""https://t.me/SakonHeart"">الإمام مالك</a> ✍️"
221,"لن يصلح آخر هذه الأمة إلا بماصلح به أولها.

<a href=""https://t.me/SakonHeart"">الإمام مالك</a> ✍️"
222,"البدايات المشرقة تكفل النهايات المشرقة.

<a href=""https://t.me/SakonHeart"">الإمام النووي</a> ✍️"
223,وَاصْبِرْ لِحُكْمِ رَبِّكَ فَإِنَّكَ بِأَعْيُنِنَا
224,فَإِنَّ مَعَ الْعُسْرِ يُسْرًا ۝ إِنَّ مَعَ الْعُسْرِ يُسْرًا
225,وَمَن يَتَّقِ اللَّهَ يَجْعَل لَّهُ مَخْرَجًا ۝ وَيَرْزُقْهُ مِنْ حَيْثُ لَا يَحْتَسِبُ
226,أَلَا بِذِكْرِ اللَّهِ تَطْمَئِنُّ الْقُلُوبُ
227,قُل يَا عِبَادِيَ الَّذِينَ أَسْرَفُوا عَلَى أَنفُسِهِمْ لَا تَقْنَطُوا مِن رَّحْمَةِ اللَّهِ
228,وَإِذَا سَأَلَكَ عِبَادِي عَنِّي فَإِنِّي قَرِيبٌ أُجِيبُ دَعْوَةَ الدَّاعِ إِذَا دَعَانِ
229,لَا تُدْرِكُهُ الْأَبْصَارُ وَهُوَ يُدْرِكُ الْأَبْصَارَ وَهُوَ اللَّطِيفُ الْخَبِيرُ
230,وَتَوَكَّلْ عَلَى الْحَيِّ الَّذِي لَا يَمُوتُ
231,وَعَسَى أَن تَكْرَهُوا شَيْئًا وَهُوَ خَيْرٌ لَّكُمْ
232,إِنَّ اللَّهَ مَعَ الصَّابِرِينَ
233,وَالذَّاكِرِينَ اللَّهَ كَثِيرًا وَالذَّاكِرَاتِ أَعَدَّ اللَّهُ لَهُم مَّغْفِرَةً وَأَجْرًا عَظِيمًا
234,وَهُوَ مَعَكُمْ أَيْنَ مَا كُنتُمْ
235,مَا وَدَّعَكَ رَبُّكَ وَمَا قَلَى
236,وَلَسَوْفَ يُعْطِيكَ رَبُّكَ فَتَرْضَى
237,إِنَّ رَبِّي لَطِيفٌ لِّمَا يَشَاءُ إِنَّهُ هُوَ الْعَلِيمُ الْحَكِيمُ
238,فَبِمَا رَحْمَةٍ مِّنَ اللَّهِ لِنتَ لَهُمْ
239,وَقُل رَّبِّ زِدْنِي عِلْمًا
240,وَمَا كَانَ اللَّهُ مُعَذِّبَهُمْ وَهُمْ يَسْتَغْفِرُونَ
241,إِنَّ مَعِيَ رَبِّي سَيَهْدِينِ
242,ادْعُونِي أَسْتَجِبْ لَكُمْ
243,حَسْبُنَا اللَّهُ وَنِعْمَ الْوَكِيلُ
244,رَبَّنَا آتِنَا فِي الدُّنْيَا حَسَنَةً وَفِي الآخِرَةِ حَسَنَةً وَقِنَا عَذَابَ النَّارِ
245,رَبِّ اشْرَحْ لِي صَدْرِي ۝ وَيَسِّرْ لِي أَمْرِي
246,إِنَّمَا أَشْكُو بَثِّي وَحُزْنِي إِلَى اللَّهِ
247,وَأُفَوِّضُ أَمْرِي إِلَى اللَّهِ إِنَّ اللَّهَ بَصِيرٌ بِالْعِبَادِ
248,فَسَيَكْفِيكَهُمُ اللَّهُ وَهُوَ السَّمِيعُ الْعَلِيمُ
249,لَا إِلَهَ إِلَّا أَنْتَ سُبْحَانَكَ إِنِّي كُنْتُ مِنَ الظَّالِمِينَ
250,وَقُل رَّبِّ ارْحَمْهُمَا كَمَا رَبَّيَانِي صَغِيرًا
251,إِنَّ اللَّهَ وَمَلَائِكَتَهُ يُصَلُّونَ عَلَى النَّبِيِّ يَا أَيُّهَا الَّذِينَ آمَنُوا صَلُّوا عَلَيْهِ وَسَلِّمُوا تَسْلِيمًا
252,وَلَا تَيْأَسُوا مِن رَّوْحِ اللَّهِ إِنَّهُ لَا يَيْأَسُ مِن رَّوْحِ اللَّهِ إِلَّا الْقَوْمُ الْكَافِرُونَ
253,"احْفَظِ اللَّهَ يَحْفَظْكَ، احْفَظِ اللَّهَ تَجِدْهُ تُجَاهَكَ.

<a href=""https://t.me/SakonHeart"">الرسول صلى الله عليه وسلم</a> ✍️"
254,"عَجَبًا لأَمْرِ الْمُؤْمِنِ، إِنَّ أَمْرَهُ كُلَّهُ خَيْرٌ.

<a href=""https://t.me/SakonHeart"">الرسول صلى الله عليه وسلم</a> ✍️"
255,"تَبَسُّمُكَ فِي وَجْهِ أَخِيكَ صَدَقَةٌ.

<a href=""https://t.me/SakonHeart"">الرسول صلى الله عليه وسلم</a> ✍️"
256,"مَنْ كَانَ يُؤْمِنُ بِاللَّهِ وَالْيَوْمِ الآخِرِ فَلْيَقُلْ خَيْرًا أَوْ لِيَصْمُتْ.

<a href=""https://t.me/SakonHeart"">الرسول صلى الله عليه وسلم</a> ✍️"
257,"إِنَّمَا الأَعْمَالُ بِالنِّيَّاتِ، وَإِنَّمَا لِكُلِّ امْرِئٍ مَا نَوَى.

<a href=""https://t.me/SakonHeart"">الرسول صلى الله عليه وسلم</a> ✍️"
258,"الْمُؤْمِنُ الْقَوِيُّ خَيْرٌ وَأَحَبُّ إِلَى اللَّهِ مِنَ الْمُؤْمِنِ الضَّعِيفِ.

<a href=""https://t.me/SakonHeart"">الرسول صلى الله عليه وسلم</a> ✍️"
259,"مَنْ سَلَكَ طَرِيقًا يَلْتَمِسُ فِيهِ عِلْمًا سَهَّلَ اللَّهُ لَهُ بِهِ طَرِيقًا إِلَى الْجَنَّةِ.

<a href=""https://t.me/SakonHeart"">الرسول صلى الله عليه وسلم</a> ✍️"
260,"اتَّقِ اللَّهَ حَيْثُمَا كُنْتَ، وَأَتْبِعِ السَّيِّئَةَ الْحَسَنَةَ تَمْحُهَا.

<a href=""https://t.me/SakonHeart"">الرسول صلى الله عليه وسلم</a> ✍️"
261,"يَسِّرُوا وَلا تُعَسِّرُوا، وَبَشِّرُوا وَلا تُنَفِّرُوا.

<a href=""https://t.me/SakonHeart"">الرسول صلى الله عليه وسلم</a> ✍️"
262,"الدُّعَاءُ هُوَ الْعِبَادَةُ.

<a href=""https://t.me/SakonHeart"">الرسول صلى الله عليه وسلم</a> ✍️"
263,"مَنْ لَا يَرْحَمِ النَّاسَ لَا يَرْحَمْهُ اللَّهُ.

<a href=""https://t.me/SakonHeart"">الرسول صلى الله عليه وسلم</a> ✍️"
264,"طُوبَى لِمَنْ وَجَدَ فِي صَحِيفَتِهِ اسْتِغْفَارًا كَثِيرًا.

<a href=""https://t.me/SakonHeart"">الرسول صلى الله عليه وسلم</a> ✍️"
265,"أَقْرَبُ مَا يَكُونُ الْعَبْدُ مِنْ رَبِّهِ وَهُوَ سَاجِدٌ، فَأَكْثِرُوا الدُّعَاءَ.

<a href=""https://t.me/SakonHeart"">الرسول صلى الله عليه وسلم</a> ✍️"
266,"الْبِرُّ حُسْنُ الْخُلُقِ.

<a href=""https://t.me/SakonHeart"">الرسول صلى الله عليه وسلم</a> ✍️"
267,"كَلِمَتَانِ خَفِيفَتَانِ عَلَى اللِّسَانِ، ثَقِيلَتَانِ فِي الْمِيزَانِ: سُبْحَانَ اللَّهِ وَبِحَمْدِهِ، سُبْحَانَ اللَّهِ الْعَظِيمِ.

<a href=""https://t.me/SakonHeart"">الرسول صلى الله عليه وسلم</a> ✍️"
268,"احرص على الموت توهب لك الحياة.

<a href=""https://t.me/SakonHeart"">أبو بكر الصديق</a> ✍️"
269,"إذا استشرت فاصدق الحديث تُصْدَق النصح.

<a href=""https://t.me/SakonHeart"">أبو بكر الصديق</a> ✍️"
270,"أكيس الكيس التقوى، وأحمق الأحمق الفجور.

<a href=""https://t.me/SakonHeart"">أبو بكر الصديق</a> ✍️"
271,"إن الله يرى منكم ما لا ترون من أنفسكم.

<a href=""https://t.me/SakonHeart"">أبو بكر الصديق</a> ✍️"
272,"اصبروا فإن الصبر كرم، والعافية غنيمة.

<a href=""https://t.me/SakonHeart"">أبو بكر الصديق</a> ✍️"
273,"حاسبوا أنفسكم قبل أن تحاسبوا، وزنوها قبل أن توزونوا.

<a href=""https://t.me/SakonHeart"">عمر بن الخطاب</a> ✍️"
274,"عليك بالصدق وإن قتلك الصدق.

<a href=""https://t.me/SakonHeart"">عمر بن الخطاب</a> ✍️"
275,"نحن قوم أصلحنا الله بالإسلام، فمهما ابتغينا العزة في غيره أذلنا الله.

<a href=""https://t.me/SakonHeart"">عمر بن الخطاب</a> ✍️"
276,"لا تعتمد على خلق رجل حتى تجرّبه عند الغضب.

<a href=""https://t.me/SakonHeart"">عمر بن الخطاب</a> ✍️"
277,"وجدنا أطيب عيشنا بالصبر.

<a href=""https://t.me/SakonHeart"">عمر بن الخطاب</a> ✍️"
278,"من كثر كلامه كثر سقطه، ومن كثر سقطه قل حياؤه.

<a href=""https://t.me/SakonHeart"">عمر بن الخطاب</a> ✍️"
279,"تعلّموا العلم، وتعلّموا للعلم السكينة والوقار.

<a href=""https://t.me/SakonHeart"">عمر بن الخطاب</a> ✍️"
280,"لو طهرت قلوبكم ما شبعت من كلام ربكم.

<a href=""https://t.me/SakonHeart"">عثمان بن عفان</a> ✍️"
281,"إن الله يزع بالسلطان ما لا يزع بالقرآن.

<a href=""https://t.me/SakonHeart"">عثمان بن عفان</a> ✍️"
282,"لكل شيء آفة، وآفة العلم النسيان.

<a href=""https://t.me/SakonHeart"">عثمان بن عفان</a> ✍️"
283,"الناس نيام، فإذا ماتوا انتبهوا.

<a href=""https://t.me/SakonHeart"">علي بن أبي طالب</a> ✍️"
284,"رضا الناس غاية لا تدرك، ورضا الله غاية لا تترك.

<a href=""https://t.me/SakonHeart"">علي بن أبي طالب</a> ✍️"
285,"لا تكثر الهموم، فما قُدِّر لك سيكون.

<a href=""https://t.me/SakonHeart"">علي بن أبي طالب</a> ✍️"
286,"من أصلح ما بينه وبين الله، أصلح الله ما بينه وبين الناس.

<a href=""https://t.me/SakonHeart"">علي بن أبي طالب</a> ✍️"
287,"كفى بقناعة المرء غنى، وبتقواه حسناً.

<a href=""https://t.me/SakonHeart"">علي بن أبي طالب</a> ✍️"
288,"الصبر من الإيمان بمنزلة الرأس من الجسد.

<a href=""https://t.me/SakonHeart"">علي بن أبي طالب</a> ✍️"
289,"من قلّ صدقه قلّ صديقه.

<a href=""https://t.me/SakonHeart"">علي بن أبي طالب</a> ✍️"
290,"يا ابن آدم، إنما أنت أيام، كلما ذهب يوم ذهب بعضك.

<a href=""https://t.me/SakonHeart"">الحسن البصري</a> ✍️"
291,"من خاف الله خاف منه كل شيء، ومن خاف الناس خوفه الله من كل شيء.

<a href=""https://t.me/SakonHeart"">الحسن البصري</a> ✍️"
292,"الدنيا كلها ظلام إلا مجالس العلماء.

<a href=""https://t.me/SakonHeart"">الحسن البصري</a> ✍️"
293,"استكثروا من الأصدقاء المؤمنين فإن لهم شفاعة يوم القيامة.

<a href=""https://t.me/SakonHeart"">الحسن البصري</a> ✍️"
294,"إن المؤمن أحسن الظن بربه فأحسن العمل، وإن المنافق أساء الظن بربه فأساء العمل.

<a href=""https://t.me/SakonHeart"">الحسن البصري</a> ✍️"
295,"الزهد في الدنيا يريح القلب والبدن.

<a href=""https://t.me/SakonHeart"">الحسن البصري</a> ✍️"
296,"لا يزال العبد بخير ما كان له واعظ من نفسه.

<a href=""https://t.me/SakonHeart"">الحسن البصري</a> ✍️"
297,"القلب يمرض كما يمرض البدن، وشفاؤه في التوبة والحمية.

<a href=""https://t.me/SakonHeart"">ابن القيم</a> ✍️"
298,"من وطَّن قلبه عند ربه سكن واستراح، ومن أرسله في الناس اضطرب واشتد به القلق.

<a href=""https://t.me/SakonHeart"">ابن القيم</a> ✍️"
299,"الدعاء من أنفع الأدوية، وهو عدو البلاء، يدقعه ويعالجه.

<a href=""https://t.me/SakonHeart"">ابن القيم</a> ✍️"
300,"إضاعَةُ الوَقْتِ أشَدُّ مِنَ المَوْتِ؛ لأنَّ إضاعَةَ الوَقْتِ تَقْطَعُكَ عَنِ اللَّهِ وَالدّارِ الآخِرَةِ.

<a href=""https://t.me/SakonHeart"">ابن القيم</a> ✍️"
301,"من عرف نفسه اشتغل بإصلاحها عن عيوب الناس.

<a href=""https://t.me/SakonHeart"">ابن القيم</a> ✍️"
302,"للعبد بين يدي الله موقفان: موقف بين يديه في الصلاة، وموقف بين يديه يوم لقائه.

<a href=""https://t.me/SakonHeart"">ابن القيم</a> ✍️"
303,"إذا أصبح العبد وأمسى وليس همه إلا الله وحده، حمل الله عنه حوائجه كلها.

<a href=""https://t.me/SakonHeart"">ابن القيم</a> ✍️"
304,"ما أنعم الله على عبد بنعمة أعظم من أن هداه للإسلام.

<a href=""https://t.me/SakonHeart"">ابن القيم</a> ✍️"
305,"الصبر الجميل هو الذي لا شكوى فيه إلى المخلوق.

<a href=""https://t.me/SakonHeart"">ابن القيم</a> ✍️"
306,"الذِكر للقلب مثل الماء للسمك، فكيف يكون حال السمك إذا أُخرج من الماء؟

<a href=""https://t.me/SakonHeart"">ابن تيمية</a> ✍️"
307,"مَن أراد السعادة الأبدية فليلتزم عتبة العبودية.

<a href=""https://t.me/SakonHeart"">ابن تيمية</a> ✍️"
308,"ما يفعل أعدائي بي؟ أنا جنّتي وبستاني في صدري، أينما ذهبت فهي معي.

<a href=""https://t.me/SakonHeart"">ابن تيمية</a> ✍️"
309,"إن في الدنيا جنة من لم يدخلها لم يدخل جنة الآخرة: هي معرفة الله ومحبته.

<a href=""https://t.me/SakonHeart"">ابن تيمية</a> ✍️"
310,"الاستغفار يخرج العبد من الفعل المكروه إلى الفعل المحبوب.

<a href=""https://t.me/SakonHeart"">ابن تيمية</a> ✍️"
311,"إذا تخلى الناس عنك في الكرب، فاعلم أن الله يريد أن يتولى أمرك بنفسه.

<a href=""https://t.me/SakonHeart"">الإمام الشافعي</a> ✍️"
312,"من لزم التقوى يستضاء بنوره، ومن حاد عنها خاب وخسر.

<a href=""https://t.me/SakonHeart"">الإمام الشافعي</a> ✍️"
313,"شكوت إلى وكيع سوء حفظي، فأرشدني إلى ترك المعاصي.

<a href=""https://t.me/SakonHeart"">الإمام الشافعي</a> ✍️"
314,"من ظن أنه يستغني عن العلم فقد ظلم نفسه.

<a href=""https://t.me/SakonHeart"">الإمام الشافعي</a> ✍️"
315,"ما عالجت شيئاً أشد عليّ من نيتي، لأنها تتقلب عليّ.

<a href=""https://t.me/SakonHeart"">سفيان الثوري</a> ✍️"
316,"إذا أردت أن تعرف قدرك عند الله، فانظر فيما يقيمك.

<a href=""https://t.me/SakonHeart"">سفيان الثوري</a> ✍️"
317,"المؤمن يستر ويوجه، والفاجر يهتك ويعيّر.

<a href=""https://t.me/SakonHeart"">الفضيل بن عياض</a> ✍️"
318,"ترك العمل من أجل الناس رياء، والعمل من أجل الناس شرك.

<a href=""https://t.me/SakonHeart"">الفضيل بن عياض</a> ✍️"
319,"معالم الهدى في كتاب الله، فمن أراد العلم فليثوّر القرآن.

<a href=""https://t.me/SakonHeart"">عبد الله بن مسعود</a> ✍️"
320,"ما ندمت على شيء ندمي على يوم غربت شمسه نقص فيه أجلي ولم يزد فيه عملي.

<a href=""https://t.me/SakonHeart"">عبد الله بن مسعود</a> ✍️"
321,"من أصلح سريرته فاح عبير فضله، وابتسمت القلوب إليه.

<a href=""https://t.me/SakonHeart"">ابن الجوزي</a> ✍️"
322,"عجباً لمن يبكي على موت بدنه، ولا يبكي على موت قلبه!

<a href=""https://t.me/SakonHeart"">ابن الجوزي</a> ✍️"
323,"الغيبة هي الصاعقة التي تحرق الطاعات.

<a href=""https://t.me/SakonHeart"">الإمام الغزالي</a> ✍️"
324,"النية روح العمل، وبدونها يكون العمل جثة هامدة.

<a href=""https://t.me/SakonHeart"">الإمام الغزالي</a> ✍️"
325,"الحكمة هي العلم الممزوج بالعمل.

<a href=""https://t.me/SakonHeart"">الإمام الغزالي</a> ✍️"
326,"أصلحوا سرايركم تصلح علانيتكم، واعملوا لآخرتكم تكفوا أمر دنياكم.

<a href=""https://t.me/SakonHeart"">عمر بن عبد العزيز</a> ✍️"
327,"أفضل العبادة أداء الفرائض واجتناب المحارم.

<a href=""https://t.me/SakonHeart"">عمر بن عبد العزيز</a> ✍️"
328,"ربما أعطاك فمنعك، وربما منعك فأعطاك.

<a href=""https://t.me/SakonHeart"">ابن عطاء الله السكندري</a> ✍️"
329,"معصية أورثت ذلاً وافتقاراً خير من طاعة أورثت عزاً واستكباراً.

<a href=""https://t.me/SakonHeart"">ابن عطاء الله السكندري</a> ✍️"
330,"الناس إلى العلم أحوج منهم إلى الطعام والشراب.

<a href=""https://t.me/SakonHeart"">الإمام أحمد بن حنبل</a> ✍️"
331,"السنة سفينة نوح، من ركبها نجا، ومن تخلف عنها غرق.

<a href=""https://t.me/SakonHeart"">الإمام مالك</a> ✍️"
332,"لن يصلح آخر هذه الأمة إلا بماصلح به أولها.

<a href=""https://t.me/SakonHeart"">الإمام مالك</a> ✍️"
333,"البدايات المشرقة تكفل النهايات المشرقة.

<a href=""https://t.me/SakonHeart"">الإمام النووي</a> ✍️"
334,وَاصْبِرْ لِحُكْمِ رَبِّكَ فَإِنَّكَ بِأَعْيُنِنَا
335,فَإِنَّ مَعَ الْعُسْرِ يُسْرًا ۝ إِنَّ مَعَ الْعُسْرِ يُسْرًا
336,وَمَن يَتَّقِ اللَّهَ يَجْعَل لَّهُ مَخْرَجًا ۝ وَيَرْزُقْهُ مِنْ حَيْثُ لَا يَحْتَسِبُ
337,أَلَا بِذِكْرِ اللَّهِ تَطْمَئِنُّ الْقُلُوبُ
338,قُل يَا عِبَادِيَ الَّذِينَ أَسْرَفُوا عَلَى أَنفُسِهِمْ لَا تَقْنَطُوا مِن رَّحْمَةِ اللَّهِ
339,وَإِذَا سَأَلَكَ عِبَادِي عَنِّي فَإِنِّي قَرِيبٌ أُجِيبُ دَعْوَةَ الدَّاعِ إِذَا دَعَانِ
340,لَا تُدْرِكُهُ الْأَبْصَارُ وَهُوَ يُدْرِكُ الْأَبْصَارَ وَهُوَ اللَّطِيفُ الْخَبِيرُ
341,وَتَوَكَّلْ عَلَى الْحَيِّ الَّذِي لَا يَمُوتُ
342,وَعَسَى أَن تَكْرَهُوا شَيْئًا وَهُوَ خَيْرٌ لَّكُمْ
343,إِنَّ اللَّهَ مَعَ الصَّابِرِينَ
344,وَالذَّاكِرِينَ اللَّهَ كَثِيرًا وَالذَّاكِرَاتِ أَعَدَّ اللَّهُ لَهُم مَّغْفِرَةً وَأَجْرًا عَظِيمًا
345,وَهُوَ مَعَكُمْ أَيْنَ مَا كُنتُمْ
346,مَا وَدَّعَكَ رَبُّكَ وَمَا قَلَى
347,وَلَسَوْفَ يُعْطِيكَ رَبُّكَ فَتَرْضَى
348,إِنَّ رَبِّي لَطِيفٌ لِّمَا يَشَاءُ إِنَّهُ هُوَ الْعَلِيمُ الْحَكِيمُ
349,فَبِمَا رَحْمَةٍ مِّنَ اللَّهِ لِنتَ لَهُمْ
350,وَقُل رَّبِّ زِدْنِي عِلْمًا
351,وَمَا كَانَ اللَّهُ مُعَذِّبَهُمْ وَهُمْ يَسْتَغْفِرُونَ
352,إِنَّ مَعِيَ رَبِّي سَيَهْدِينِ
353,ادْعُونِي أَسْتَجِبْ لَكُمْ
354,حَسْبُنَا اللَّهُ وَنِعْمَ الْوَكِيلُ
355,رَبَّنَا آتِنَا فِي الدُّنْيَا حَسَنَةً وَفِي الآخِرَةِ حَسَنَةً وَقِنَا عَذَابَ النَّارِ
356,رَبِّ اشْرَحْ لِي صَدْرِي ۝ وَيَسِّرْ لِي أَمْرِي
357,إِنَّمَا أَشْكُو بَثِّي وَحُزْنِي إِلَى اللَّهِ
358,وَأُفَوِّضُ أَمْرِي إِلَى اللَّهِ إِنَّ اللَّهَ بَصِيرٌ بِالْعِبَادِ
359,فَسَيَكْفِيكَهُمُ اللَّهُ وَهُوَ السَّمِيعُ الْعَلِيمُ
360,لَا إِلَهَ إِلَّا أَنْتَ سُبْحَانَكَ إِنِّي كُنْتُ مِنَ الظَّالِمِينَ
361,وَقُل رَّبِّ ارْحَمْهُمَا كَمَا رَبَّيَانِي صَغِيرًا
362,إِنَّ اللَّهَ وَمَلَائِكَتَهُ يُصَلُّونَ عَلَى النَّبِيِّ يَا أَيُّهَا الَّذِينَ آمَنُوا صَلُّوا عَلَيْهِ وَسَلِّمُوا تَسْلِيمًا
363,وَلَا تَيْأَسُوا مِن رَّوْحِ اللَّهِ إِنَّهُ لَا يَيْأَسُ مِن رَّوْحِ اللَّهِ إِلَّا الْقَوْمُ الْكَافِرُونَ
364,"احْفَظِ اللَّهَ يَحْفَظْكَ، احْفَظِ اللَّهَ تَجِدْهُ تُجَاهَكَ.

<a href=""https://t.me/SakonHeart"">الرسول صلى الله عليه وسلم</a> ✍️"
365,"عَجَبًا لأَمْرِ الْمُؤْمِنِ، إِنَّ أَمْرَهُ كُلَّهُ خَيْرٌ.

<a href=""https://t.me/SakonHeart"">الرسول صلى الله عليه وسلم</a> ✍️"
366,"تَبَسُّمُكَ فِي وَجْهِ أَخِيكَ صَدَقَةٌ.

<a href=""https://t.me/SakonHeart"">الرسول صلى الله عليه وسلم</a> ✍️"
367,"مَنْ كَانَ يُؤْمِنُ بِاللَّهِ وَالْيَوْمِ الآخِرِ فَلْيَقُلْ خَيْرًا أَوْ لِيَصْمُتْ.

<a href=""https://t.me/SakonHeart"">الرسول صلى الله عليه وسلم</a> ✍️"
368,"إِنَّمَا الأَعْمَالُ بِالنِّيَّاتِ، وَإِنَّمَا لِكُلِّ امْرِئٍ مَا نَوَى.

<a href=""https://t.me/SakonHeart"">الرسول صلى الله عليه وسلم</a> ✍️"
369,"الْمُؤْمِنُ الْقَوِيُّ خَيْرٌ وَأَحَبُّ إِلَى اللَّهِ مِنَ الْمُؤْمِنِ الضَّعِيفِ.

<a href=""https://t.me/SakonHeart"">الرسول صلى الله عليه وسلم</a> ✍️"
370,"مَنْ سَلَكَ طَرِيقًا يَلْتَمِسُ فِيهِ عِلْمًا سَهَّلَ اللَّهُ لَهُ بِهِ طَرِيقًا إِلَى الْجَنَّةِ.

<a href=""https://t.me/SakonHeart"">الرسول صلى الله عليه وسلم</a> ✍️"
371,"اتَّقِ اللَّهَ حَيْثُمَا كُنْتَ، وَأَتْبِعِ السَّيِّئَةَ الْحَسَنَةَ تَمْحُهَا.

<a href=""https://t.me/SakonHeart"">الرسول صلى الله عليه وسلم</a> ✍️"
372,"يَسِّرُوا وَلا تُعَسِّرُوا، وَبَشِّرُوا وَلا تُنَفِّرُوا.

<a href=""https://t.me/SakonHeart"">الرسول صلى الله عليه وسلم</a> ✍️"
373,"الدُّعَاءُ هُوَ الْعِبَادَةُ.

<a href=""https://t.me/SakonHeart"">الرسول صلى الله عليه وسلم</a> ✍️"
374,"مَنْ لَا يَرْحَمِ النَّاسَ لَا يَرْحَمْهُ اللَّهُ.

<a href=""https://t.me/SakonHeart"">الرسول صلى الله عليه وسلم</a> ✍️"
375,"طُوبَى لِمَنْ وَجَدَ فِي صَحِيفَتِهِ اسْتِغْفَارًا كَثِيرًا.

<a href=""https://t.me/SakonHeart"">الرسول صلى الله عليه وسلم</a> ✍️"
376,"أَقْرَبُ مَا يَكُونُ الْعَبْدُ مِنْ رَبِّهِ وَهُوَ سَاجِدٌ، فَأَكْثِرُوا الدُّعَاءَ.

<a href=""https://t.me/SakonHeart"">الرسول صلى الله عليه وسلم</a> ✍️"
377,"الْبِرُّ حُسْنُ الْخُلُقِ.

<a href=""https://t.me/SakonHeart"">الرسول صلى الله عليه وسلم</a> ✍️"
378,"كَلِمَتَانِ خَفِيفَتَانِ عَلَى اللِّسَانِ، ثَقِيلَتَانِ فِي الْمِيزَانِ: سُبْحَانَ اللَّهِ وَبِحَمْدِهِ، سُبْحَانَ اللَّهِ الْعَظِيمِ.

<a href=""https://t.me/SakonHeart"">الرسول صلى الله عليه وسلم</a> ✍️"
379,"احرص على الموت توهب لك الحياة.

<a href=""https://t.me/SakonHeart"">أبو بكر الصديق</a> ✍️"
380,"إذا استشرت فاصدق الحديث تُصْدَق النصح.

<a href=""https://t.me/SakonHeart"">أبو بكر الصديق</a> ✍️"
381,"أكيس الكيس التقوى، وأحمق الأحمق الفجور.

<a href=""https://t.me/SakonHeart"">أبو بكر الصديق</a> ✍️"
382,"إن الله يرى منكم ما لا ترون من أنفسكم.

<a href=""https://t.me/SakonHeart"">أبو بكر الصديق</a> ✍️"
383,"اصبروا فإن الصبر كرم، والعافية غنيمة.

<a href=""https://t.me/SakonHeart"">أبو بكر الصديق</a> ✍️"
384,"حاسبوا أنفسكم قبل أن تحاسبوا، وزنوها قبل أن توزونوا.

<a href=""https://t.me/SakonHeart"">عمر بن الخطاب</a> ✍️"
385,"عليك بالصدق وإن قتلك الصدق.

<a href=""https://t.me/SakonHeart"">عمر بن الخطاب</a> ✍️"
386,"نحن قوم أصلحنا الله بالإسلام، فمهما ابتغينا العزة في غيره أذلنا الله.

<a href=""https://t.me/SakonHeart"">عمر بن الخطاب</a> ✍️"
387,"لا تعتمد على خلق رجل حتى تجرّبه عند الغضب.

<a href=""https://t.me/SakonHeart"">عمر بن الخطاب</a> ✍️"
388,"وجدنا أطيب عيشنا بالصبر.

<a href=""https://t.me/SakonHeart"">عمر بن الخطاب</a> ✍️"
389,"من كثر كلامه كثر سقطه، ومن كثر سقطه قل حياؤه.

<a href=""https://t.me/SakonHeart"">عمر بن الخطاب</a> ✍️"
390,"تعلّموا العلم، وتعلّموا للعلم السكينة والوقار.

<a href=""https://t.me/SakonHeart"">عمر بن الخطاب</a> ✍️"
391,"لو طهرت قلوبكم ما شبعت من كلام ربكم.

<a href=""https://t.me/SakonHeart"">عثمان بن عفان</a> ✍️"
392,"إن الله يزع بالسلطان ما لا يزع بالقرآن.

<a href=""https://t.me/SakonHeart"">عثمان بن عفان</a> ✍️"
393,"لكل شيء آفة، وآفة العلم النسيان.

<a href=""https://t.me/SakonHeart"">عثمان بن عفان</a> ✍️"
394,"الناس نيام، فإذا ماتوا انتبهوا.

<a href=""https://t.me/SakonHeart"">علي بن أبي طالب</a> ✍️"
395,"رضا الناس غاية لا تدرك، ورضا الله غاية لا تترك.

<a href=""https://t.me/SakonHeart"">علي بن أبي طالب</a> ✍️"
396,"لا تكثر الهموم، فما قُدِّر لك سيكون.

<a href=""https://t.me/SakonHeart"">علي بن أبي طالب</a> ✍️"
397,"من أصلح ما بينه وبين الله، أصلح الله ما بينه وبين الناس.

<a href=""https://t.me/SakonHeart"">علي بن أبي طالب</a> ✍️"
398,"كفى بقناعة المرء غنى، وبتقواه حسناً.

<a href=""https://t.me/SakonHeart"">علي بن أبي طالب</a> ✍️"
399,"الصبر من الإيمان بمنزلة الرأس من الجسد.

<a href=""https://t.me/SakonHeart"">علي بن أبي طالب</a> ✍️"
400,"من قلّ صدقه قلّ صديقه.

<a href=""https://t.me/SakonHeart"">علي بن أبي طالب</a> ✍️"
401,"يا ابن آدم، إنما أنت أيام، كلما ذهب يوم ذهب بعضك.

<a href=""https://t.me/SakonHeart"">الحسن البصري</a> ✍️"
402,"من خاف الله خاف منه كل شيء، ومن خاف الناس خوفه الله من كل شيء.

<a href=""https://t.me/SakonHeart"">الحسن البصري</a> ✍️"
403,"الدنيا كلها ظلام إلا مجالس العلماء.

<a href=""https://t.me/SakonHeart"">الحسن البصري</a> ✍️"
404,"استكثروا من الأصدقاء المؤمنين فإن لهم شفاعة يوم القيامة.

<a href=""https://t.me/SakonHeart"">الحسن البصري</a> ✍️"
405,"إن المؤمن أحسن الظن بربه فأحسن العمل، وإن المنافق أساء الظن بربه فأساء العمل.

<a href=""https://t.me/SakonHeart"">الحسن البصري</a> ✍️"
406,"الزهد في الدنيا يريح القلب والبدن.

<a href=""https://t.me/SakonHeart"">الحسن البصري</a> ✍️"
407,"لا يزال العبد بخير ما كان له واعظ من نفسه.

<a href=""https://t.me/SakonHeart"">الحسن البصري</a> ✍️"
408,"القلب يمرض كما يمرض البدن، وشفاؤه في التوبة والحمية.

<a href=""https://t.me/SakonHeart"">ابن القيم</a> ✍️"
409,"من وطَّن قلبه عند ربه سكن واستراح، ومن أرسله في الناس اضطرب واشتد به القلق.

<a href=""https://t.me/SakonHeart"">ابن القيم</a> ✍️"
410,"الدعاء من أنفع الأدوية، وهو عدو البلاء، يدقعه ويعالجه.

<a href=""https://t.me/SakonHeart"">ابن القيم</a> ✍️"
411,"إضاعَةُ الوَقْتِ أشَدُّ مِنَ المَوْتِ؛ لأنَّ إضاعَةَ الوَقْتِ تَقْطَعُكَ عَنِ اللَّهِ وَالدّارِ الآخِرَةِ.

<a href=""https://t.me/SakonHeart"">ابن القيم</a> ✍️"
412,"من عرف نفسه اشتغل بإصلاحها عن عيوب الناس.

<a href=""https://t.me/SakonHeart"">ابن القيم</a> ✍️"
413,"للعبد بين يدي الله موقفان: موقف بين يديه في الصلاة، وموقف بين يديه يوم لقائه.

<a href=""https://t.me/SakonHeart"">ابن القيم</a> ✍️"
414,"إذا أصبح العبد وأمسى وليس همه إلا الله وحده، حمل الله عنه حوائجه كلها.

<a href=""https://t.me/SakonHeart"">ابن القيم</a> ✍️"
415,"ما أنعم الله على عبد بنعمة أعظم من أن هداه للإسلام.

<a href=""https://t.me/SakonHeart"">ابن القيم</a> ✍️"
416,"الصبر الجميل هو الذي لا شكوى فيه إلى المخلوق.

<a href=""https://t.me/SakonHeart"">ابن القيم</a> ✍️"
417,"الذِكر للقلب مثل الماء للسمك، فكيف يكون حال السمك إذا أُخرج من الماء؟

<a href=""https://t.me/SakonHeart"">ابن تيمية</a> ✍️"
418,"مَن أراد السعادة الأبدية فليلتزم عتبة العبودية.

<a href=""https://t.me/SakonHeart"">ابن تيمية</a> ✍️"
419,"ما يفعل أعدائي بي؟ أنا جنّتي وبستاني في صدري، أينما ذهبت فهي معي.

<a href=""https://t.me/SakonHeart"">ابن تيمية</a> ✍️"
420,"إن في الدنيا جنة من لم يدخلها لم يدخل جنة الآخرة: هي معرفة الله ومحبته.

<a href=""https://t.me/SakonHeart"">ابن تيمية</a> ✍️"
421,"الاستغفار يخرج العبد من الفعل المكروه إلى الفعل المحبوب.

<a href=""https://t.me/SakonHeart"">ابن تيمية</a> ✍️"
422,"إذا تخلى الناس عنك في الكرب، فاعلم أن الله يريد أن يتولى أمرك بنفسه.

<a href=""https://t.me/SakonHeart"">الإمام الشافعي</a> ✍️"
423,"من لزم التقوى يستضاء بنوره، ومن حاد عنها خاب وخسر.

<a href=""https://t.me/SakonHeart"">الإمام الشافعي</a> ✍️"
424,"شكوت إلى وكيع سوء حفظي، فأرشدني إلى ترك المعاصي.

<a href=""https://t.me/SakonHeart"">الإمام الشافعي</a> ✍️"
425,"من ظن أنه يستغني عن العلم فقد ظلم نفسه.

<a href=""https://t.me/SakonHeart"">الإمام الشافعي</a> ✍️"
426,"ما عالجت شيئاً أشد عليّ من نيتي، لأنها تتقلب عليّ.

<a href=""https://t.me/SakonHeart"">سفيان الثوري</a> ✍️"
427,"إذا أردت أن تعرف قدرك عند الله، فانظر فيما يقيمك.

<a href=""https://t.me/SakonHeart"">سفيان الثوري</a> ✍️"
428,"المؤمن يستر ويوجه، والفاجر يهتك ويعيّر.

<a href=""https://t.me/SakonHeart"">الفضيل بن عياض</a> ✍️"
429,"ترك العمل من أجل الناس رياء، والعمل من أجل الناس شرك.

<a href=""https://t.me/SakonHeart"">الفضيل بن عياض</a> ✍️"
430,"معالم الهدى في كتاب الله، فمن أراد العلم فليثوّر القرآن.

<a href=""https://t.me/SakonHeart"">عبد الله بن مسعود</a> ✍️"
431,"ما ندمت على شيء ندمي على يوم غربت شمسه نقص فيه أجلي ولم يزد فيه عملي.

<a href=""https://t.me/SakonHeart"">عبد الله بن مسعود</a> ✍️"
432,"من أصلح سريرته فاح عبير فضله، وابتسمت القلوب إليه.

<a href=""https://t.me/SakonHeart"">ابن الجوزي</a> ✍️"
433,"عجباً لمن يبكي على موت بدنه، ولا يبكي على موت قلبه!

<a href=""https://t.me/SakonHeart"">ابن الجوزي</a> ✍️"
434,"الغيبة هي الصاعقة التي تحرق الطاعات.

<a href=""https://t.me/SakonHeart"">الإمام الغزالي</a> ✍️"
435,"النية روح العمل، وبدونها يكون العمل جثة هامدة.

<a href=""https://t.me/SakonHeart"">الإمام الغزالي</a> ✍️"
436,"الحكمة هي العلم الممزوج بالعمل.

<a href=""https://t.me/SakonHeart"">الإمام الغزالي</a> ✍️"
437,"أصلحوا سرايركم تصلح علانيتكم، واعملوا لآخرتكم تكفوا أمر دنياكم.

<a href=""https://t.me/SakonHeart"">عمر بن عبد العزيز</a> ✍️"
438,"أفضل العبادة أداء الفرائض واجتناب المحارم.

<a href=""https://t.me/SakonHeart"">عمر بن عبد العزيز</a> ✍️"
439,"ربما أعطاك فمنعك، وربما منعك فأعطاك.

<a href=""https://t.me/SakonHeart"">ابن عطاء الله السكندري</a> ✍️"
440,"معصية أورثت ذلاً وافتقاراً خير من طاعة أورثت عزاً واستكباراً.

<a href=""https://t.me/SakonHeart"">ابن عطاء الله السكندري</a> ✍️"
441,"الناس إلى العلم أحوج منهم إلى الطعام والشراب.

<a href=""https://t.me/SakonHeart"">الإمام أحمد بن حنبل</a> ✍️"
442,"السنة سفينة نوح، من ركبها نجا، ومن تخلف عنها غرق.

<a href=""https://t.me/SakonHeart"">الإمام مالك</a> ✍️"
443,"لن يصلح آخر هذه الأمة إلا بماصلح به أولها.

<a href=""https://t.me/SakonHeart"">الإمام مالك</a> ✍️"
444,"البدايات المشرقة تكفل النهايات المشرقة.

<a href=""https://t.me/SakonHeart"">الإمام النووي</a> ✍️"
445,وَاصْبِرْ لِحُكْمِ رَبِّكَ فَإِنَّكَ بِأَعْيُنِنَا
446,فَإِنَّ مَعَ الْعُسْرِ يُسْرًا ۝ إِنَّ مَعَ الْعُسْرِ يُسْرًا
447,وَمَن يَتَّقِ اللَّهَ يَجْعَل لَّهُ مَخْرَجًا ۝ وَيَرْزُقْهُ مِنْ حَيْثُ لَا يَحْتَسِبُ
448,أَلَا بِذِكْرِ اللَّهِ تَطْمَئِنُّ الْقُلُوبُ
449,قُل يَا عِبَادِيَ الَّذِينَ أَسْرَفُوا عَلَى أَنفُسِهِمْ لَا تَقْنَطُوا مِن رَّحْمَةِ اللَّهِ
450,وَإِذَا سَأَلَكَ عِبَادِي عَنِّي فَإِنِّي قَرِيبٌ أُجِيبُ دَعْوَةَ الدَّاعِ إِذَا دَعَانِ
451,لَا تُدْرِكُهُ الْأَبْصَارُ وَهُوَ يُدْرِكُ الْأَبْصَارَ وَهُوَ اللَّطِيفُ الْخَبِيرُ
452,وَتَوَكَّلْ عَلَى الْحَيِّ الَّذِي لَا يَمُوتُ
453,وَعَسَى أَن تَكْرَهُوا شَيْئًا وَهُوَ خَيْرٌ لَّكُمْ
454,إِنَّ اللَّهَ مَعَ الصَّابِرِينَ
455,وَالذَّاكِرِينَ اللَّهَ كَثِيرًا وَالذَّاكِرَاتِ أَعَدَّ اللَّهُ لَهُم مَّغْفِرَةً وَأَجْرًا عَظِيمًا
456,وَهُوَ مَعَكُمْ أَيْنَ مَا كُنتُمْ
457,مَا وَدَّعَكَ رَبُّكَ وَمَا قَلَى
458,وَلَسَوْفَ يُعْطِيكَ رَبُّكَ فَتَرْضَى
459,إِنَّ رَبِّي لَطِيفٌ لِّمَا يَشَاءُ إِنَّهُ هُوَ الْعَلِيمُ الْحَكِيمُ
460,فَبِمَا رَحْمَةٍ مِّنَ اللَّهِ لِنتَ لَهُمْ
461,وَقُل رَّبِّ زِدْنِي عِلْمًا
462,وَمَا كَانَ اللَّهُ مُعَذِّبَهُمْ وَهُمْ يَسْتَغْفِرُونَ
463,إِنَّ مَعِيَ رَبِّي سَيَهْدِينِ
464,ادْعُونِي أَسْتَجِبْ لَكُمْ
465,حَسْبُنَا اللَّهُ وَنِعْمَ الْوَكِيلُ
466,رَبَّنَا آتِنَا فِي الدُّنْيَا حَسَنَةً وَفِي الآخِرَةِ حَسَنَةً وَقِنَا عَذَابَ النَّارِ
467,رَبِّ اشْرَحْ لِي صَدْرِي ۝ وَيَسِّرْ لِي أَمْرِي
468,إِنَّمَا أَشْكُو بَثِّي وَحُزْنِي إِلَى اللَّهِ
469,وَأُفَوِّضُ أَمْرِي إِلَى اللَّهِ إِنَّ اللَّهَ بَصِيرٌ بِالْعِبَادِ
470,فَسَيَكْفِيكَهُمُ اللَّهُ وَهُوَ السَّمِيعُ الْعَلِيمُ
471,لَا إِلَهَ إِلَّا أَنْتَ سُبْحَانَكَ إِنِّي كُنْتُ مِنَ الظَّالِمِينَ
472,وَقُل رَّبِّ ارْحَمْهُمَا كَمَا رَبَّيَانِي صَغِيرًا
473,إِنَّ اللَّهَ وَمَلَائِكَتَهُ يُصَلُّونَ عَلَى النَّبِيِّ يَا أَيُّهَا الَّذِينَ آمَنُوا صَلُّوا عَلَيْهِ وَسَلِّمُوا تَسْلِيمًا
474,وَلَا تَيْأَسُوا مِن رَّوْحِ اللَّهِ إِنَّهُ لَا يَيْأَسُ مِن رَّوْحِ اللَّهِ إِلَّا الْقَوْمُ الْكَافِرُونَ
475,"احْفَظِ اللَّهَ يَحْفَظْكَ، احْفَظِ اللَّهَ تَجِدْهُ تُجَاهَكَ.

<a href=""https://t.me/SakonHeart"">الرسول صلى الله عليه وسلم</a> ✍️"
476,"عَجَبًا لأَمْرِ الْمُؤْمِنِ، إِنَّ أَمْرَهُ كُلَّهُ خَيْرٌ.

<a href=""https://t.me/SakonHeart"">الرسول صلى الله عليه وسلم</a> ✍️"
477,"تَبَسُّمُكَ فِي وَجْهِ أَخِيكَ صَدَقَةٌ.

<a href=""https://t.me/SakonHeart"">الرسول صلى الله عليه وسلم</a> ✍️"
478,"مَنْ كَانَ يُؤْمِنُ بِاللَّهِ وَالْيَوْمِ الآخِرِ فَلْيَقُلْ خَيْرًا أَوْ لِيَصْمُتْ.

<a href=""https://t.me/SakonHeart"">الرسول صلى الله عليه وسلم</a> ✍️"
479,"إِنَّمَا الأَعْمَالُ بِالنِّيَّاتِ، وَإِنَّمَا لِكُلِّ امْرِئٍ مَا نَوَى.

<a href=""https://t.me/SakonHeart"">الرسول صلى الله عليه وسلم</a> ✍️"
480,"الْمُؤْمِنُ الْقَوِيُّ خَيْرٌ وَأَحَبُّ إِلَى اللَّهِ مِنَ الْمُؤْمِنِ الضَّعِيفِ.

<a href=""https://t.me/SakonHeart"">الرسول صلى الله عليه وسلم</a> ✍️"
481,"مَنْ سَلَكَ طَرِيقًا يَلْتَمِسُ فِيهِ عِلْمًا سَهَّلَ اللَّهُ لَهُ بِهِ طَرِيقًا إِلَى الْجَنَّةِ.

<a href=""https://t.me/SakonHeart"">الرسول صلى الله عليه وسلم</a> ✍️"
482,"اتَّقِ اللَّهَ حَيْثُمَا كُنْتَ، وَأَتْبِعِ السَّيِّئَةَ الْحَسَنَةَ تَمْحُهَا.

<a href=""https://t.me/SakonHeart"">الرسول صلى الله عليه وسلم</a> ✍️"
483,"يَسِّرُوا وَلا تُعَسِّرُوا، وَبَشِّرُوا وَلا تُنَفِّرُوا.

<a href=""https://t.me/SakonHeart"">الرسول صلى الله عليه وسلم</a> ✍️"
484,"الدُّعَاءُ هُوَ الْعِبَادَةُ.

<a href=""https://t.me/SakonHeart"">الرسول صلى الله عليه وسلم</a> ✍️"
485,"مَنْ لَا يَرْحَمِ النَّاسَ لَا يَرْحَمْهُ اللَّهُ.

<a href=""https://t.me/SakonHeart"">الرسول صلى الله عليه وسلم</a> ✍️"
486,"طُوبَى لِمَنْ وَجَدَ فِي صَحِيفَتِهِ اسْتِغْفَارًا كَثِيرًا.

<a href=""https://t.me/SakonHeart"">الرسول صلى الله عليه وسلم</a> ✍️"
487,"أَقْرَبُ مَا يَكُونُ الْعَبْدُ مِنْ رَبِّهِ وَهُوَ سَاجِدٌ، فَأَكْثِرُوا الدُّعَاءَ.

<a href=""https://t.me/SakonHeart"">الرسول صلى الله عليه وسلم</a> ✍️"
488,"الْبِرُّ حُسْنُ الْخُلُقِ.

<a href=""https://t.me/SakonHeart"">الرسول صلى الله عليه وسلم</a> ✍️"
489,"كَلِمَتَانِ خَفِيفَتَانِ عَلَى اللِّسَانِ، ثَقِيلَتَانِ فِي الْمِيزَانِ: سُبْحَانَ اللَّهِ وَبِحَمْدِهِ، سُبْحَانَ اللَّهِ الْعَظِيمِ.

<a href=""https://t.me/SakonHeart"">الرسول صلى الله عليه وسلم</a> ✍️"
490,"احرص على الموت توهب لك الحياة.

<a href=""https://t.me/SakonHeart"">أبو بكر الصديق</a> ✍️"
491,"إذا استشرت فاصدق الحديث تُصْدَق النصح.

<a href=""https://t.me/SakonHeart"">أبو بكر الصديق</a> ✍️"
492,"أكيس الكيس التقوى، وأحمق الأحمق الفجور.

<a href=""https://t.me/SakonHeart"">أبو بكر الصديق</a> ✍️"
493,"إن الله يرى منكم ما لا ترون من أنفسكم.

<a href=""https://t.me/SakonHeart"">أبو بكر الصديق</a> ✍️"
494,"اصبروا فإن الصبر كرم، والعافية غنيمة.

<a href=""https://t.me/SakonHeart"">أبو بكر الصديق</a> ✍️"
495,"حاسبوا أنفسكم قبل أن تحاسبوا، وزنوها قبل أن توزونوا.

<a href=""https://t.me/SakonHeart"">عمر بن الخطاب</a> ✍️"
496,"عليك بالصدق وإن قتلك الصدق.

<a href=""https://t.me/SakonHeart"">عمر بن الخطاب</a> ✍️"
497,"نحن قوم أصلحنا الله بالإسلام، فمهما ابتغينا العزة في غيره أذلنا الله.

<a href=""https://t.me/SakonHeart"">عمر بن الخطاب</a> ✍️"
498,"لا تعتمد على خلق رجل حتى تجرّبه عند الغضب.

<a href=""https://t.me/SakonHeart"">عمر بن الخطاب</a> ✍️"
499,"وجدنا أطيب عيشنا بالصبر.

<a href=""https://t.me/SakonHeart"">عمر بن الخطاب</a> ✍️"
500,"من كثر كلامه كثر سقطه، ومن كثر سقطه قل حياؤه.

<a href=""https://t.me/SakonHeart"">عمر بن الخطاب</a> ✍️"
501,"تعلّموا العلم، وتعلّموا للعلم السكينة والوقار.

<a href=""https://t.me/SakonHeart"">عمر بن الخطاب</a> ✍️"
502,"لو طهرت قلوبكم ما شبعت من كلام ربكم.

<a href=""https://t.me/SakonHeart"">عثمان بن عفان</a> ✍️"
503,"إن الله يزع بالسلطان ما لا يزع بالقرآن.

<a href=""https://t.me/SakonHeart"">عثمان بن عفان</a> ✍️"
504,"لكل شيء آفة، وآفة العلم النسيان.

<a href=""https://t.me/SakonHeart"">عثمان بن عفان</a> ✍️"
505,"الناس نيام، فإذا ماتوا انتبهوا.

<a href=""https://t.me/SakonHeart"">علي بن أبي طالب</a> ✍️"
506,"رضا الناس غاية لا تدرك، ورضا الله غاية لا تترك.

<a href=""https://t.me/SakonHeart"">علي بن أبي طالب</a> ✍️"
507,"لا تكثر الهموم، فما قُدِّر لك سيكون.

<a href=""https://t.me/SakonHeart"">علي بن أبي طالب</a> ✍️"
508,"من أصلح ما بينه وبين الله، أصلح الله ما بينه وبين الناس.

<a href=""https://t.me/SakonHeart"">علي بن أبي طالب</a> ✍️"
509,"كفى بقناعة المرء غنى، وبتقواه حسناً.

<a href=""https://t.me/SakonHeart"">علي بن أبي طالب</a> ✍️"
510,"الصبر من الإيمان بمنزلة الرأس من الجسد.

<a href=""https://t.me/SakonHeart"">علي بن أبي طالب</a> ✍️"
511,"من قلّ صدقه قلّ صديقه.

<a href=""https://t.me/SakonHeart"">علي بن أبي طالب</a> ✍️"
512,"يا ابن آدم، إنما أنت أيام، كلما ذهب يوم ذهب بعضك.

<a href=""https://t.me/SakonHeart"">الحسن البصري</a> ✍️"
513,"من خاف الله خاف منه كل شيء، ومن خاف الناس خوفه الله من كل شيء.

<a href=""https://t.me/SakonHeart"">الحسن البصري</a> ✍️"
514,"الدنيا كلها ظلام إلا مجالس العلماء.

<a href=""https://t.me/SakonHeart"">الحسن البصري</a> ✍️"
515,"استكثروا من الأصدقاء المؤمنين فإن لهم شفاعة يوم القيامة.

<a href=""https://t.me/SakonHeart"">الحسن البصري</a> ✍️"
516,"إن المؤمن أحسن الظن بربه فأحسن العمل، وإن المنافق أساء الظن بربه فأساء العمل.

<a href=""https://t.me/SakonHeart"">الحسن البصري</a> ✍️"
517,"الزهد في الدنيا يريح القلب والبدن.

<a href=""https://t.me/SakonHeart"">الحسن البصري</a> ✍️"
518,"لا يزال العبد بخير ما كان له واعظ من نفسه.

<a href=""https://t.me/SakonHeart"">الحسن البصري</a> ✍️"
519,"القلب يمرض كما يمرض البدن، وشفاؤه في التوبة والحمية.

<a href=""https://t.me/SakonHeart"">ابن القيم</a> ✍️"
520,"من وطَّن قلبه عند ربه سكن واستراح، ومن أرسله في الناس اضطرب واشتد به القلق.

<a href=""https://t.me/SakonHeart"">ابن القيم</a> ✍️"
521,"الدعاء من أنفع الأدوية، وهو عدو البلاء، يدقعه ويعالجه.

<a href=""https://t.me/SakonHeart"">ابن القيم</a> ✍️"
522,"إضاعَةُ الوَقْتِ أشَدُّ مِنَ المَوْتِ؛ لأنَّ إضاعَةَ الوَقْتِ تَقْطَعُكَ عَنِ اللَّهِ وَالدّارِ الآخِرَةِ.

<a href=""https://t.me/SakonHeart"">ابن القيم</a> ✍️"
523,"من عرف نفسه اشتغل بإصلاحها عن عيوب الناس.

<a href=""https://t.me/SakonHeart"">ابن القيم</a> ✍️"
524,"للعبد بين يدي الله موقفان: موقف بين يديه في الصلاة، وموقف بين يديه يوم لقائه.

<a href=""https://t.me/SakonHeart"">ابن القيم</a> ✍️"
525,"إذا أصبح العبد وأمسى وليس همه إلا الله وحده، حمل الله عنه حوائجه كلها.

<a href=""https://t.me/SakonHeart"">ابن القيم</a> ✍️"
526,"ما أنعم الله على عبد بنعمة أعظم من أن هداه للإسلام.

<a href=""https://t.me/SakonHeart"">ابن القيم</a> ✍️"
527,"الصبر الجميل هو الذي لا شكوى فيه إلى المخلوق.

<a href=""https://t.me/SakonHeart"">ابن القيم</a> ✍️"
528,"الذِكر للقلب مثل الماء للسمك، فكيف يكون حال السمك إذا أُخرج من الماء؟

<a href=""https://t.me/SakonHeart"">ابن تيمية</a> ✍️"
529,"مَن أراد السعادة الأبدية فليلتزم عتبة العبودية.

<a href=""https://t.me/SakonHeart"">ابن تيمية</a> ✍️"
530,"ما يفعل أعدائي بي؟ أنا جنّتي وبستاني في صدري، أينما ذهبت فهي معي.

<a href=""https://t.me/SakonHeart"">ابن تيمية</a> ✍️"
531,"إن في الدنيا جنة من لم يدخلها لم يدخل جنة الآخرة: هي معرفة الله ومحبته.

<a href=""https://t.me/SakonHeart"">ابن تيمية</a> ✍️"
532,"الاستغفار يخرج العبد من الفعل المكروه إلى الفعل المحبوب.

<a href=""https://t.me/SakonHeart"">ابن تيمية</a> ✍️"
533,"إذا تخلى الناس عنك في الكرب، فاعلم أن الله يريد أن يتولى أمرك بنفسه.

<a href=""https://t.me/SakonHeart"">الإمام الشافعي</a> ✍️"
534,"من لزم التقوى يستضاء بنوره، ومن حاد عنها خاب وخسر.

<a href=""https://t.me/SakonHeart"">الإمام الشافعي</a> ✍️"
535,"شكوت إلى وكيع سوء حفظي، فأرشدني إلى ترك المعاصي.

<a href=""https://t.me/SakonHeart"">الإمام الشافعي</a> ✍️"
536,"من ظن أنه يستغني عن العلم فقد ظلم نفسه.

<a href=""https://t.me/SakonHeart"">الإمام الشافعي</a> ✍️"
537,"ما عالجت شيئاً أشد عليّ من نيتي، لأنها تتقلب عليّ.

<a href=""https://t.me/SakonHeart"">سفيان الثوري</a> ✍️"
538,"إذا أردت أن تعرف قدرك عند الله، فانظر فيما يقيمك.

<a href=""https://t.me/SakonHeart"">سفيان الثوري</a> ✍️"
539,"المؤمن يستر ويوجه، والفاجر يهتك ويعيّر.

<a href=""https://t.me/SakonHeart"">الفضيل بن عياض</a> ✍️"
540,"ترك العمل من أجل الناس رياء، والعمل من أجل الناس شرك.

<a href=""https://t.me/SakonHeart"">الفضيل بن عياض</a> ✍️"
541,"معالم الهدى في كتاب الله، فمن أراد العلم فليثوّر القرآن.

<a href=""https://t.me/SakonHeart"">عبد الله بن مسعود</a> ✍️"
542,"ما ندمت على شيء ندمي على يوم غربت شمسه نقص فيه أجلي ولم يزد فيه عملي.

<a href=""https://t.me/SakonHeart"">عبد الله بن مسعود</a> ✍️"
543,"من أصلح سريرته فاح عبير فضله، وابتسمت القلوب إليه.

<a href=""https://t.me/SakonHeart"">ابن الجوزي</a> ✍️"
544,"عجباً لمن يبكي على موت بدنه، ولا يبكي على موت قلبه!

<a href=""https://t.me/SakonHeart"">ابن الجوزي</a> ✍️"
545,"الغيبة هي الصاعقة التي تحرق الطاعات.

<a href=""https://t.me/SakonHeart"">الإمام الغزالي</a> ✍️"
546,"النية روح العمل، وبدونها يكون العمل جثة هامدة.

<a href=""https://t.me/SakonHeart"">الإمام الغزالي</a> ✍️"
547,"الحكمة هي العلم الممزوج بالعمل.

<a href=""https://t.me/SakonHeart"">الإمام الغزالي</a> ✍️"
548,"أصلحوا سرايركم تصلح علانيتكم، واعملوا لآخرتكم تكفوا أمر دنياكم.

<a href=""https://t.me/SakonHeart"">عمر بن عبد العزيز</a> ✍️"
549,"أفضل العبادة أداء الفرائض واجتناب المحارم.

<a href=""https://t.me/SakonHeart"">عمر بن عبد العزيز</a> ✍️"
550,"ربما أعطاك فمنعك، وربما منعك فأعطاك.

<a href=""https://t.me/SakonHeart"">ابن عطاء الله السكندري</a> ✍️"
551,"معصية أورثت ذلاً وافتقاراً خير من طاعة أورثت عزاً واستكباراً.

<a href=""https://t.me/SakonHeart"">ابن عطاء الله السكندري</a> ✍️"
552,"الناس إلى العلم أحوج منهم إلى الطعام والشراب.

<a href=""https://t.me/SakonHeart"">الإمام أحمد بن حنبل</a> ✍️"
553,"السنة سفينة نوح، من ركبها نجا، ومن تخلف عنها غرق.

<a href=""https://t.me/SakonHeart"">الإمام مالك</a> ✍️"
554,"لن يصلح آخر هذه الأمة إلا بماصلح به أولها.

<a href=""https://t.me/SakonHeart"">الإمام مالك</a> ✍️"
555,"البدايات المشرقة تكفل النهايات المشرقة.

<a href=""https://t.me/SakonHeart"">الإمام النووي</a> ✍️"
556,وَاصْبِرْ لِحُكْمِ رَبِّكَ فَإِنَّكَ بِأَعْيُنِنَا
557,فَإِنَّ مَعَ الْعُسْرِ يُسْرًا ۝ إِنَّ مَعَ الْعُسْرِ يُسْرًا
558,وَمَن يَتَّقِ اللَّهَ يَجْعَل لَّهُ مَخْرَجًا ۝ وَيَرْزُقْهُ مِنْ حَيْثُ لَا يَحْتَسِبُ
559,أَلَا بِذِكْرِ اللَّهِ تَطْمَئِنُّ الْقُلُوبُ
560,قُل يَا عِبَادِيَ الَّذِينَ أَسْرَفُوا عَلَى أَنفُسِهِمْ لَا تَقْنَطُوا مِن رَّحْمَةِ اللَّهِ
561,وَإِذَا سَأَلَكَ عِبَادِي عَنِّي فَإِنِّي قَرِيبٌ أُجِيبُ دَعْوَةَ الدَّاعِ إِذَا دَعَانِ
562,لَا تُدْرِكُهُ الْأَبْصَارُ وَهُوَ يُدْرِكُ الْأَبْصَارَ وَهُوَ اللَّطِيفُ الْخَبِيرُ
563,وَتَوَكَّلْ عَلَى الْحَيِّ الَّذِي لَا يَمُوتُ
564,وَعَسَى أَن تَكْرَهُوا شَيْئًا وَهُوَ خَيْرٌ لَّكُمْ
565,إِنَّ اللَّهَ مَعَ الصَّابِرِينَ
566,وَالذَّاكِرِينَ اللَّهَ كَثِيرًا وَالذَّاكِرَاتِ أَعَدَّ اللَّهُ لَهُم مَّغْفِرَةً وَأَجْرًا عَظِيمًا
567,وَهُوَ مَعَكُمْ أَيْنَ مَا كُنتُمْ
568,مَا وَدَّعَكَ رَبُّكَ وَمَا قَلَى
569,وَلَسَوْفَ يُعْطِيكَ رَبُّكَ فَتَرْضَى
570,إِنَّ رَبِّي لَطِيفٌ لِّمَا يَشَاءُ إِنَّهُ هُوَ الْعَلِيمُ الْحَكِيمُ
571,فَبِمَا رَحْمَةٍ مِّنَ اللَّهِ لِنتَ لَهُمْ
572,وَقُل رَّبِّ زِدْنِي عِلْمًا
573,وَمَا كَانَ اللَّهُ مُعَذِّبَهُمْ وَهُمْ يَسْتَغْفِرُونَ
574,إِنَّ مَعِيَ رَبِّي سَيَهْدِينِ
575,ادْعُونِي أَسْتَجِبْ لَكُمْ
576,حَسْبُنَا اللَّهُ وَنِعْمَ الْوَكِيلُ
577,رَبَّنَا آتِنَا فِي الدُّنْيَا حَسَنَةً وَفِي الآخِرَةِ حَسَنَةً وَقِنَا عَذَابَ النَّارِ
578,رَبِّ اشْرَحْ لِي صَدْرِي ۝ وَيَسِّرْ لِي أَمْرِي
579,إِنَّمَا أَشْكُو بَثِّي وَحُزْنِي إِلَى اللَّهِ
580,وَأُفَوِّضُ أَمْرِي إِلَى اللَّهِ إِنَّ اللَّهَ بَصِيرٌ بِالْعِبَادِ
581,فَسَيَكْفِيكَهُمُ اللَّهُ وَهُوَ السَّمِيعُ الْعَلِيمُ
582,لَا إِلَهَ إِلَّا أَنْتَ سُبْحَانَكَ إِنِّي كُنْتُ مِنَ الظَّالِمِينَ
583,وَقُل رَّبِّ ارْحَمْهُمَا كَمَا رَبَّيَانِي صَغِيرًا
584,إِنَّ اللَّهَ وَمَلَائِكَتَهُ يُصَلُّونَ عَلَى النَّبِيِّ يَا أَيُّهَا الَّذِينَ آمَنُوا صَلُّوا عَلَيْهِ وَسَلِّمُوا تَسْلِيمًا
585,وَلَا تَيْأَسُوا مِن رَّوْحِ اللَّهِ إِنَّهُ لَا يَيْأَسُ مِن رَّوْحِ اللَّهِ إِلَّا الْقَوْمُ الْكَافِرُونَ
586,"احْفَظِ اللَّهَ يَحْفَظْكَ، احْفَظِ اللَّهَ تَجِدْهُ تُجَاهَكَ.

<a href=""https://t.me/SakonHeart"">الرسول صلى الله عليه وسلم</a> ✍️"
587,"عَجَبًا لأَمْرِ الْمُؤْمِنِ، إِنَّ أَمْرَهُ كُلَّهُ خَيْرٌ.

<a href=""https://t.me/SakonHeart"">الرسول صلى الله عليه وسلم</a> ✍️"
588,"تَبَسُّمُكَ فِي وَجْهِ أَخِيكَ صَدَقَةٌ.

<a href=""https://t.me/SakonHeart"">الرسول صلى الله عليه وسلم</a> ✍️"
589,"مَنْ كَانَ يُؤْمِنُ بِاللَّهِ وَالْيَوْمِ الآخِرِ فَلْيَقُلْ خَيْرًا أَوْ لِيَصْمُتْ.

<a href=""https://t.me/SakonHeart"">الرسول صلى الله عليه وسلم</a> ✍️"
590,"إِنَّمَا الأَعْمَالُ بِالنِّيَّاتِ، وَإِنَّمَا لِكُلِّ امْرِئٍ مَا نَوَى.

<a href=""https://t.me/SakonHeart"">الرسول صلى الله عليه وسلم</a> ✍️"
591,"الْمُؤْمِنُ الْقَوِيُّ خَيْرٌ وَأَحَبُّ إِلَى اللَّهِ مِنَ الْمُؤْمِنِ الضَّعِيفِ.

<a href=""https://t.me/SakonHeart"">الرسول صلى الله عليه وسلم</a> ✍️"
592,"مَنْ سَلَكَ طَرِيقًا يَلْتَمِسُ فِيهِ عِلْمًا سَهَّلَ اللَّهُ لَهُ بِهِ طَرِيقًا إِلَى الْجَنَّةِ.

<a href=""https://t.me/SakonHeart"">الرسول صلى الله عليه وسلم</a> ✍️"
593,"اتَّقِ اللَّهَ حَيْثُمَا كُنْتَ، وَأَتْبِعِ السَّيِّئَةَ الْحَسَنَةَ تَمْحُهَا.

<a href=""https://t.me/SakonHeart"">الرسول صلى الله عليه وسلم</a> ✍️"
594,"يَسِّرُوا وَلا تُعَسِّرُوا، وَبَشِّرُوا وَلا تُنَفِّرُوا.

<a href=""https://t.me/SakonHeart"">الرسول صلى الله عليه وسلم</a> ✍️"
595,"الدُّعَاءُ هُوَ الْعِبَادَةُ.

<a href=""https://t.me/SakonHeart"">الرسول صلى الله عليه وسلم</a> ✍️"
596,"مَنْ لَا يَرْحَمِ النَّاسَ لَا يَرْحَمْهُ اللَّهُ.

<a href=""https://t.me/SakonHeart"">الرسول صلى الله عليه وسلم</a> ✍️"
597,"طُوبَى لِمَنْ وَجَدَ فِي صَحِيفَتِهِ اسْتِغْفَارًا كَثِيرًا.

<a href=""https://t.me/SakonHeart"">الرسول صلى الله عليه وسلم</a> ✍️"
598,"أَقْرَبُ مَا يَكُونُ الْعَبْدُ مِنْ رَبِّهِ وَهُوَ سَاجِدٌ، فَأَكْثِرُوا الدُّعَاءَ.

<a href=""https://t.me/SakonHeart"">الرسول صلى الله عليه وسلم</a> ✍️"
599,"الْبِرُّ حُسْنُ الْخُلُقِ.

<a href=""https://t.me/SakonHeart"">الرسول صلى الله عليه وسلم</a> ✍️"
600,"كَلِمَتَانِ خَفِيفَتَانِ عَلَى اللِّسَانِ، ثَقِيلَتَانِ فِي الْمِيزَانِ: سُبْحَانَ اللَّهِ وَبِحَمْدِهِ، سُبْحَانَ اللَّهِ الْعَظِيمِ.

<a href=""https://t.me/SakonHeart"">الرسول صلى الله عليه وسلم</a> ✍️"
601,"احرص على الموت توهب لك الحياة.

<a href=""https://t.me/SakonHeart"">أبو بكر الصديق</a> ✍️"
602,"إذا استشرت فاصدق الحديث تُصْدَق النصح.

<a href=""https://t.me/SakonHeart"">أبو بكر الصديق</a> ✍️"
603,"أكيس الكيس التقوى، وأحمق الأحمق الفجور.

<a href=""https://t.me/SakonHeart"">أبو بكر الصديق</a> ✍️"
604,"إن الله يرى منكم ما لا ترون من أنفسكم.

<a href=""https://t.me/SakonHeart"">أبو بكر الصديق</a> ✍️"
605,"اصبروا فإن الصبر كرم، والعافية غنيمة.

<a href=""https://t.me/SakonHeart"">أبو بكر الصديق</a> ✍️"
606,"حاسبوا أنفسكم قبل أن تحاسبوا، وزنوها قبل أن توزونوا.

<a href=""https://t.me/SakonHeart"">عمر بن الخطاب</a> ✍️"
607,"عليك بالصدق وإن قتلك الصدق.

<a href=""https://t.me/SakonHeart"">عمر بن الخطاب</a> ✍️"
608,"نحن قوم أصلحنا الله بالإسلام، فمهما ابتغينا العزة في غيره أذلنا الله.

<a href=""https://t.me/SakonHeart"">عمر بن الخطاب</a> ✍️"
609,"لا تعتمد على خلق رجل حتى تجرّبه عند الغضب.

<a href=""https://t.me/SakonHeart"">عمر بن الخطاب</a> ✍️"
610,"وجدنا أطيب عيشنا بالصبر.

<a href=""https://t.me/SakonHeart"">عمر بن الخطاب</a> ✍️"
611,"من كثر كلامه كثر سقطه، ومن كثر سقطه قل حياؤه.

<a href=""https://t.me/SakonHeart"">عمر بن الخطاب</a> ✍️"
612,"تعلّموا العلم، وتعلّموا للعلم السكينة والوقار.

<a href=""https://t.me/SakonHeart"">عمر بن الخطاب</a> ✍️"
613,"لو طهرت قلوبكم ما شبعت من كلام ربكم.

<a href=""https://t.me/SakonHeart"">عثمان بن عفان</a> ✍️"
614,"إن الله يزع بالسلطان ما لا يزع بالقرآن.

<a href=""https://t.me/SakonHeart"">عثمان بن عفان</a> ✍️"
615,"لكل شيء آفة، وآفة العلم النسيان.

<a href=""https://t.me/SakonHeart"">عثمان بن عفان</a> ✍️"
616,"الناس نيام، فإذا ماتوا انتبهوا.

<a href=""https://t.me/SakonHeart"">علي بن أبي طالب</a> ✍️"
617,"رضا الناس غاية لا تدرك، ورضا الله غاية لا تترك.

<a href=""https://t.me/SakonHeart"">علي بن أبي طالب</a> ✍️"
618,"لا تكثر الهموم، فما قُدِّر لك سيكون.

<a href=""https://t.me/SakonHeart"">علي بن أبي طالب</a> ✍️"
619,"من أصلح ما بينه وبين الله، أصلح الله ما بينه وبين الناس.

<a href=""https://t.me/SakonHeart"">علي بن أبي طالب</a> ✍️"
620,"كفى بقناعة المرء غنى، وبتقواه حسناً.

<a href=""https://t.me/SakonHeart"">علي بن أبي طالب</a> ✍️"
621,"الصبر من الإيمان بمنزلة الرأس من الجسد.

<a href=""https://t.me/SakonHeart"">علي بن أبي طالب</a> ✍️"
622,"من قلّ صدقه قلّ صديقه.

<a href=""https://t.me/SakonHeart"">علي بن أبي طالب</a> ✍️"
623,"يا ابن آدم، إنما أنت أيام، كلما ذهب يوم ذهب بعضك.

<a href=""https://t.me/SakonHeart"">الحسن البصري</a> ✍️"
624,"من خاف الله خاف منه كل شيء، ومن خاف الناس خوفه الله من كل شيء.

<a href=""https://t.me/SakonHeart"">الحسن البصري</a> ✍️"
625,"الدنيا كلها ظلام إلا مجالس العلماء.

<a href=""https://t.me/SakonHeart"">الحسن البصري</a> ✍️"
626,"استكثروا من الأصدقاء المؤمنين فإن لهم شفاعة يوم القيامة.

<a href=""https://t.me/SakonHeart"">الحسن البصري</a> ✍️"
627,"إن المؤمن أحسن الظن بربه فأحسن العمل، وإن المنافق أساء الظن بربه فأساء العمل.

<a href=""https://t.me/SakonHeart"">الحسن البصري</a> ✍️"
628,"الزهد في الدنيا يريح القلب والبدن.

<a href=""https://t.me/SakonHeart"">الحسن البصري</a> ✍️"
629,"لا يزال العبد بخير ما كان له واعظ من نفسه.

<a href=""https://t.me/SakonHeart"">الحسن البصري</a> ✍️"
630,"القلب يمرض كما يمرض البدن، وشفاؤه في التوبة والحمية.

<a href=""https://t.me/SakonHeart"">ابن القيم</a> ✍️"
631,"من وطَّن قلبه عند ربه سكن واستراح، ومن أرسله في الناس اضطرب واشتد به القلق.

<a href=""https://t.me/SakonHeart"">ابن القيم</a> ✍️"
632,"الدعاء من أنفع الأدوية، وهو عدو البلاء، يدقعه ويعالجه.

<a href=""https://t.me/SakonHeart"">ابن القيم</a> ✍️"
633,"إضاعَةُ الوَقْتِ أشَدُّ مِنَ المَوْتِ؛ لأنَّ إضاعَةَ الوَقْتِ تَقْطَعُكَ عَنِ اللَّهِ وَالدّارِ الآخِرَةِ.

<a href=""https://t.me/SakonHeart"">ابن القيم</a> ✍️"
634,"من عرف نفسه اشتغل بإصلاحها عن عيوب الناس.

<a href=""https://t.me/SakonHeart"">ابن القيم</a> ✍️"
635,"للعبد بين يدي الله موقفان: موقف بين يديه في الصلاة، وموقف بين يديه يوم لقائه.

<a href=""https://t.me/SakonHeart"">ابن القيم</a> ✍️"
636,"إذا أصبح العبد وأمسى وليس همه إلا الله وحده، حمل الله عنه حوائجه كلها.

<a href=""https://t.me/SakonHeart"">ابن القيم</a> ✍️"
637,"ما أنعم الله على عبد بنعمة أعظم من أن هداه للإسلام.

<a href=""https://t.me/SakonHeart"">ابن القيم</a> ✍️"
638,"الصبر الجميل هو الذي لا شكوى فيه إلى المخلوق.

<a href=""https://t.me/SakonHeart"">ابن القيم</a> ✍️"
639,"الذِكر للقلب مثل الماء للسمك، فكيف يكون حال السمك إذا أُخرج من الماء؟

<a href=""https://t.me/SakonHeart"">ابن تيمية</a> ✍️"
640,"مَن أراد السعادة الأبدية فليلتزم عتبة العبودية.

<a href=""https://t.me/SakonHeart"">ابن تيمية</a> ✍️"
641,"ما يفعل أعدائي بي؟ أنا جنّتي وبستاني في صدري، أينما ذهبت فهي معي.

<a href=""https://t.me/SakonHeart"">ابن تيمية</a> ✍️"
642,"إن في الدنيا جنة من لم يدخلها لم يدخل جنة الآخرة: هي معرفة الله ومحبته.

<a href=""https://t.me/SakonHeart"">ابن تيمية</a> ✍️"
643,"الاستغفار يخرج العبد من الفعل المكروه إلى الفعل المحبوب.

<a href=""https://t.me/SakonHeart"">ابن تيمية</a> ✍️"
644,"إذا تخلى الناس عنك في الكرب، فاعلم أن الله يريد أن يتولى أمرك بنفسه.

<a href=""https://t.me/SakonHeart"">الإمام الشافعي</a> ✍️"
645,"من لزم التقوى يستضاء بنوره، ومن حاد عنها خاب وخسر.

<a href=""https://t.me/SakonHeart"">الإمام الشافعي</a> ✍️"
646,"شكوت إلى وكيع سوء حفظي، فأرشدني إلى ترك المعاصي.

<a href=""https://t.me/SakonHeart"">الإمام الشافعي</a> ✍️"
647,"من ظن أنه يستغني عن العلم فقد ظلم نفسه.

<a href=""https://t.me/SakonHeart"">الإمام الشافعي</a> ✍️"
648,"ما عالجت شيئاً أشد عليّ من نيتي، لأنها تتقلب عليّ.

<a href=""https://t.me/SakonHeart"">سفيان الثوري</a> ✍️"
649,"إذا أردت أن تعرف قدرك عند الله، فانظر فيما يقيمك.

<a href=""https://t.me/SakonHeart"">سفيان الثوري</a> ✍️"
650,"المؤمن يستر ويوجه، والفاجر يهتك ويعيّر.

<a href=""https://t.me/SakonHeart"">الفضيل بن عياض</a> ✍️"
651,"ترك العمل من أجل الناس رياء، والعمل من أجل الناس شرك.

<a href=""https://t.me/SakonHeart"">الفضيل بن عياض</a> ✍️"
652,"معالم الهدى في كتاب الله، فمن أراد العلم فليثوّر القرآن.

<a href=""https://t.me/SakonHeart"">عبد الله بن مسعود</a> ✍️"
653,"ما ندمت على شيء ندمي على يوم غربت شمسه نقص فيه أجلي ولم يزد فيه عملي.

<a href=""https://t.me/SakonHeart"">عبد الله بن مسعود</a> ✍️"
654,"من أصلح سريرته فاح عبير فضله، وابتسمت القلوب إليه.

<a href=""https://t.me/SakonHeart"">ابن الجوزي</a> ✍️"
655,"عجباً لمن يبكي على موت بدنه، ولا يبكي على موت قلبه!

<a href=""https://t.me/SakonHeart"">ابن الجوزي</a> ✍️"
656,"الغيبة هي الصاعقة التي تحرق الطاعات.

<a href=""https://t.me/SakonHeart"">الإمام الغزالي</a> ✍️"
657,"النية روح العمل، وبدونها يكون العمل جثة هامدة.

<a href=""https://t.me/SakonHeart"">الإمام الغزالي</a> ✍️"
658,"الحكمة هي العلم الممزوج بالعمل.

<a href=""https://t.me/SakonHeart"">الإمام الغزالي</a> ✍️"
659,"أصلحوا سرايركم تصلح علانيتكم، واعملوا لآخرتكم تكفوا أمر دنياكم.

<a href=""https://t.me/SakonHeart"">عمر بن عبد العزيز</a> ✍️"
660,"أفضل العبادة أداء الفرائض واجتناب المحارم.

<a href=""https://t.me/SakonHeart"">عمر بن عبد العزيز</a> ✍️"
661,"ربما أعطاك فمنعك، وربما منعك فأعطاك.

<a href=""https://t.me/SakonHeart"">ابن عطاء الله السكندري</a> ✍️"
662,"معصية أورثت ذلاً وافتقاراً خير من طاعة أورثت عزاً واستكباراً.

<a href=""https://t.me/SakonHeart"">ابن عطاء الله السكندري</a> ✍️"
663,"الناس إلى العلم أحوج منهم إلى الطعام والشراب.

<a href=""https://t.me/SakonHeart"">الإمام أحمد بن حنبل</a> ✍️"
664,"السنة سفينة نوح، من ركبها نجا، ومن تخلف عنها غرق.

<a href=""https://t.me/SakonHeart"">الإمام مالك</a> ✍️"
665,"لن يصلح آخر هذه الأمة إلا بماصلح به أولها.

<a href=""https://t.me/SakonHeart"">الإمام مالك</a> ✍️"
666,"البدايات المشرقة تكفل النهايات المشرقة.

<a href=""https://t.me/SakonHeart"">الإمام النووي</a> ✍️"
667,وَاصْبِرْ لِحُكْمِ رَبِّكَ فَإِنَّكَ بِأَعْيُنِنَا
668,فَإِنَّ مَعَ الْعُسْرِ يُسْرًا ۝ إِنَّ مَعَ الْعُسْرِ يُسْرًا
669,وَمَن يَتَّقِ اللَّهَ يَجْعَل لَّهُ مَخْرَجًا ۝ وَيَرْزُقْهُ مِنْ حَيْثُ لَا يَحْتَسِبُ
670,أَلَا بِذِكْرِ اللَّهِ تَطْمَئِنُّ الْقُلُوبُ
671,قُل يَا عِبَادِيَ الَّذِينَ أَسْرَفُوا عَلَى أَنفُسِهِمْ لَا تَقْنَطُوا مِن رَّحْمَةِ اللَّهِ
672,وَإِذَا سَأَلَكَ عِبَادِي عَنِّي فَإِنِّي قَرِيبٌ أُجِيبُ دَعْوَةَ الدَّاعِ إِذَا دَعَانِ
673,لَا تُدْرِكُهُ الْأَبْصَارُ وَهُوَ يُدْرِكُ الْأَبْصَارَ وَهُوَ اللَّطِيفُ الْخَبِيرُ
674,وَتَوَكَّلْ عَلَى الْحَيِّ الَّذِي لَا يَمُوتُ
675,وَعَسَى أَن تَكْرَهُوا شَيْئًا وَهُوَ خَيْرٌ لَّكُمْ
676,إِنَّ اللَّهَ مَعَ الصَّابِرِينَ
677,وَالذَّاكِرِينَ اللَّهَ كَثِيرًا وَالذَّاكِرَاتِ أَعَدَّ اللَّهُ لَهُم مَّغْفِرَةً وَأَجْرًا عَظِيمًا
678,وَهُوَ مَعَكُمْ أَيْنَ مَا كُنتُمْ
679,مَا وَدَّعَكَ رَبُّكَ وَمَا قَلَى
680,وَلَسَوْفَ يُعْطِيكَ رَبُّكَ فَتَرْضَى
681,إِنَّ رَبِّي لَطِيفٌ لِّمَا يَشَاءُ إِنَّهُ هُوَ الْعَلِيمُ الْحَكِيمُ
682,فَبِمَا رَحْمَةٍ مِّنَ اللَّهِ لِنتَ لَهُمْ
683,وَقُل رَّبِّ زِدْنِي عِلْمًا
684,وَمَا كَانَ اللَّهُ مُعَذِّبَهُمْ وَهُمْ يَسْتَغْفِرُونَ
685,إِنَّ مَعِيَ رَبِّي سَيَهْدِينِ
686,ادْعُونِي أَسْتَجِبْ لَكُمْ
687,حَسْبُنَا اللَّهُ وَنِعْمَ الْوَكِيلُ
688,رَبَّنَا آتِنَا فِي الدُّنْيَا حَسَنَةً وَفِي الآخِرَةِ حَسَنَةً وَقِنَا عَذَابَ النَّارِ
689,رَبِّ اشْرَحْ لِي صَدْرِي ۝ وَيَسِّرْ لِي أَمْرِي
690,إِنَّمَا أَشْكُو بَثِّي وَحُزْنِي إِلَى اللَّهِ
691,وَأُفَوِّضُ أَمْرِي إِلَى اللَّهِ إِنَّ اللَّهَ بَصِيرٌ بِالْعِبَادِ
692,فَسَيَكْفِيكَهُمُ اللَّهُ وَهُوَ السَّمِيعُ الْعَلِيمُ
693,لَا إِلَهَ إِلَّا أَنْتَ سُبْحَانَكَ إِنِّي كُنْتُ مِنَ الظَّالِمِينَ
694,وَقُل رَّبِّ ارْحَمْهُمَا كَمَا رَبَّيَانِي صَغِيرًا
695,إِنَّ اللَّهَ وَمَلَائِكَتَهُ يُصَلُّونَ عَلَى النَّبِيِّ يَا أَيُّهَا الَّذِينَ آمَنُوا صَلُّوا عَلَيْهِ وَسَلِّمُوا تَسْلِيمًا
696,وَلَا تَيْأَسُوا مِن رَّوْحِ اللَّهِ إِنَّهُ لَا يَيْأَسُ مِن رَّوْحِ اللَّهِ إِلَّا الْقَوْمُ الْكَافِرُونَ
697,"احْفَظِ اللَّهَ يَحْفَظْكَ، احْفَظِ اللَّهَ تَجِدْهُ تُجَاهَكَ.

<a href=""https://t.me/SakonHeart"">الرسول صلى الله عليه وسلم</a> ✍️"
698,"عَجَبًا لأَمْرِ الْمُؤْمِنِ، إِنَّ أَمْرَهُ كُلَّهُ خَيْرٌ.

<a href=""https://t.me/SakonHeart"">الرسول صلى الله عليه وسلم</a> ✍️"
699,"تَبَسُّمُكَ فِي وَجْهِ أَخِيكَ صَدَقَةٌ.

<a href=""https://t.me/SakonHeart"">الرسول صلى الله عليه وسلم</a> ✍️"
700,"مَنْ كَانَ يُؤْمِنُ بِاللَّهِ وَالْيَوْمِ الآخِرِ فَلْيَقُلْ خَيْرًا أَوْ لِيَصْمُتْ.

<a href=""https://t.me/SakonHeart"">الرسول صلى الله عليه وسلم</a> ✍️"
701,"إِنَّمَا الأَعْمَالُ بِالنِّيَّاتِ، وَإِنَّمَا لِكُلِّ امْرِئٍ مَا نَوَى.

<a href=""https://t.me/SakonHeart"">الرسول صلى الله عليه وسلم</a> ✍️"
702,"الْمُؤْمِنُ الْقَوِيُّ خَيْرٌ وَأَحَبُّ إِلَى اللَّهِ مِنَ الْمُؤْمِنِ الضَّعِيفِ.

<a href=""https://t.me/SakonHeart"">الرسول صلى الله عليه وسلم</a> ✍️"
703,"مَنْ سَلَكَ طَرِيقًا يَلْتَمِسُ فِيهِ عِلْمًا سَهَّلَ اللَّهُ لَهُ بِهِ طَرِيقًا إِلَى الْجَنَّةِ.

<a href=""https://t.me/SakonHeart"">الرسول صلى الله عليه وسلم</a> ✍️"
704,"اتَّقِ اللَّهَ حَيْثُمَا كُنْتَ، وَأَتْبِعِ السَّيِّئَةَ الْحَسَنَةَ تَمْحُهَا.

<a href=""https://t.me/SakonHeart"">الرسول صلى الله عليه وسلم</a> ✍️"
705,"يَسِّرُوا وَلا تُعَسِّرُوا، وَبَشِّرُوا وَلا تُنَفِّرُوا.

<a href=""https://t.me/SakonHeart"">الرسول صلى الله عليه وسلم</a> ✍️"
706,"الدُّعَاءُ هُوَ الْعِبَادَةُ.

<a href=""https://t.me/SakonHeart"">الرسول صلى الله عليه وسلم</a> ✍️"
707,"مَنْ لَا يَرْحَمِ النَّاسَ لَا يَرْحَمْهُ اللَّهُ.

<a href=""https://t.me/SakonHeart"">الرسول صلى الله عليه وسلم</a> ✍️"
708,"طُوبَى لِمَنْ وَجَدَ فِي صَحِيفَتِهِ اسْتِغْفَارًا كَثِيرًا.

<a href=""https://t.me/SakonHeart"">الرسول صلى الله عليه وسلم</a> ✍️"
709,"أَقْرَبُ مَا يَكُونُ الْعَبْدُ مِنْ رَبِّهِ وَهُوَ سَاجِدٌ، فَأَكْثِرُوا الدُّعَاءَ.

<a href=""https://t.me/SakonHeart"">الرسول صلى الله عليه وسلم</a> ✍️"
710,"الْبِرُّ حُسْنُ الْخُلُقِ.

<a href=""https://t.me/SakonHeart"">الرسول صلى الله عليه وسلم</a> ✍️"
711,"كَلِمَتَانِ خَفِيفَتَانِ عَلَى اللِّسَانِ، ثَقِيلَتَانِ فِي الْمِيزَانِ: سُبْحَانَ اللَّهِ وَبِحَمْدِهِ، سُبْحَانَ اللَّهِ الْعَظِيمِ.

<a href=""https://t.me/SakonHeart"">الرسول صلى الله عليه وسلم</a> ✍️"
712,"احرص على الموت توهب لك الحياة.

<a href=""https://t.me/SakonHeart"">أبو بكر الصديق</a> ✍️"
713,"إذا استشرت فاصدق الحديث تُصْدَق النصح.

<a href=""https://t.me/SakonHeart"">أبو بكر الصديق</a> ✍️"
714,"أكيس الكيس التقوى، وأحمق الأحمق الفجور.

<a href=""https://t.me/SakonHeart"">أبو بكر الصديق</a> ✍️"
715,"إن الله يرى منكم ما لا ترون من أنفسكم.

<a href=""https://t.me/SakonHeart"">أبو بكر الصديق</a> ✍️"
716,"اصبروا فإن الصبر كرم، والعافية غنيمة.

<a href=""https://t.me/SakonHeart"">أبو بكر الصديق</a> ✍️"
717,"حاسبوا أنفسكم قبل أن تحاسبوا، وزنوها قبل أن توزونوا.

<a href=""https://t.me/SakonHeart"">عمر بن الخطاب</a> ✍️"
718,"عليك بالصدق وإن قتلك الصدق.

<a href=""https://t.me/SakonHeart"">عمر بن الخطاب</a> ✍️"
719,"نحن قوم أصلحنا الله بالإسلام، فمهما ابتغينا العزة في غيره أذلنا الله.

<a href=""https://t.me/SakonHeart"">عمر بن الخطاب</a> ✍️"
720,"لا تعتمد على خلق رجل حتى تجرّبه عند الغضب.

<a href=""https://t.me/SakonHeart"">عمر بن الخطاب</a> ✍️"
721,"وجدنا أطيب عيشنا بالصبر.

<a href=""https://t.me/SakonHeart"">عمر بن الخطاب</a> ✍️"
722,"من كثر كلامه كثر سقطه، ومن كثر سقطه قل حياؤه.

<a href=""https://t.me/SakonHeart"">عمر بن الخطاب</a> ✍️"
723,"تعلّموا العلم، وتعلّموا للعلم السكينة والوقار.

<a href=""https://t.me/SakonHeart"">عمر بن الخطاب</a> ✍️"
724,"لو طهرت قلوبكم ما شبعت من كلام ربكم.

<a href=""https://t.me/SakonHeart"">عثمان بن عفان</a> ✍️"
725,"إن الله يزع بالسلطان ما لا يزع بالقرآن.

<a href=""https://t.me/SakonHeart"">عثمان بن عفان</a> ✍️"
726,"لكل شيء آفة، وآفة العلم النسيان.

<a href=""https://t.me/SakonHeart"">عثمان بن عفان</a> ✍️"
727,"الناس نيام، فإذا ماتوا انتبهوا.

<a href=""https://t.me/SakonHeart"">علي بن أبي طالب</a> ✍️"
728,"رضا الناس غاية لا تدرك، ورضا الله غاية لا تترك.

<a href=""https://t.me/SakonHeart"">علي بن أبي طالب</a> ✍️"
729,"لا تكثر الهموم، فما قُدِّر لك سيكون.

<a href=""https://t.me/SakonHeart"">علي بن أبي طالب</a> ✍️"
730,"من أصلح ما بينه وبين الله، أصلح الله ما بينه وبين الناس.

<a href=""https://t.me/SakonHeart"">علي بن أبي طالب</a> ✍️"
731,"كفى بقناعة المرء غنى، وبتقواه حسناً.

<a href=""https://t.me/SakonHeart"">علي بن أبي طالب</a> ✍️"
732,"الصبر من الإيمان بمنزلة الرأس من الجسد.

<a href=""https://t.me/SakonHeart"">علي بن أبي طالب</a> ✍️"
733,"من قلّ صدقه قلّ صديقه.

<a href=""https://t.me/SakonHeart"">علي بن أبي طالب</a> ✍️"
734,"يا ابن آدم، إنما أنت أيام، كلما ذهب يوم ذهب بعضك.

<a href=""https://t.me/SakonHeart"">الحسن البصري</a> ✍️"
735,"من خاف الله خاف منه كل شيء، ومن خاف الناس خوفه الله من كل شيء.

<a href=""https://t.me/SakonHeart"">الحسن البصري</a> ✍️"
736,"الدنيا كلها ظلام إلا مجالس العلماء.

<a href=""https://t.me/SakonHeart"">الحسن البصري</a> ✍️"
737,"استكثروا من الأصدقاء المؤمنين فإن لهم شفاعة يوم القيامة.

<a href=""https://t.me/SakonHeart"">الحسن البصري</a> ✍️"
738,"إن المؤمن أحسن الظن بربه فأحسن العمل، وإن المنافق أساء الظن بربه فأساء العمل.

<a href=""https://t.me/SakonHeart"">الحسن البصري</a> ✍️"
739,"الزهد في الدنيا يريح القلب والبدن.

<a href=""https://t.me/SakonHeart"">الحسن البصري</a> ✍️"
740,"لا يزال العبد بخير ما كان له واعظ من نفسه.

<a href=""https://t.me/SakonHeart"">الحسن البصري</a> ✍️"
741,"القلب يمرض كما يمرض البدن، وشفاؤه في التوبة والحمية.

<a href=""https://t.me/SakonHeart"">ابن القيم</a> ✍️"
742,"من وطَّن قلبه عند ربه سكن واستراح، ومن أرسله في الناس اضطرب واشتد به القلق.

<a href=""https://t.me/SakonHeart"">ابن القيم</a> ✍️"
743,"الدعاء من أنفع الأدوية، وهو عدو البلاء، يدقعه ويعالجه.

<a href=""https://t.me/SakonHeart"">ابن القيم</a> ✍️"
744,"إضاعَةُ الوَقْتِ أشَدُّ مِنَ المَوْتِ؛ لأنَّ إضاعَةَ الوَقْتِ تَقْطَعُكَ عَنِ اللَّهِ وَالدّارِ الآخِرَةِ.

<a href=""https://t.me/SakonHeart"">ابن القيم</a> ✍️"
745,"من عرف نفسه اشتغل بإصلاحها عن عيوب الناس.

<a href=""https://t.me/SakonHeart"">ابن القيم</a> ✍️"
746,"للعبد بين يدي الله موقفان: موقف بين يديه في الصلاة، وموقف بين يديه يوم لقائه.

<a href=""https://t.me/SakonHeart"">ابن القيم</a> ✍️"
747,"إذا أصبح العبد وأمسى وليس همه إلا الله وحده، حمل الله عنه حوائجه كلها.

<a href=""https://t.me/SakonHeart"">ابن القيم</a> ✍️"
748,"ما أنعم الله على عبد بنعمة أعظم من أن هداه للإسلام.

<a href=""https://t.me/SakonHeart"">ابن القيم</a> ✍️"
749,"الصبر الجميل هو الذي لا شكوى فيه إلى المخلوق.

<a href=""https://t.me/SakonHeart"">ابن القيم</a> ✍️"
750,"الذِكر للقلب مثل الماء للسمك، فكيف يكون حال السمك إذا أُخرج من الماء؟

<a href=""https://t.me/SakonHeart"">ابن تيمية</a> ✍️"
751,"مَن أراد السعادة الأبدية فليلتزم عتبة العبودية.

<a href=""https://t.me/SakonHeart"">ابن تيمية</a> ✍️"
752,"ما يفعل أعدائي بي؟ أنا جنّتي وبستاني في صدري، أينما ذهبت فهي معي.

<a href=""https://t.me/SakonHeart"">ابن تيمية</a> ✍️"
753,"إن في الدنيا جنة من لم يدخلها لم يدخل جنة الآخرة: هي معرفة الله ومحبته.

<a href=""https://t.me/SakonHeart"">ابن تيمية</a> ✍️"
754,"الاستغفار يخرج العبد من الفعل المكروه إلى الفعل المحبوب.

<a href=""https://t.me/SakonHeart"">ابن تيمية</a> ✍️"
755,"إذا تخلى الناس عنك في الكرب، فاعلم أن الله يريد أن يتولى أمرك بنفسه.

<a href=""https://t.me/SakonHeart"">الإمام الشافعي</a> ✍️"
756,"من لزم التقوى يستضاء بنوره، ومن حاد عنها خاب وخسر.

<a href=""https://t.me/SakonHeart"">الإمام الشافعي</a> ✍️"
757,"شكوت إلى وكيع سوء حفظي، فأرشدني إلى ترك المعاصي.

<a href=""https://t.me/SakonHeart"">الإمام الشافعي</a> ✍️"
758,"من ظن أنه يستغني عن العلم فقد ظلم نفسه.

<a href=""https://t.me/SakonHeart"">الإمام الشافعي</a> ✍️"
759,"ما عالجت شيئاً أشد عليّ من نيتي، لأنها تتقلب عليّ.

<a href=""https://t.me/SakonHeart"">سفيان الثوري</a> ✍️"
760,"إذا أردت أن تعرف قدرك عند الله، فانظر فيما يقيمك.

<a href=""https://t.me/SakonHeart"">سفيان الثوري</a> ✍️"
761,"المؤمن يستر ويوجه، والفاجر يهتك ويعيّر.

<a href=""https://t.me/SakonHeart"">الفضيل بن عياض</a> ✍️"
762,"ترك العمل من أجل الناس رياء، والعمل من أجل الناس شرك.

<a href=""https://t.me/SakonHeart"">الفضيل بن عياض</a> ✍️"
763,"معالم الهدى في كتاب الله، فمن أراد العلم فليثوّر القرآن.

<a href=""https://t.me/SakonHeart"">عبد الله بن مسعود</a> ✍️"
764,"ما ندمت على شيء ندمي على يوم غربت شمسه نقص فيه أجلي ولم يزد فيه عملي.

<a href=""https://t.me/SakonHeart"">عبد الله بن مسعود</a> ✍️"
765,"من أصلح سريرته فاح عبير فضله، وابتسمت القلوب إليه.

<a href=""https://t.me/SakonHeart"">ابن الجوزي</a> ✍️"
766,"عجباً لمن يبكي على موت بدنه، ولا يبكي على موت قلبه!

<a href=""https://t.me/SakonHeart"">ابن الجوزي</a> ✍️"
767,"الغيبة هي الصاعقة التي تحرق الطاعات.

<a href=""https://t.me/SakonHeart"">الإمام الغزالي</a> ✍️"
768,"النية روح العمل، وبدونها يكون العمل جثة هامدة.

<a href=""https://t.me/SakonHeart"">الإمام الغزالي</a> ✍️"
769,"الحكمة هي العلم الممزوج بالعمل.

<a href=""https://t.me/SakonHeart"">الإمام الغزالي</a> ✍️"
770,"أصلحوا سرايركم تصلح علانيتكم، واعملوا لآخرتكم تكفوا أمر دنياكم.

<a href=""https://t.me/SakonHeart"">عمر بن عبد العزيز</a> ✍️"
771,"أفضل العبادة أداء الفرائض واجتناب المحارم.

<a href=""https://t.me/SakonHeart"">عمر بن عبد العزيز</a> ✍️"
772,"ربما أعطاك فمنعك، وربما منعك فأعطاك.

<a href=""https://t.me/SakonHeart"">ابن عطاء الله السكندري</a> ✍️"
773,"معصية أورثت ذلاً وافتقاراً خير من طاعة أورثت عزاً واستكباراً.

<a href=""https://t.me/SakonHeart"">ابن عطاء الله السكندري</a> ✍️"
774,"الناس إلى العلم أحوج منهم إلى الطعام والشراب.

<a href=""https://t.me/SakonHeart"">الإمام أحمد بن حنبل</a> ✍️"
775,"السنة سفينة نوح، من ركبها نجا، ومن تخلف عنها غرق.

<a href=""https://t.me/SakonHeart"">الإمام مالك</a> ✍️"
776,"لن يصلح آخر هذه الأمة إلا بماصلح به أولها.

<a href=""https://t.me/SakonHeart"">الإمام مالك</a> ✍️"
777,"البدايات المشرقة تكفل النهايات المشرقة.

<a href=""https://t.me/SakonHeart"">الإمام النووي</a> ✍️"
778,وَاصْبِرْ لِحُكْمِ رَبِّكَ فَإِنَّكَ بِأَعْيُنِنَا
779,فَإِنَّ مَعَ الْعُسْرِ يُسْرًا ۝ إِنَّ مَعَ الْعُسْرِ يُسْرًا
780,وَمَن يَتَّقِ اللَّهَ يَجْعَل لَّهُ مَخْرَجًا ۝ وَيَرْزُقْهُ مِنْ حَيْثُ لَا يَحْتَسِبُ
781,أَلَا بِذِكْرِ اللَّهِ تَطْمَئِنُّ الْقُلُوبُ
782,قُل يَا عِبَادِيَ الَّذِينَ أَسْرَفُوا عَلَى أَنفُسِهِمْ لَا تَقْنَطُوا مِن رَّحْمَةِ اللَّهِ
783,وَإِذَا سَأَلَكَ عِبَادِي عَنِّي فَإِنِّي قَرِيبٌ أُجِيبُ دَعْوَةَ الدَّاعِ إِذَا دَعَانِ
784,لَا تُدْرِكُهُ الْأَبْصَارُ وَهُوَ يُدْرِكُ الْأَبْصَارَ وَهُوَ اللَّطِيفُ الْخَبِيرُ
785,وَتَوَكَّلْ عَلَى الْحَيِّ الَّذِي لَا يَمُوتُ
786,وَعَسَى أَن تَكْرَهُوا شَيْئًا وَهُوَ خَيْرٌ لَّكُمْ
787,إِنَّ اللَّهَ مَعَ الصَّابِرِينَ
788,وَالذَّاكِرِينَ اللَّهَ كَثِيرًا وَالذَّاكِرَاتِ أَعَدَّ اللَّهُ لَهُم مَّغْفِرَةً وَأَجْرًا عَظِيمًا
789,وَهُوَ مَعَكُمْ أَيْنَ مَا كُنتُمْ
790,مَا وَدَّعَكَ رَبُّكَ وَمَا قَلَى
791,وَلَسَوْفَ يُعْطِيكَ رَبُّكَ فَتَرْضَى
792,إِنَّ رَبِّي لَطِيفٌ لِّمَا يَشَاءُ إِنَّهُ هُوَ الْعَلِيمُ الْحَكِيمُ
793,فَبِمَا رَحْمَةٍ مِّنَ اللَّهِ لِنتَ لَهُمْ
794,وَقُل رَّبِّ زِدْنِي عِلْمًا
795,وَمَا كَانَ اللَّهُ مُعَذِّبَهُمْ وَهُمْ يَسْتَغْفِرُونَ
796,إِنَّ مَعِيَ رَبِّي سَيَهْدِينِ
797,ادْعُونِي أَسْتَجِبْ لَكُمْ
798,حَسْبُنَا اللَّهُ وَنِعْمَ الْوَكِيلُ
799,رَبَّنَا آتِنَا فِي الدُّنْيَا حَسَنَةً وَفِي الآخِرَةِ حَسَنَةً وَقِنَا عَذَابَ النَّارِ
800,رَبِّ اشْرَحْ لِي صَدْرِي ۝ وَيَسِّرْ لِي أَمْرِي
801,إِنَّمَا أَشْكُو بَثِّي وَحُزْنِي إِلَى اللَّهِ
802,وَأُفَوِّضُ أَمْرِي إِلَى اللَّهِ إِنَّ اللَّهَ بَصِيرٌ بِالْعِبَادِ
803,فَسَيَكْفِيكَهُمُ اللَّهُ وَهُوَ السَّمِيعُ الْعَلِيمُ
804,لَا إِلَهَ إِلَّا أَنْتَ سُبْحَانَكَ إِنِّي كُنْتُ مِنَ الظَّالِمِينَ
805,وَقُل رَّبِّ ارْحَمْهُمَا كَمَا رَبَّيَانِي صَغِيرًا
806,إِنَّ اللَّهَ وَمَلَائِكَتَهُ يُصَلُّونَ عَلَى النَّبِيِّ يَا أَيُّهَا الَّذِينَ آمَنُوا صَلُّوا عَلَيْهِ وَسَلِّمُوا تَسْلِيمًا
807,وَلَا تَيْأَسُوا مِن رَّوْحِ اللَّهِ إِنَّهُ لَا يَيْأَسُ مِن رَّوْحِ اللَّهِ إِلَّا الْقَوْمُ الْكَافِرُونَ
808,"احْفَظِ اللَّهَ يَحْفَظْكَ، احْفَظِ اللَّهَ تَجِدْهُ تُجَاهَكَ.

<a href=""https://t.me/SakonHeart"">الرسول صلى الله عليه وسلم</a> ✍️"
809,"عَجَبًا لأَمْرِ الْمُؤْمِنِ، إِنَّ أَمْرَهُ كُلَّهُ خَيْرٌ.

<a href=""https://t.me/SakonHeart"">الرسول صلى الله عليه وسلم</a> ✍️"
810,"تَبَسُّمُكَ فِي وَجْهِ أَخِيكَ صَدَقَةٌ.

<a href=""https://t.me/SakonHeart"">الرسول صلى الله عليه وسلم</a> ✍️"
811,"مَنْ كَانَ يُؤْمِنُ بِاللَّهِ وَالْيَوْمِ الآخِرِ فَلْيَقُلْ خَيْرًا أَوْ لِيَصْمُتْ.

<a href=""https://t.me/SakonHeart"">الرسول صلى الله عليه وسلم</a> ✍️"
812,"إِنَّمَا الأَعْمَالُ بِالنِّيَّاتِ، وَإِنَّمَا لِكُلِّ امْرِئٍ مَا نَوَى.

<a href=""https://t.me/SakonHeart"">الرسول صلى الله عليه وسلم</a> ✍️"
813,"الْمُؤْمِنُ الْقَوِيُّ خَيْرٌ وَأَحَبُّ إِلَى اللَّهِ مِنَ الْمُؤْمِنِ الضَّعِيفِ.

<a href=""https://t.me/SakonHeart"">الرسول صلى الله عليه وسلم</a> ✍️"
814,"مَنْ سَلَكَ طَرِيقًا يَلْتَمِسُ فِيهِ عِلْمًا سَهَّلَ اللَّهُ لَهُ بِهِ طَرِيقًا إِلَى الْجَنَّةِ.

<a href=""https://t.me/SakonHeart"">الرسول صلى الله عليه وسلم</a> ✍️"
815,"اتَّقِ اللَّهَ حَيْثُمَا كُنْتَ، وَأَتْبِعِ السَّيِّئَةَ الْحَسَنَةَ تَمْحُهَا.

<a href=""https://t.me/SakonHeart"">الرسول صلى الله عليه وسلم</a> ✍️"
816,"يَسِّرُوا وَلا تُعَسِّرُوا، وَبَشِّرُوا وَلا تُنَفِّرُوا.

<a href=""https://t.me/SakonHeart"">الرسول صلى الله عليه وسلم</a> ✍️"
817,"الدُّعَاءُ هُوَ الْعِبَادَةُ.

<a href=""https://t.me/SakonHeart"">الرسول صلى الله عليه وسلم</a> ✍️"
818,"مَنْ لَا يَرْحَمِ النَّاسَ لَا يَرْحَمْهُ اللَّهُ.

<a href=""https://t.me/SakonHeart"">الرسول صلى الله عليه وسلم</a> ✍️"
819,"طُوبَى لِمَنْ وَجَدَ فِي صَحِيفَتِهِ اسْتِغْفَارًا كَثِيرًا.

<a href=""https://t.me/SakonHeart"">الرسول صلى الله عليه وسلم</a> ✍️"
820,"أَقْرَبُ مَا يَكُونُ الْعَبْدُ مِنْ رَبِّهِ وَهُوَ سَاجِدٌ، فَأَكْثِرُوا الدُّعَاءَ.

<a href=""https://t.me/SakonHeart"">الرسول صلى الله عليه وسلم</a> ✍️"
821,"الْبِرُّ حُسْنُ الْخُلُقِ.

<a href=""https://t.me/SakonHeart"">الرسول صلى الله عليه وسلم</a> ✍️"
822,"كَلِمَتَانِ خَفِيفَتَانِ عَلَى اللِّسَانِ، ثَقِيلَتَانِ فِي الْمِيزَانِ: سُبْحَانَ اللَّهِ وَبِحَمْدِهِ، سُبْحَانَ اللَّهِ الْعَظِيمِ.

<a href=""https://t.me/SakonHeart"">الرسول صلى الله عليه وسلم</a> ✍️"
823,"احرص على الموت توهب لك الحياة.

<a href=""https://t.me/SakonHeart"">أبو بكر الصديق</a> ✍️"
824,"إذا استشرت فاصدق الحديث تُصْدَق النصح.

<a href=""https://t.me/SakonHeart"">أبو بكر الصديق</a> ✍️"
825,"أكيس الكيس التقوى، وأحمق الأحمق الفجور.

<a href=""https://t.me/SakonHeart"">أبو بكر الصديق</a> ✍️"
826,"إن الله يرى منكم ما لا ترون من أنفسكم.

<a href=""https://t.me/SakonHeart"">أبو بكر الصديق</a> ✍️"
827,"اصبروا فإن الصبر كرم، والعافية غنيمة.

<a href=""https://t.me/SakonHeart"">أبو بكر الصديق</a> ✍️"
828,"حاسبوا أنفسكم قبل أن تحاسبوا، وزنوها قبل أن توزونوا.

<a href=""https://t.me/SakonHeart"">عمر بن الخطاب</a> ✍️"
829,"عليك بالصدق وإن قتلك الصدق.

<a href=""https://t.me/SakonHeart"">عمر بن الخطاب</a> ✍️"
830,"نحن قوم أصلحنا الله بالإسلام، فمهما ابتغينا العزة في غيره أذلنا الله.

<a href=""https://t.me/SakonHeart"">عمر بن الخطاب</a> ✍️"
831,"لا تعتمد على خلق رجل حتى تجرّبه عند الغضب.

<a href=""https://t.me/SakonHeart"">عمر بن الخطاب</a> ✍️"
832,"وجدنا أطيب عيشنا بالصبر.

<a href=""https://t.me/SakonHeart"">عمر بن الخطاب</a> ✍️"
833,"من كثر كلامه كثر سقطه، ومن كثر سقطه قل حياؤه.

<a href=""https://t.me/SakonHeart"">عمر بن الخطاب</a> ✍️"
834,"تعلّموا العلم، وتعلّموا للعلم السكينة والوقار.

<a href=""https://t.me/SakonHeart"">عمر بن الخطاب</a> ✍️"
835,"لو طهرت قلوبكم ما شبعت من كلام ربكم.

<a href=""https://t.me/SakonHeart"">عثمان بن عفان</a> ✍️"
836,"إن الله يزع بالسلطان ما لا يزع بالقرآن.

<a href=""https://t.me/SakonHeart"">عثمان بن عفان</a> ✍️"
837,"لكل شيء آفة، وآفة العلم النسيان.

<a href=""https://t.me/SakonHeart"">عثمان بن عفان</a> ✍️"
838,"الناس نيام، فإذا ماتوا انتبهوا.

<a href=""https://t.me/SakonHeart"">علي بن أبي طالب</a> ✍️"
839,"رضا الناس غاية لا تدرك، ورضا الله غاية لا تترك.

<a href=""https://t.me/SakonHeart"">علي بن أبي طالب</a> ✍️"
840,"لا تكثر الهموم، فما قُدِّر لك سيكون.

<a href=""https://t.me/SakonHeart"">علي بن أبي طالب</a> ✍️"
841,"من أصلح ما بينه وبين الله، أصلح الله ما بينه وبين الناس.

<a href=""https://t.me/SakonHeart"">علي بن أبي طالب</a> ✍️"
842,"كفى بقناعة المرء غنى، وبتقواه حسناً.

<a href=""https://t.me/SakonHeart"">علي بن أبي طالب</a> ✍️"
843,"الصبر من الإيمان بمنزلة الرأس من الجسد.

<a href=""https://t.me/SakonHeart"">علي بن أبي طالب</a> ✍️"
844,"من قلّ صدقه قلّ صديقه.

<a href=""https://t.me/SakonHeart"">علي بن أبي طالب</a> ✍️"
845,"يا ابن آدم، إنما أنت أيام، كلما ذهب يوم ذهب بعضك.

<a href=""https://t.me/SakonHeart"">الحسن البصري</a> ✍️"
846,"من خاف الله خاف منه كل شيء، ومن خاف الناس خوفه الله من كل شيء.

<a href=""https://t.me/SakonHeart"">الحسن البصري</a> ✍️"
847,"الدنيا كلها ظلام إلا مجالس العلماء.

<a href=""https://t.me/SakonHeart"">الحسن البصري</a> ✍️"
848,"استكثروا من الأصدقاء المؤمنين فإن لهم شفاعة يوم القيامة.

<a href=""https://t.me/SakonHeart"">الحسن البصري</a> ✍️"
849,"إن المؤمن أحسن الظن بربه فأحسن العمل، وإن المنافق أساء الظن بربه فأساء العمل.

<a href=""https://t.me/SakonHeart"">الحسن البصري</a> ✍️"
850,"الزهد في الدنيا يريح القلب والبدن.

<a href=""https://t.me/SakonHeart"">الحسن البصري</a> ✍️"
851,"لا يزال العبد بخير ما كان له واعظ من نفسه.

<a href=""https://t.me/SakonHeart"">الحسن البصري</a> ✍️"
852,"القلب يمرض كما يمرض البدن، وشفاؤه في التوبة والحمية.

<a href=""https://t.me/SakonHeart"">ابن القيم</a> ✍️"
853,"من وطَّن قلبه عند ربه سكن واستراح، ومن أرسله في الناس اضطرب واشتد به القلق.

<a href=""https://t.me/SakonHeart"">ابن القيم</a> ✍️"
854,"الدعاء من أنفع الأدوية، وهو عدو البلاء، يدقعه ويعالجه.

<a href=""https://t.me/SakonHeart"">ابن القيم</a> ✍️"
855,"إضاعَةُ الوَقْتِ أشَدُّ مِنَ المَوْتِ؛ لأنَّ إضاعَةَ الوَقْتِ تَقْطَعُكَ عَنِ اللَّهِ وَالدّارِ الآخِرَةِ.

<a href=""https://t.me/SakonHeart"">ابن القيم</a> ✍️"
856,"من عرف نفسه اشتغل بإصلاحها عن عيوب الناس.

<a href=""https://t.me/SakonHeart"">ابن القيم</a> ✍️"
857,"للعبد بين يدي الله موقفان: موقف بين يديه في الصلاة، وموقف بين يديه يوم لقائه.

<a href=""https://t.me/SakonHeart"">ابن القيم</a> ✍️"
858,"إذا أصبح العبد وأمسى وليس همه إلا الله وحده، حمل الله عنه حوائجه كلها.

<a href=""https://t.me/SakonHeart"">ابن القيم</a> ✍️"
859,"ما أنعم الله على عبد بنعمة أعظم من أن هداه للإسلام.

<a href=""https://t.me/SakonHeart"">ابن القيم</a> ✍️"
860,"الصبر الجميل هو الذي لا شكوى فيه إلى المخلوق.

<a href=""https://t.me/SakonHeart"">ابن القيم</a> ✍️"
861,"الذِكر للقلب مثل الماء للسمك، فكيف يكون حال السمك إذا أُخرج من الماء؟

<a href=""https://t.me/SakonHeart"">ابن تيمية</a> ✍️"
862,"مَن أراد السعادة الأبدية فليلتزم عتبة العبودية.

<a href=""https://t.me/SakonHeart"">ابن تيمية</a> ✍️"
863,"ما يفعل أعدائي بي؟ أنا جنّتي وبستاني في صدري، أينما ذهبت فهي معي.

<a href=""https://t.me/SakonHeart"">ابن تيمية</a> ✍️"
864,"إن في الدنيا جنة من لم يدخلها لم يدخل جنة الآخرة: هي معرفة الله ومحبته.

<a href=""https://t.me/SakonHeart"">ابن تيمية</a> ✍️"
865,"الاستغفار يخرج العبد من الفعل المكروه إلى الفعل المحبوب.

<a href=""https://t.me/SakonHeart"">ابن تيمية</a> ✍️"
866,"إذا تخلى الناس عنك في الكرب، فاعلم أن الله يريد أن يتولى أمرك بنفسه.

<a href=""https://t.me/SakonHeart"">الإمام الشافعي</a> ✍️"
867,"من لزم التقوى يستضاء بنوره، ومن حاد عنها خاب وخسر.

<a href=""https://t.me/SakonHeart"">الإمام الشافعي</a> ✍️"
868,"شكوت إلى وكيع سوء حفظي، فأرشدني إلى ترك المعاصي.

<a href=""https://t.me/SakonHeart"">الإمام الشافعي</a> ✍️"
869,"من ظن أنه يستغني عن العلم فقد ظلم نفسه.

<a href=""https://t.me/SakonHeart"">الإمام الشافعي</a> ✍️"
870,"ما عالجت شيئاً أشد عليّ من نيتي، لأنها تتقلب عليّ.

<a href=""https://t.me/SakonHeart"">سفيان الثوري</a> ✍️"
871,"إذا أردت أن تعرف قدرك عند الله، فانظر فيما يقيمك.

<a href=""https://t.me/SakonHeart"">سفيان الثوري</a> ✍️"
872,"المؤمن يستر ويوجه، والفاجر يهتك ويعيّر.

<a href=""https://t.me/SakonHeart"">الفضيل بن عياض</a> ✍️"
873,"ترك العمل من أجل الناس رياء، والعمل من أجل الناس شرك.

<a href=""https://t.me/SakonHeart"">الفضيل بن عياض</a> ✍️"
874,"معالم الهدى في كتاب الله، فمن أراد العلم فليثوّر القرآن.

<a href=""https://t.me/SakonHeart"">عبد الله بن مسعود</a> ✍️"
875,"ما ندمت على شيء ندمي على يوم غربت شمسه نقص فيه أجلي ولم يزد فيه عملي.

<a href=""https://t.me/SakonHeart"">عبد الله بن مسعود</a> ✍️"
876,"من أصلح سريرته فاح عبير فضله، وابتسمت القلوب إليه.

<a href=""https://t.me/SakonHeart"">ابن الجوزي</a> ✍️"
877,"عجباً لمن يبكي على موت بدنه، ولا يبكي على موت قلبه!

<a href=""https://t.me/SakonHeart"">ابن الجوزي</a> ✍️"
878,"الغيبة هي الصاعقة التي تحرق الطاعات.

<a href=""https://t.me/SakonHeart"">الإمام الغزالي</a> ✍️"
879,"النية روح العمل، وبدونها يكون العمل جثة هامدة.

<a href=""https://t.me/SakonHeart"">الإمام الغزالي</a> ✍️"
880,"الحكمة هي العلم الممزوج بالعمل.

<a href=""https://t.me/SakonHeart"">الإمام الغزالي</a> ✍️"
881,"أصلحوا سرايركم تصلح علانيتكم، واعملوا لآخرتكم تكفوا أمر دنياكم.

<a href=""https://t.me/SakonHeart"">عمر بن عبد العزيز</a> ✍️"
882,"أفضل العبادة أداء الفرائض واجتناب المحارم.

<a href=""https://t.me/SakonHeart"">عمر بن عبد العزيز</a> ✍️"
883,"ربما أعطاك فمنعك، وربما منعك فأعطاك.

<a href=""https://t.me/SakonHeart"">ابن عطاء الله السكندري</a> ✍️"
884,"معصية أورثت ذلاً وافتقاراً خير من طاعة أورثت عزاً واستكباراً.

<a href=""https://t.me/SakonHeart"">ابن عطاء الله السكندري</a> ✍️"
885,"الناس إلى العلم أحوج منهم إلى الطعام والشراب.

<a href=""https://t.me/SakonHeart"">الإمام أحمد بن حنبل</a> ✍️"
886,"السنة سفينة نوح، من ركبها نجا، ومن تخلف عنها غرق.

<a href=""https://t.me/SakonHeart"">الإمام مالك</a> ✍️"
887,"لن يصلح آخر هذه الأمة إلا بماصلح به أولها.

<a href=""https://t.me/SakonHeart"">الإمام مالك</a> ✍️"
888,"البدايات المشرقة تكفل النهايات المشرقة.

<a href=""https://t.me/SakonHeart"">الإمام النووي</a> ✍️"
889,وَاصْبِرْ لِحُكْمِ رَبِّكَ فَإِنَّكَ بِأَعْيُنِنَا
890,فَإِنَّ مَعَ الْعُسْرِ يُسْرًا ۝ إِنَّ مَعَ الْعُسْرِ يُسْرًا
891,وَمَن يَتَّقِ اللَّهَ يَجْعَل لَّهُ مَخْرَجًا ۝ وَيَرْزُقْهُ مِنْ حَيْثُ لَا يَحْتَسِبُ
892,أَلَا بِذِكْرِ اللَّهِ تَطْمَئِنُّ الْقُلُوبُ
893,قُل يَا عِبَادِيَ الَّذِينَ أَسْرَفُوا عَلَى أَنفُسِهِمْ لَا تَقْنَطُوا مِن رَّحْمَةِ اللَّهِ
894,وَإِذَا سَأَلَكَ عِبَادِي عَنِّي فَإِنِّي قَرِيبٌ أُجِيبُ دَعْوَةَ الدَّاعِ إِذَا دَعَانِ
895,لَا تُدْرِكُهُ الْأَبْصَارُ وَهُوَ يُدْرِكُ الْأَبْصَارَ وَهُوَ اللَّطِيفُ الْخَبِيرُ
896,وَتَوَكَّلْ عَلَى الْحَيِّ الَّذِي لَا يَمُوتُ
897,وَعَسَى أَن تَكْرَهُوا شَيْئًا وَهُوَ خَيْرٌ لَّكُمْ
898,إِنَّ اللَّهَ مَعَ الصَّابِرِينَ
899,وَالذَّاكِرِينَ اللَّهَ كَثِيرًا وَالذَّاكِرَاتِ أَعَدَّ اللَّهُ لَهُم مَّغْفِرَةً وَأَجْرًا عَظِيمًا
900,وَهُوَ مَعَكُمْ أَيْنَ مَا كُنتُمْ
901,مَا وَدَّعَكَ رَبُّكَ وَمَا قَلَى
902,وَلَسَوْفَ يُعْطِيكَ رَبُّكَ فَتَرْضَى
903,إِنَّ رَبِّي لَطِيفٌ لِّمَا يَشَاءُ إِنَّهُ هُوَ الْعَلِيمُ الْحَكِيمُ
904,فَبِمَا رَحْمَةٍ مِّنَ اللَّهِ لِنتَ لَهُمْ
905,وَقُل رَّبِّ زِدْنِي عِلْمًا
906,وَمَا كَانَ اللَّهُ مُعَذِّبَهُمْ وَهُمْ يَسْتَغْفِرُونَ
907,إِنَّ مَعِيَ رَبِّي سَيَهْدِينِ
908,ادْعُونِي أَسْتَجِبْ لَكُمْ
909,حَسْبُنَا اللَّهُ وَنِعْمَ الْوَكِيلُ
910,رَبَّنَا آتِنَا فِي الدُّنْيَا حَسَنَةً وَفِي الآخِرَةِ حَسَنَةً وَقِنَا عَذَابَ النَّارِ
911,رَبِّ اشْرَحْ لِي صَدْرِي ۝ وَيَسِّرْ لِي أَمْرِي
912,إِنَّمَا أَشْكُو بَثِّي وَحُزْنِي إِلَى اللَّهِ
913,وَأُفَوِّضُ أَمْرِي إِلَى اللَّهِ إِنَّ اللَّهَ بَصِيرٌ بِالْعِبَادِ
914,فَسَيَكْفِيكَهُمُ اللَّهُ وَهُوَ السَّمِيعُ الْعَلِيمُ
915,لَا إِلَهَ إِلَّا أَنْتَ سُبْحَانَكَ إِنِّي كُنْتُ مِنَ الظَّالِمِينَ
916,وَقُل رَّبِّ ارْحَمْهُمَا كَمَا رَبَّيَانِي صَغِيرًا
917,إِنَّ اللَّهَ وَمَلَائِكَتَهُ يُصَلُّونَ عَلَى النَّبِيِّ يَا أَيُّهَا الَّذِينَ آمَنُوا صَلُّوا عَلَيْهِ وَسَلِّمُوا تَسْلِيمًا
918,وَلَا تَيْأَسُوا مِن رَّوْحِ اللَّهِ إِنَّهُ لَا يَيْأَسُ مِن رَّوْحِ اللَّهِ إِلَّا الْقَوْمُ الْكَافِرُونَ
919,"احْفَظِ اللَّهَ يَحْفَظْكَ، احْفَظِ اللَّهَ تَجِدْهُ تُجَاهَكَ.

<a href=""https://t.me/SakonHeart"">الرسول صلى الله عليه وسلم</a> ✍️"
920,"عَجَبًا لأَمْرِ الْمُؤْمِنِ، إِنَّ أَمْرَهُ كُلَّهُ خَيْرٌ.

<a href=""https://t.me/SakonHeart"">الرسول صلى الله عليه وسلم</a> ✍️"
921,"تَبَسُّمُكَ فِي وَجْهِ أَخِيكَ صَدَقَةٌ.

<a href=""https://t.me/SakonHeart"">الرسول صلى الله عليه وسلم</a> ✍️"
922,"مَنْ كَانَ يُؤْمِنُ بِاللَّهِ وَالْيَوْمِ الآخِرِ فَلْيَقُلْ خَيْرًا أَوْ لِيَصْمُتْ.

<a href=""https://t.me/SakonHeart"">الرسول صلى الله عليه وسلم</a> ✍️"
923,"إِنَّمَا الأَعْمَالُ بِالنِّيَّاتِ، وَإِنَّمَا لِكُلِّ امْرِئٍ مَا نَوَى.

<a href=""https://t.me/SakonHeart"">الرسول صلى الله عليه وسلم</a> ✍️"
924,"الْمُؤْمِنُ الْقَوِيُّ خَيْرٌ وَأَحَبُّ إِلَى اللَّهِ مِنَ الْمُؤْمِنِ الضَّعِيفِ.

<a href=""https://t.me/SakonHeart"">الرسول صلى الله عليه وسلم</a> ✍️"
925,"مَنْ سَلَكَ طَرِيقًا يَلْتَمِسُ فِيهِ عِلْمًا سَهَّلَ اللَّهُ لَهُ بِهِ طَرِيقًا إِلَى الْجَنَّةِ.

<a href=""https://t.me/SakonHeart"">الرسول صلى الله عليه وسلم</a> ✍️"
926,"اتَّقِ اللَّهَ حَيْثُمَا كُنْتَ، وَأَتْبِعِ السَّيِّئَةَ الْحَسَنَةَ تَمْحُهَا.

<a href=""https://t.me/SakonHeart"">الرسول صلى الله عليه وسلم</a> ✍️"
927,"يَسِّرُوا وَلا تُعَسِّرُوا، وَبَشِّرُوا وَلا تُنَفِّرُوا.

<a href=""https://t.me/SakonHeart"">الرسول صلى الله عليه وسلم</a> ✍️"
928,"الدُّعَاءُ هُوَ الْعِبَادَةُ.

<a href=""https://t.me/SakonHeart"">الرسول صلى الله عليه وسلم</a> ✍️"
929,"مَنْ لَا يَرْحَمِ النَّاسَ لَا يَرْحَمْهُ اللَّهُ.

<a href=""https://t.me/SakonHeart"">الرسول صلى الله عليه وسلم</a> ✍️"
930,"طُوبَى لِمَنْ وَجَدَ فِي صَحِيفَتِهِ اسْتِغْفَارًا كَثِيرًا.

<a href=""https://t.me/SakonHeart"">الرسول صلى الله عليه وسلم</a> ✍️"
931,"أَقْرَبُ مَا يَكُونُ الْعَبْدُ مِنْ رَبِّهِ وَهُوَ سَاجِدٌ، فَأَكْثِرُوا الدُّعَاءَ.

<a href=""https://t.me/SakonHeart"">الرسول صلى الله عليه وسلم</a> ✍️"
932,"الْبِرُّ حُسْنُ الْخُلُقِ.

<a href=""https://t.me/SakonHeart"">الرسول صلى الله عليه وسلم</a> ✍️"
933,"كَلِمَتَانِ خَفِيفَتَانِ عَلَى اللِّسَانِ، ثَقِيلَتَانِ فِي الْمِيزَانِ: سُبْحَانَ اللَّهِ وَبِحَمْدِهِ، سُبْحَانَ اللَّهِ الْعَظِيمِ.

<a href=""https://t.me/SakonHeart"">الرسول صلى الله عليه وسلم</a> ✍️"
934,"احرص على الموت توهب لك الحياة.

<a href=""https://t.me/SakonHeart"">أبو بكر الصديق</a> ✍️"
935,"إذا استشرت فاصدق الحديث تُصْدَق النصح.

<a href=""https://t.me/SakonHeart"">أبو بكر الصديق</a> ✍️"
936,"أكيس الكيس التقوى، وأحمق الأحمق الفجور.

<a href=""https://t.me/SakonHeart"">أبو بكر الصديق</a> ✍️"
937,"إن الله يرى منكم ما لا ترون من أنفسكم.

<a href=""https://t.me/SakonHeart"">أبو بكر الصديق</a> ✍️"
938,"اصبروا فإن الصبر كرم، والعافية غنيمة.

<a href=""https://t.me/SakonHeart"">أبو بكر الصديق</a> ✍️"
939,"حاسبوا أنفسكم قبل أن تحاسبوا، وزنوها قبل أن توزونوا.

<a href=""https://t.me/SakonHeart"">عمر بن الخطاب</a> ✍️"
940,"عليك بالصدق وإن قتلك الصدق.

<a href=""https://t.me/SakonHeart"">عمر بن الخطاب</a> ✍️"
941,"نحن قوم أصلحنا الله بالإسلام، فمهما ابتغينا العزة في غيره أذلنا الله.

<a href=""https://t.me/SakonHeart"">عمر بن الخطاب</a> ✍️"
942,"لا تعتمد على خلق رجل حتى تجرّبه عند الغضب.

<a href=""https://t.me/SakonHeart"">عمر بن الخطاب</a> ✍️"
943,"وجدنا أطيب عيشنا بالصبر.

<a href=""https://t.me/SakonHeart"">عمر بن الخطاب</a> ✍️"
944,"من كثر كلامه كثر سقطه، ومن كثر سقطه قل حياؤه.

<a href=""https://t.me/SakonHeart"">عمر بن الخطاب</a> ✍️"
945,"تعلّموا العلم، وتعلّموا للعلم السكينة والوقار.

<a href=""https://t.me/SakonHeart"">عمر بن الخطاب</a> ✍️"
946,"لو طهرت قلوبكم ما شبعت من كلام ربكم.

<a href=""https://t.me/SakonHeart"">عثمان بن عفان</a> ✍️"
947,"إن الله يزع بالسلطان ما لا يزع بالقرآن.

<a href=""https://t.me/SakonHeart"">عثمان بن عفان</a> ✍️"
948,"لكل شيء آفة، وآفة العلم النسيان.

<a href=""https://t.me/SakonHeart"">عثمان بن عفان</a> ✍️"
949,"الناس نيام، فإذا ماتوا انتبهوا.

<a href=""https://t.me/SakonHeart"">علي بن أبي طالب</a> ✍️"
950,"رضا الناس غاية لا تدرك، ورضا الله غاية لا تترك.

<a href=""https://t.me/SakonHeart"">علي بن أبي طالب</a> ✍️"
951,"لا تكثر الهموم، فما قُدِّر لك سيكون.

<a href=""https://t.me/SakonHeart"">علي بن أبي طالب</a> ✍️"
952,"من أصلح ما بينه وبين الله، أصلح الله ما بينه وبين الناس.

<a href=""https://t.me/SakonHeart"">علي بن أبي طالب</a> ✍️"
953,"كفى بقناعة المرء غنى، وبتقواه حسناً.

<a href=""https://t.me/SakonHeart"">علي بن أبي طالب</a> ✍️"
954,"الصبر من الإيمان بمنزلة الرأس من الجسد.

<a href=""https://t.me/SakonHeart"">علي بن أبي طالب</a> ✍️"
955,"من قلّ صدقه قلّ صديقه.

<a href=""https://t.me/SakonHeart"">علي بن أبي طالب</a> ✍️"
956,"يا ابن آدم، إنما أنت أيام، كلما ذهب يوم ذهب بعضك.

<a href=""https://t.me/SakonHeart"">الحسن البصري</a> ✍️"
957,"من خاف الله خاف منه كل شيء، ومن خاف الناس خوفه الله من كل شيء.

<a href=""https://t.me/SakonHeart"">الحسن البصري</a> ✍️"
958,"الدنيا كلها ظلام إلا مجالس العلماء.

<a href=""https://t.me/SakonHeart"">الحسن البصري</a> ✍️"
959,"استكثروا من الأصدقاء المؤمنين فإن لهم شفاعة يوم القيامة.

<a href=""https://t.me/SakonHeart"">الحسن البصري</a> ✍️"
960,"إن المؤمن أحسن الظن بربه فأحسن العمل، وإن المنافق أساء الظن بربه فأساء العمل.

<a href=""https://t.me/SakonHeart"">الحسن البصري</a> ✍️"
961,"الزهد في الدنيا يريح القلب والبدن.

<a href=""https://t.me/SakonHeart"">الحسن البصري</a> ✍️"
962,"لا يزال العبد بخير ما كان له واعظ من نفسه.

<a href=""https://t.me/SakonHeart"">الحسن البصري</a> ✍️"
963,"القلب يمرض كما يمرض البدن، وشفاؤه في التوبة والحمية.

<a href=""https://t.me/SakonHeart"">ابن القيم</a> ✍️"
964,"من وطَّن قلبه عند ربه سكن واستراح، ومن أرسله في الناس اضطرب واشتد به القلق.

<a href=""https://t.me/SakonHeart"">ابن القيم</a> ✍️"
965,"الدعاء من أنفع الأدوية، وهو عدو البلاء، يدقعه ويعالجه.

<a href=""https://t.me/SakonHeart"">ابن القيم</a> ✍️"
966,"إضاعَةُ الوَقْتِ أشَدُّ مِنَ المَوْتِ؛ لأنَّ إضاعَةَ الوَقْتِ تَقْطَعُكَ عَنِ اللَّهِ وَالدّارِ الآخِرَةِ.

<a href=""https://t.me/SakonHeart"">ابن القيم</a> ✍️"
967,"من عرف نفسه اشتغل بإصلاحها عن عيوب الناس.

<a href=""https://t.me/SakonHeart"">ابن القيم</a> ✍️"
968,"للعبد بين يدي الله موقفان: موقف بين يديه في الصلاة، وموقف بين يديه يوم لقائه.

<a href=""https://t.me/SakonHeart"">ابن القيم</a> ✍️"
969,"إذا أصبح العبد وأمسى وليس همه إلا الله وحده، حمل الله عنه حوائجه كلها.

<a href=""https://t.me/SakonHeart"">ابن القيم</a> ✍️"
970,"ما أنعم الله على عبد بنعمة أعظم من أن هداه للإسلام.

<a href=""https://t.me/SakonHeart"">ابن القيم</a> ✍️"
971,"الصبر الجميل هو الذي لا شكوى فيه إلى المخلوق.

<a href=""https://t.me/SakonHeart"">ابن القيم</a> ✍️"
972,"الذِكر للقلب مثل الماء للسمك، فكيف يكون حال السمك إذا أُخرج من الماء؟

<a href=""https://t.me/SakonHeart"">ابن تيمية</a> ✍️"
973,"مَن أراد السعادة الأبدية فليلتزم عتبة العبودية.

<a href=""https://t.me/SakonHeart"">ابن تيمية</a> ✍️"
974,"ما يفعل أعدائي بي؟ أنا جنّتي وبستاني في صدري، أينما ذهبت فهي معي.

<a href=""https://t.me/SakonHeart"">ابن تيمية</a> ✍️"
975,"إن في الدنيا جنة من لم يدخلها لم يدخل جنة الآخرة: هي معرفة الله ومحبته.

<a href=""https://t.me/SakonHeart"">ابن تيمية</a> ✍️"
976,"الاستغفار يخرج العبد من الفعل المكروه إلى الفعل المحبوب.

<a href=""https://t.me/SakonHeart"">ابن تيمية</a> ✍️"
977,"إذا تخلى الناس عنك في الكرب، فاعلم أن الله يريد أن يتولى أمرك بنفسه.

<a href=""https://t.me/SakonHeart"">الإمام الشافعي</a> ✍️"
978,"من لزم التقوى يستضاء بنوره، ومن حاد عنها خاب وخسر.

<a href=""https://t.me/SakonHeart"">الإمام الشافعي</a> ✍️"
979,"شكوت إلى وكيع سوء حفظي، فأرشدني إلى ترك المعاصي.

<a href=""https://t.me/SakonHeart"">الإمام الشافعي</a> ✍️"
980,"من ظن أنه يستغني عن العلم فقد ظلم نفسه.

<a href=""https://t.me/SakonHeart"">الإمام الشافعي</a> ✍️"
981,"ما عالجت شيئاً أشد عليّ من نيتي، لأنها تتقلب عليّ.

<a href=""https://t.me/SakonHeart"">سفيان الثوري</a> ✍️"
982,"إذا أردت أن تعرف قدرك عند الله، فانظر فيما يقيمك.

<a href=""https://t.me/SakonHeart"">سفيان الثوري</a> ✍️"
983,"المؤمن يستر ويوجه، والفاجر يهتك ويعيّر.

<a href=""https://t.me/SakonHeart"">الفضيل بن عياض</a> ✍️"
984,"ترك العمل من أجل الناس رياء، والعمل من أجل الناس شرك.

<a href=""https://t.me/SakonHeart"">الفضيل بن عياض</a> ✍️"
985,"معالم الهدى في كتاب الله، فمن أراد العلم فليثوّر القرآن.

<a href=""https://t.me/SakonHeart"">عبد الله بن مسعود</a> ✍️"
986,"ما ندمت على شيء ندمي على يوم غربت شمسه نقص فيه أجلي ولم يزد فيه عملي.

<a href=""https://t.me/SakonHeart"">عبد الله بن مسعود</a> ✍️"
987,"من أصلح سريرته فاح عبير فضله، وابتسمت القلوب إليه.

<a href=""https://t.me/SakonHeart"">ابن الجوزي</a> ✍️"
988,"عجباً لمن يبكي على موت بدنه، ولا يبكي على موت قلبه!

<a href=""https://t.me/SakonHeart"">ابن الجوزي</a> ✍️"
989,"الغيبة هي الصاعقة التي تحرق الطاعات.

<a href=""https://t.me/SakonHeart"">الإمام الغزالي</a> ✍️"
990,"النية روح العمل، وبدونها يكون العمل جثة هامدة.

<a href=""https://t.me/SakonHeart"">الإمام الغزالي</a> ✍️"
991,"الحكمة هي العلم الممزوج بالعمل.

<a href=""https://t.me/SakonHeart"">الإمام الغزالي</a> ✍️"
992,"أصلحوا سرايركم تصلح علانيتكم، واعملوا لآخرتكم تكفوا أمر دنياكم.

<a href=""https://t.me/SakonHeart"">عمر بن عبد العزيز</a> ✍️"
993,"أفضل العبادة أداء الفرائض واجتناب المحارم.

<a href=""https://t.me/SakonHeart"">عمر بن عبد العزيز</a> ✍️"
994,"ربما أعطاك فمنعك، وربما منعك فأعطاك.

<a href=""https://t.me/SakonHeart"">ابن عطاء الله السكندري</a> ✍️"
995,"معصية أورثت ذلاً وافتقاراً خير من طاعة أورثت عزاً واستكباراً.

<a href=""https://t.me/SakonHeart"">ابن عطاء الله السكندري</a> ✍️"
996,"الناس إلى العلم أحوج منهم إلى الطعام والشراب.

<a href=""https://t.me/SakonHeart"">الإمام أحمد بن حنبل</a> ✍️"
997,"السنة سفينة نوح، من ركبها نجا، ومن تخلف عنها غرق.

<a href=""https://t.me/SakonHeart"">الإمام مالك</a> ✍️"
998,"لن يصلح آخر هذه الأمة إلا بماصلح به أولها.

<a href=""https://t.me/SakonHeart"">الإمام مالك</a> ✍️"
999,"البدايات المشرقة تكفل النهايات المشرقة.

<a href=""https://t.me/SakonHeart"">الإمام النووي</a> ✍️"
1000,وَاصْبِرْ لِحُكْمِ رَبِّكَ فَإِنَّكَ بِأَعْيُنِنَا
