id,text
1,"إن الجمال هو الذي سينقذ العالم.

<a href=""https://t.me/SakonHeart"">فيودور دوستويفسكي</a> ✍️"
2,"كل شيء في الإنسان يعتمد على البيئة التي يعيش فيها.

<a href=""https://t.me/SakonHeart"">فيودور دوستويفسكي</a> ✍️"
3,"ليس هناك ما هو أكثر صعوبة من التعبير عن الفكر الصريح.

<a href=""https://t.me/SakonHeart"">فيودور دوستويفسكي</a> ✍️"
4,"أنا أحب البشرية، لكنني أعجب من نفسي: كلما زاد حبي للبشرية بشكل عام، قل حبي للإنسان بفرده.

<a href=""https://t.me/SakonHeart"">فيودور دوستويفسكي</a> ✍️"
5,"الذكاء وحده لا يكفي، يجب أن يكون لديك ما يكفي من الذكاء لتتجنب كثرة الذكاء.

<a href=""https://t.me/SakonHeart"">فيودور دوستويفسكي</a> ✍️"
6,"إن الألم والعذاب هما دوماً أمران حتميان للعقل الكبير والقلب العميق.

<a href=""https://t.me/SakonHeart"">فيودور دوستويفسكي</a> ✍️"
7,"الأخطاء التي نرتكبها بنية حسنة هي أشد الأخطاء خطورة.

<a href=""https://t.me/SakonHeart"">فيودور دوستويفسكي</a> ✍️"
8,"إذا أردت أن تتغلب على العالم، اتغلب على نفسك.

<a href=""https://t.me/SakonHeart"">فيودور دوستويفسكي</a> ✍️"
9,"الحرية ليست في كثرة ما تملك، بل في قلة ما تحتاج إليه.

<a href=""https://t.me/SakonHeart"">فيودور دوستويفسكي</a> ✍️"
10,"سر الوجود البشري لا يكمن في مجرد البقاء، بل في العثور على شيء نعيش من أجله.

<a href=""https://t.me/SakonHeart"">فيودور دوستويفسكي</a> ✍️"
11,"لا يوجد شيء في هذا العالم أصعب من قول الحقيقة، ولا أسهل من الإطراء.

<a href=""https://t.me/SakonHeart"">فيودور دوستويفسكي</a> ✍️"
12,"أن تخطئ بطريقتك الخاصة خير من أن تسير في الطريق الصحيح بتقليد غيرك.

<a href=""https://t.me/SakonHeart"">فيودور دوستويفسكي</a> ✍️"
13,"الروح تُشفى حين نكون برفقة الأطفال.

<a href=""https://t.me/SakonHeart"">فيودور دوستويفسكي</a> ✍️"
14,"كل شيء سينتهي، والزمن يمحو أثر الكلمات والأحزان.

<a href=""https://t.me/SakonHeart"">فيودور دوستويفسكي</a> ✍️"
15,"الصمت أحياناً يكون الصرخة الأشد صخباً.

<a href=""https://t.me/SakonHeart"">فيودور دوستويفسكي</a> ✍️"
16,"الجميع يفكر في تغيير العالم، لكن لا أحد يفكر في تغيير نفسه.

<a href=""https://t.me/SakonHeart"">ليو تولستوي</a> ✍️"
17,"العائلات السعيدة كلها متشابهة، لكن كل عائلة تعيسة شقية بطريقتها الخاصة.

<a href=""https://t.me/SakonHeart"">ليو تولستوي</a> ✍️"
18,"إذا أردت أن تكون سعيداً، فكن كذلك.

<a href=""https://t.me/SakonHeart"">ليو تولستوي</a> ✍️"
19,"أقوى المحاربين هما الوقت والصبر.

<a href=""https://t.me/SakonHeart"">ليو تولستوي</a> ✍️"
20,"الحقيقة مثل الذهب، لا توجد في الحجم بل في النقاء.

<a href=""https://t.me/SakonHeart"">ليو تولستوي</a> ✍️"
21,"أن نكون سعداء مع من نحب، هذا هو أقصى ما نتصوره من النعيم.

<a href=""https://t.me/SakonHeart"">ليو تولستوي</a> ✍️"
22,"الحب هو المظهر الوحيد للعقلانية في الحياة البشرية.

<a href=""https://t.me/SakonHeart"">ليو تولستوي</a> ✍️"
23,"الإنسان كسرٌ بَسطُه ما هو عليه، ومقامه ما يظن نفسه عليه.

<a href=""https://t.me/SakonHeart"">ليو تولستوي</a> ✍️"
24,"العلم دون أخلاق كالسلاح في يد مجنون.

<a href=""https://t.me/SakonHeart"">ليو تولستوي</a> ✍️"
25,"لا خير في حياة لا يضيئها نبل الفكرة وسماء الروح.

<a href=""https://t.me/SakonHeart"">ليو تولستوي</a> ✍️"
26,"الكتاب يجب أن يكون الفأس التي تكسر البحر المتجمد في داخلنا.

<a href=""https://t.me/SakonHeart"">فرانتس كافكا</a> ✍️"
27,"تبدأ الحياة بالحيرة وتنتهي بالهدوء.

<a href=""https://t.me/SakonHeart"">فرانتس كافكا</a> ✍️"
28,"أنا في حاجة إلى العزلة الشديدة لكي أستطيع أن أكتب.

<a href=""https://t.me/SakonHeart"">فرانتس كافكا</a> ✍️"
29,"كل ما تحبه من المحتمل أن تفقده، ولكن في النهاية سيعود الحب بشكل آخر.

<a href=""https://t.me/SakonHeart"">فرانتس كافكا</a> ✍️"
30,"يمكن للمرء أن يبتعد عن كل شيء، إلا عن نفسه.

<a href=""https://t.me/SakonHeart"">فرانتس كافكا</a> ✍️"
31,"هناك كمية لا تحصى من الأمل في هذا الكون، ولكن ليس لنا.

<a href=""https://t.me/SakonHeart"">فرانتس كافكا</a> ✍️"
32,"الكتابة هي شكل من أشكال الصلاة.

<a href=""https://t.me/SakonHeart"">فرانتس كافكا</a> ✍️"
33,"من يحتفظ بالقدرة على رؤية الجمال لا يشيخ أبداً.

<a href=""https://t.me/SakonHeart"">فرانتس كافكا</a> ✍️"
34,"المسارات تتشكل عندما نمشي عليها.

<a href=""https://t.me/SakonHeart"">فرانتس كافكا</a> ✍️"
35,"كثيراً ما تكون العزلة هي الملاذ الوحيد للنفس الصادقة.

<a href=""https://t.me/SakonHeart"">فرانتس كافكا</a> ✍️"
36,"في منتصف الشتاء، وجدت في داخلي صيفاً لا يقهر.

<a href=""https://t.me/SakonHeart"">ألبير كامو</a> ✍️"
37,"التمرد هو الشيء الوحيد الذي يمنح الحياة معناها.

<a href=""https://t.me/SakonHeart"">ألبير كامو</a> ✍️"
38,"عش حتى تكتمل وتصل إلى أقصى حدود إمكاناتك.

<a href=""https://t.me/SakonHeart"">ألبير كامو</a> ✍️"
39,"لا تمش أمامي فربما لا أستطيع الإمساك بك، ولا تمش خلفي فربما لا أستطيع القيادة، بل امش بجانبي وكن صديقي.

<a href=""https://t.me/SakonHeart"">ألبير كامو</a> ✍️"
40,"الحرية ليست سوى فرصة لكي نكون أفضل.

<a href=""https://t.me/SakonHeart"">ألبير كامو</a> ✍️"
41,"سعادة الإنسان تكمن في شجاعته أمام قدره.

<a href=""https://t.me/SakonHeart"">ألبير كامو</a> ✍️"
42,"الشك في كل شيء هو أول خطوة نحو المعرفة الحقيقية.

<a href=""https://t.me/SakonHeart"">ألبير كامو</a> ✍️"
43,"المأساة ليست في الموت، بل فيما يموت داخل الإنسان وهو حي.

<a href=""https://t.me/SakonHeart"">ألبير كامو</a> ✍️"
44,"ليس هناك من هو أكثر حزناً ممن يحاول إرضاء الجميع.

<a href=""https://t.me/SakonHeart"">ألبير كامو</a> ✍️"
45,"كل إنسان يحمل في داخله صحراء هادئة يجب أن يعبرها بنفسه.

<a href=""https://t.me/SakonHeart"">ألبير كامو</a> ✍️"
46,"ليس هناك شيء أكثر قوة من فكرة حان وقتها.

<a href=""https://t.me/SakonHeart"">فيكتور هوغو</a> ✍️"
47,"الموسيقى تعبر عما لا يمكن قوله وما لا يمكن السكوت عنه.

<a href=""https://t.me/SakonHeart"">فيكتور هوغو</a> ✍️"
48,"لتغير الشعب، يجب أولاً أن تعلمه وترفعه.

<a href=""https://t.me/SakonHeart"">فيكتور هوغو</a> ✍️"
49,"حتى أطول الليالي ستنتهي وستشرق الشمس.

<a href=""https://t.me/SakonHeart"">فيكتور هوغو</a> ✍️"
50,"التسامح هو الأثواب الأكثر أناقة التي يمكن للروح أن ترتديها.

<a href=""https://t.me/SakonHeart"">فيكتور هوغو</a> ✍️"
51,"الابتسامة هي الشمس التي تطرد الشتاء عن وجه الإنسان.

<a href=""https://t.me/SakonHeart"">فيكتور هوغو</a> ✍️"
52,"الكتب أصدقاء لا يخذلونك أبداً.

<a href=""https://t.me/SakonHeart"">فيكتور هوغو</a> ✍️"
53,"أن تحب إنساناً هو أن ترى وجه الله فيه.

<a href=""https://t.me/SakonHeart"">فيكتور هوغو</a> ✍️"
54,"العقل الذي يرتوي بالمعرفة لا يستطيع العودة إلى الظلام.

<a href=""https://t.me/SakonHeart"">فيكتور هوغو</a> ✍️"
55,"الحرية تبتدئ من حيث ينتهي الجهل.

<a href=""https://t.me/SakonHeart"">فيكتور هوغو</a> ✍️"
56,"كن نفسك، فكل الشخصيات الأخرى قد أُخذت بالفعل.

<a href=""https://t.me/SakonHeart"">أوسكار وايلد</a> ✍️"
57,"استطعنا أن نغزو الهواء كالطيور والبحر كالأسماك، ولكننا لم نتعلم كيف نعيش على الأرض كإخوة.

<a href=""https://t.me/SakonHeart"">أوسكار وايلد</a> ✍️"
58,"الحقيقة نادراً ما تكون الخالصة، وليست بسيطة أبداً.

<a href=""https://t.me/SakonHeart"">أوسكار وايلد</a> ✍️"
59,"التجربة هي الاسم الذي يطلقه الجميع على أخطائهم.

<a href=""https://t.me/SakonHeart"">أوسكار وايلد</a> ✍️"
60,"كل قديس له ماضٍ، وكل خاطئ له مستقبل.

<a href=""https://t.me/SakonHeart"">أوسكار وايلد</a> ✍️"
61,"سر الحياة هو الاستمتاع بمرور الوقت.

<a href=""https://t.me/SakonHeart"">أوسكار وايلد</a> ✍️"
62,"يمكنني أن أقاوم أي شيء إلا الإغراء.

<a href=""https://t.me/SakonHeart"">أوسكار وايلد</a> ✍️"
63,"أفضل طريقة للتخلص من الهم هي الضحك عليه.

<a href=""https://t.me/SakonHeart"">أوسكار وايلد</a> ✍️"
64,"سحر الخيال يكمن في أنه يجعل الواقع ممكناً.

<a href=""https://t.me/SakonHeart"">أوسكار وايلد</a> ✍️"
65,"من يحب الجمال يجد الشغف في كل مكان.

<a href=""https://t.me/SakonHeart"">أوسكار وايلد</a> ✍️"
66,"من لديه سبب ليعيش من أجله، يستطيع أن يتحمل أي طريقة ليعيش بها.

<a href=""https://t.me/SakonHeart"">فريدريك نيتشه</a> ✍️"
67,"ما لا يقتلني يجعلني أقوى.

<a href=""https://t.me/SakonHeart"">فريدريك نيتشه</a> ✍️"
68,"يجب أن تحمل في داخلك الفوضى لتستطيع أن تلد نجماً راقصاً.

<a href=""https://t.me/SakonHeart"">فريدريك نيتشه</a> ✍️"
69,"بدون الموسيقى، كانت الحياة ستكون خطأً.

<a href=""https://t.me/SakonHeart"">فريدريك نيتشه</a> ✍️"
70,"الأفكار العظيمة تأتي وأنت تمشي.

<a href=""https://t.me/SakonHeart"">فريدريك نيتشه</a> ✍️"
71,"الذي يقاتل الوحوش يجب أن يحذر لئلا يتحول هو نفسه إلى وحش.

<a href=""https://t.me/SakonHeart"">فريدريك نيتشه</a> ✍️"
72,"ليس عدم وجود الحب بل عدم وجود الصداقة هو ما ينسج الزواج التعيس.

<a href=""https://t.me/SakonHeart"">فريدريك نيتشه</a> ✍️"
73,"النور يشرق من القمم العالية أولاً.

<a href=""https://t.me/SakonHeart"">فريدريك نيتشه</a> ✍️"
74,"إن القوة الحقيقية تكمن في التحكم بالذات.

<a href=""https://t.me/SakonHeart"">فريدريك نيتشه</a> ✍️"
75,"احذر من أولئك الذين يعطون النصائح دون أن يدفعوا ثمنها.

<a href=""https://t.me/SakonHeart"">فريدريك نيتشه</a> ✍️"
76,"لا تتوقف عن الابتسام، حتى عندما تكون حزيناً، فلربما يحب أحدهم ابتسامتك.

<a href=""https://t.me/SakonHeart"">غابرييل غارثيا ماركيز</a> ✍️"
77,"الحياة ليست ما يعيشه المرء، بل ما يتذكره وكيف يتذكره ليرويه.

<a href=""https://t.me/SakonHeart"">غابرييل غارثيا ماركيز</a> ✍️"
78,"لم أعد أخشى شيئاً، لأنني أدركت أن الشجاعة تتولد من القلب.

<a href=""https://t.me/SakonHeart"">غابرييل غارثيا ماركيز</a> ✍️"
79,"الرجال لا يموتون عندما يجب عليهم، بل عندما يستطيعون.

<a href=""https://t.me/SakonHeart"">غابرييل غارثيا ماركيز</a> ✍️"
80,"السر في الكبر في السن بكرامة هو أن تعقد اتفاقاً صريحاً مع العزلة.

<a href=""https://t.me/SakonHeart"">غابرييل غارثيا ماركيز</a> ✍️"
81,"الذاكرة تزيد من جمال الماضي وتطرد آلامه.

<a href=""https://t.me/SakonHeart"">غابرييل غارثيا ماركيز</a> ✍️"
82,"الانتظار هو أطول أشكال الزمن.

<a href=""https://t.me/SakonHeart"">غابرييل غارثيا ماركيز</a> ✍️"
83,"الحب في زمن الصعاب يستحق أن نقتات عليه لسنوات.

<a href=""https://t.me/SakonHeart"">غابرييل غارثيا ماركيز</a> ✍️"
84,"الإنسان لا يولد مرة واحدة، بل يعيد ولادة نفسه كل يوم.

<a href=""https://t.me/SakonHeart"">غابرييل غارثيا ماركيز</a> ✍️"
85,"البساطة هي أعلى مراتب الأناقة في الفكر.

<a href=""https://t.me/SakonHeart"">غابرييل غارثيا ماركيز</a> ✍️"
86,"الإنسان يمكن أن يُدمر، لكن لا يمكن هزيمته.

<a href=""https://t.me/SakonHeart"">إرنست همنغواي</a> ✍️"
87,"أفضل طريقة لمعرفة ما إذا كان يمكنك الثقة بشخص ما هي أن تتق فيه.

<a href=""https://t.me/SakonHeart"">إرنست همنغواي</a> ✍️"
88,"لا يوجد صديق وفيّ مثل الكتاب.

<a href=""https://t.me/SakonHeart"">إرنست همنغواي</a> ✍️"
89,"عش الحياة بملئها، ولا تخف من تجربة ما هو جديد.

<a href=""https://t.me/SakonHeart"">إرنست همنغواي</a> ✍️"
90,"يسعدني الشرفاء حتى لو اختلفوا معي.

<a href=""https://t.me/SakonHeart"">إرنست همنغواي</a> ✍️"
91,"لكي تكتب عن الحياة، يجب عليك أولاً أن تعيشها.

<a href=""https://t.me/SakonHeart"">إرنست همنغواي</a> ✍️"
92,"الشجاعة هي النبل تحت الضغط.

<a href=""https://t.me/SakonHeart"">إرنست همنغواي</a> ✍️"
93,"الصمت أحياناً يفرز بلاغة لا تستطيع الكلمات بلوغها.

<a href=""https://t.me/SakonHeart"">إرنست همنغواي</a> ✍️"
94,"كل الأفكار الكبيرة تبدأ ببساطة شديدة.

<a href=""https://t.me/SakonHeart"">إرنست همنغواي</a> ✍️"
95,"السعادة في العقلاء هي أندر شيء أعرفه.

<a href=""https://t.me/SakonHeart"">إرنست همنغواي</a> ✍️"
96,"إذا أردت أن تفهم الحياة، فكف عن تصديق ما يقال، وبدأ بإنصات ما يُعاش.

<a href=""https://t.me/SakonHeart"">أنطون تشيخوف</a> ✍️"
97,"الحكمة لا تأتي من كثرة الكلام، بل من كثرة التأمل.

<a href=""https://t.me/SakonHeart"">أنطون تشيخوف</a> ✍️"
98,"لا تقل لي إن القمر مضيء، بل أرني بريق الضوء على زجاج مكسور.

<a href=""https://t.me/SakonHeart"">أنطون تشيخوف</a> ✍️"
99,"الصحة والعقل هما أثمن ما يملكه الإنسان في هذا العالم.

<a href=""https://t.me/SakonHeart"">أنطون تشيخوف</a> ✍️"
100,"الكثير من الناس يضيعون سنواتهم في القلق حول المستقبل ونسيان الحاضر.

<a href=""https://t.me/SakonHeart"">أنطون تشيخوف</a> ✍️"
101,"الطيبة هي اللغة التي يستطيع الأصم أن يسمعها والأعمى أن يراها.

<a href=""https://t.me/SakonHeart"">أنطون تشيخوف</a> ✍️"
102,"العمل هو الترياق الوحيد للحزن والألم النفسي.

<a href=""https://t.me/SakonHeart"">أنطون تشيخوف</a> ✍️"
103,"أن تسعد إنساناً واحداً هو عمل خيّر يضاهي تغيير العالم.

<a href=""https://t.me/SakonHeart"">أنطون تشيخوف</a> ✍️"
104,"كل شيء جميل في الإنسان يجب أن يظهر في فكره وأدبه.

<a href=""https://t.me/SakonHeart"">أنطون تشيخوف</a> ✍️"
105,"الحرية الحقيقية تكمن في قدرتك على ضبط نفسك.

<a href=""https://t.me/SakonHeart"">أنطون تشيخوف</a> ✍️"
106,"نحن نعلم ما نحن عليه، ولكننا لا نعلم ما يمكن أن نكون عليه.

<a href=""https://t.me/SakonHeart"">ويليام شكسبير</a> ✍️"
107,"استمع إلى الجميع، ولكن تحدث مع القليلين.

<a href=""https://t.me/SakonHeart"">ويليام شكسبير</a> ✍️"
108,"الجبناء يموتون مرات عديدة قبل موتهم، أما الشجعان فلا يذوقون الموت إلا مرة واحدة.

<a href=""https://t.me/SakonHeart"">ويليام شكسبير</a> ✍️"
109,"الحب لا ينظر بالعينين، بل بالروح.

<a href=""https://t.me/SakonHeart"">ويليام شكسبير</a> ✍️"
110,"ليس هناك شيء جيد أو سيئ، ولكن التفكير هو ما يجعله كذلك.

<a href=""https://t.me/SakonHeart"">ويليام شكسبير</a> ✍️"
111,"الزمن بطيء جداً لمن ينتظر، سريع جداً لمن يخشى، طويل جداً لمن يتألم، وقصير جداً لمن يحتفل.

<a href=""https://t.me/SakonHeart"">ويليام شكسبير</a> ✍️"
112,"الكلام رخيص جداً حتى يمتزج بالأفعال.

<a href=""https://t.me/SakonHeart"">ويليام شكسبير</a> ✍️"
113,"الشك دائماً ما يلاحق العقل الآثم.

<a href=""https://t.me/SakonHeart"">ويليام شكسبير</a> ✍️"
114,"أفضل الطرق لتحقيق النجاح هي ألا نتوقف عن المحاولة.

<a href=""https://t.me/SakonHeart"">ويليام شكسبير</a> ✍️"
115,"العالم كله مسرح، وكل الرجال والنساء ما هم إلا مكررون لأدوارهم.

<a href=""https://t.me/SakonHeart"">ويليام شكسبير</a> ✍️"
116,"سر التقدم في العمل هو أن تبدأ.

<a href=""https://t.me/SakonHeart"">مارك توين</a> ✍️"
117,"أهم يومين في حياتك هما: اليوم الذي ولدت فيه، واليوم الذي تعرف فيه لماذا ولدت.

<a href=""https://t.me/SakonHeart"">مارك توين</a> ✍️"
118,"لا تسير خلف الأغلبية، حتى لو كانت على صواب.

<a href=""https://t.me/SakonHeart"">مارك توين</a> ✍️"
119,"من الأفضل أن تصمت ويظن الآخرون أنك غبي، من أن تتكلم وتزيل كل شكوكهم.

<a href=""https://t.me/SakonHeart"">مارك توين</a> ✍️"
120,"الإيمان هو أن تصدق ما لا تراه، وجزاء هذا الإيمان هو أن ترى ما تصدقه.

<a href=""https://t.me/SakonHeart"">مارك توين</a> ✍️"
121,"اللطف هو اللغة التي يستطيع الصم سماعها والعماة رؤيتها.

<a href=""https://t.me/SakonHeart"">مارك توين</a> ✍️"
122,"احذر من قراءة كتب الصحة، فقد تموت بسبب خطأ مطبعي.

<a href=""https://t.me/SakonHeart"">مارك توين</a> ✍️"
123,"الشجاعة هي مقاومة الخوف والخوف المباشر، وليست غياب الخوف.

<a href=""https://t.me/SakonHeart"">مارك توين</a> ✍️"
124,"اعطِ كل يوم الفرصة ليكون أجمل يوم في حياتك.

<a href=""https://t.me/SakonHeart"">مارك توين</a> ✍️"
125,"الصدق أسهل من الكذب لأنك لا تحتاج إلى تذكر ما قلته.

<a href=""https://t.me/SakonHeart"">مارك توين</a> ✍️"
126,"في زمن الخداع العام، يصبح قول الحقيقة عملاً ثورياً.

<a href=""https://t.me/SakonHeart"">جورج أورويل</a> ✍️"
127,"من يسيطر على الماضي يسيطر على المستقبل، ومن يسيطر على الحاضر يسيطر على الماضي.

<a href=""https://t.me/SakonHeart"">جورج أورويل</a> ✍️"
128,"الحرية هي الحق في أن تقول للناس ما لا يريدون سماعه.

<a href=""https://t.me/SakonHeart"">جورج أورويل</a> ✍️"
129,"الجهل هو القوة الأكثر تدميراً في مجتمعاتنا.

<a href=""https://t.me/SakonHeart"">جورج أورويل</a> ✍️"
130,"كل الحيوانات متساوية، لكن بعضها أكثر مساواة من غيرها.

<a href=""https://t.me/SakonHeart"">جورج أورويل</a> ✍️"
131,"أفضل الكتب هي التي تقول لك ما تعرفه بالفعل.

<a href=""https://t.me/SakonHeart"">جورج أورويل</a> ✍️"
132,"جوهر الإنسانية هو ألا يطمح المرء إلى الكمال بل إلى الحق.

<a href=""https://t.me/SakonHeart"">جورج أورويل</a> ✍️"
133,"اللغة الفاسدة تؤدي بالتأكيد إلى تفكير فاسد.

<a href=""https://t.me/SakonHeart"">جورج أورويل</a> ✍️"
134,"لا توجد بوابات، ولا أقفال، ولا مزالج يمكنك إغلاقها على حرية عقلي.

<a href=""https://t.me/SakonHeart"">فيرجينيا وولف</a> ✍️"
135,"لكي تستطيع أن تكتب، يجب أن تملك غرفة خاصة بك وبعض المال.

<a href=""https://t.me/SakonHeart"">فيرجينيا وولف</a> ✍️"
136,"الحياة ليست سلسلة من مصابيح العربات المنظمة بشكل مرتب، بل هي هالة مضيئة شفافة.

<a href=""https://t.me/SakonHeart"">فيرجينيا وولف</a> ✍️"
137,"العين تحب الجمال، ولكن الروح تبحث عن السلام.

<a href=""https://t.me/SakonHeart"">فيرجينيا وولف</a> ✍️"
138,"الكتابة هي الوسيلة الوحيدة للتحدث مع الذات بعمق.

<a href=""https://t.me/SakonHeart"">فيرجينيا وولف</a> ✍️"
139,"عندما يكرهك الناس دون سبب، اعلم أن لديهم أسبابهم الخاصة التي تخيفهم في ذواتهم.

<a href=""https://t.me/SakonHeart"">هيرمان هيسه</a> ✍️"
140,"الحكمة لا يمكن نقلها، الحكمة التي يحاول العاقل نقلها تبدو دائماً كالأحمق.

<a href=""https://t.me/SakonHeart"">هيرمان هيسه</a> ✍️"
141,"يجب أن تجرب كل شيء بنفسك، لتصبح شخصاً حقيقياً.

<a href=""https://t.me/SakonHeart"">هيرمان هيسه</a> ✍️"
142,"الطريق إلى الذات هو الطريق الوحيد الذي يستحق السير فيه.

<a href=""https://t.me/SakonHeart"">هيرمان هيسه</a> ✍️"
143,"الحب ليس شيئاً نقتنيه، بل هو شيء نمنحه.

<a href=""https://t.me/SakonHeart"">هيرمان هيسه</a> ✍️"
144,"العزلة هي مصير كل العقول العظيمة.

<a href=""https://t.me/SakonHeart"">آرثر شوبنهاور</a> ✍️"
145,"الصحة تمنحك القدرة على الاستمتاع بالحياة، العقل يمنحك القدرة على فهمها.

<a href=""https://t.me/SakonHeart"">آرثر شوبنهاور</a> ✍️"
146,"كل أمة تسخر من الأمم الأخرى، وكلهم على حق.

<a href=""https://t.me/SakonHeart"">آرثر شوبنهاور</a> ✍️"
147,"التضحية بالصحة من أجل أي نوع آخر من السعادة هي أكبر حماقة.

<a href=""https://t.me/SakonHeart"">آرثر شوبنهاور</a> ✍️"
148,"الحياة بندول يتأرجح بين الألم والملل.

<a href=""https://t.me/SakonHeart"">آرثر شوبنهاور</a> ✍️"
149,"كانت أفضل الأوقات، وكانت أسوأ الأوقات.

<a href=""https://t.me/SakonHeart"">تشارلز ديكنز</a> ✍️"
150,"قلب يحب هو أصدق حكمة في هذا العالم.

<a href=""https://t.me/SakonHeart"">تشارلز ديكنز</a> ✍️"
151,"لا تضيع اليوم في الحسرة على الأمس.

<a href=""https://t.me/SakonHeart"">تشارلز ديكنز</a> ✍️"
152,"الأمل شمعة لا تنطفئ في قلب من يعتقد بالخير.

<a href=""https://t.me/SakonHeart"">تشارلز ديكنز</a> ✍️"
153,"لا توجد حسنة ضائعة، كل فعل خير يترك أثراً.

<a href=""https://t.me/SakonHeart"">تشارلز ديكنز</a> ✍️"
154,"مهما كان ما يمكنك فعله أو تحلم بفعله، أقدم عليه. الجرأة تملك العبقرية والسحر والقوة.

<a href=""https://t.me/SakonHeart"">غوته</a> ✍️"
155,"تحدث مع نفسك كما تتحدث مع شخص تحبه وتعزّ أمره.

<a href=""https://t.me/SakonHeart"">غوته</a> ✍️"
156,"ليس كافياً أن تعرف، بل يجب أن تطبق. ليس كافياً أن ترغب، بل يجب أن تفعل.

<a href=""https://t.me/SakonHeart"">غوته</a> ✍️"
157,"الرجل السعيد هو من يستطيع التوفيق بين بداية حياته ونهايتها.

<a href=""https://t.me/SakonHeart"">غوته</a> ✍️"
158,"السلوك هو المرآة التي يظهر فيها كل شخص صورته الحقيقية.

<a href=""https://t.me/SakonHeart"">غوته</a> ✍️"
159,"رحلة الاستكشاف الحقيقية لا تتطلب البحث عن مناظر جديدة، بل النظر بأعين جديدة.

<a href=""https://t.me/SakonHeart"">مارسيل بروست</a> ✍️"
160,"الزمان ينقضي، والذكريات تظل حية في القلوب.

<a href=""https://t.me/SakonHeart"">مارسيل بروست</a> ✍️"
161,"الجمال الحقيقي هو الذي يتفتح في العزلة والهدوء.

<a href=""https://t.me/SakonHeart"">مارسيل بروست</a> ✍️"
162,"الوجود يسبق الماهية.

<a href=""https://t.me/SakonHeart"">جان بول سارتر</a> ✍️"
163,"نحن محكوم علينا بالحرية.

<a href=""https://t.me/SakonHeart"">جان بول سارتر</a> ✍️"
164,"الجحيم هو الآخرون حين يلغون ذاتك.

<a href=""https://t.me/SakonHeart"">جان بول سارتر</a> ✍️"
165,"الإنسان هو ما يصنعه بنفسه.

<a href=""https://t.me/SakonHeart"">جان بول سارتر</a> ✍️"
166,"لا يولد المرء إنساناً كاملاً، بل يصبح كذلك.

<a href=""https://t.me/SakonHeart"">سيمون دي بوفوار</a> ✍️"
167,"تأتي الحرية عندما تتوقف عن الخوف من الفشل.

<a href=""https://t.me/SakonHeart"">سيمون دي بوفوار</a> ✍️"
168,"كل الحكمة البشرية تتلخص في كلمتين: الانتظار والأمل.

<a href=""https://t.me/SakonHeart"">ألكسندر دوما</a> ✍️"
169,"الشرور في هذا العالم تتسلل عندما يصمت الأخيار.

<a href=""https://t.me/SakonHeart"">ألكسندر دوما</a> ✍️"
170,"اقرأ لكي تعيش بوعي أكبر.

<a href=""https://t.me/SakonHeart"">غوستاف فلوبير</a> ✍️"
171,"الألفاظ هي الجسور التي نعبر بها فوق الفراغ.

<a href=""https://t.me/SakonHeart"">غوستاف فلوبير</a> ✍️"
172,"إذا سألتني عما أتيت لأفعله في هذا العالم، سأقول لك: أنا هنا لأعيش بصوت عالٍ.

<a href=""https://t.me/SakonHeart"">إميل زولا</a> ✍️"
173,"الحقيقة في طريقها إلينا ولا شيء يستطيع إيقافها.

<a href=""https://t.me/SakonHeart"">إميل زولا</a> ✍️"
174,"كل ما نراه أو نبدو عليه ليس سوى حلم داخل حلم.

<a href=""https://t.me/SakonHeart"">إدغار ألان بو</a> ✍️"
175,"الجمال هو العاطفة الوحيدة الشريفة في الشعر.

<a href=""https://t.me/SakonHeart"">إدغار ألان بو</a> ✍️"
176,"حافظ على وجهك متجهاً نحو الشمس ولن ترى الظلال أبداً.

<a href=""https://t.me/SakonHeart"">والت ويتمان</a> ✍️"
177,"أنا شاسع، وأحتوي على عوالم متناقضة.

<a href=""https://t.me/SakonHeart"">والت ويتمان</a> ✍️"
178,"الأمل هو الشيء ذو الريش الذي يستقر في الروح.

<a href=""https://t.me/SakonHeart"">إميلي ديكنسون</a> ✍️"
179,"قول الحقيقة كاملة ولكن بأسلوب مائل ورقيق.

<a href=""https://t.me/SakonHeart"">إميلي ديكنسون</a> ✍️"
180,"إن الجمال هو الذي سينقذ العالم.

<a href=""https://t.me/SakonHeart"">فيودور دوستويفسكي</a> ✍️"
181,"كل شيء في الإنسان يعتمد على البيئة التي يعيش فيها.

<a href=""https://t.me/SakonHeart"">فيودور دوستويفسكي</a> ✍️"
182,"ليس هناك ما هو أكثر صعوبة من التعبير عن الفكر الصريح.

<a href=""https://t.me/SakonHeart"">فيودور دوستويفسكي</a> ✍️"
183,"أنا أحب البشرية، لكنني أعجب من نفسي: كلما زاد حبي للبشرية بشكل عام، قل حبي للإنسان بفرده.

<a href=""https://t.me/SakonHeart"">فيودور دوستويفسكي</a> ✍️"
184,"الذكاء وحده لا يكفي، يجب أن يكون لديك ما يكفي من الذكاء لتتجنب كثرة الذكاء.

<a href=""https://t.me/SakonHeart"">فيودور دوستويفسكي</a> ✍️"
185,"إن الألم والعذاب هما دوماً أمران حتميان للعقل الكبير والقلب العميق.

<a href=""https://t.me/SakonHeart"">فيودور دوستويفسكي</a> ✍️"
186,"الأخطاء التي نرتكبها بنية حسنة هي أشد الأخطاء خطورة.

<a href=""https://t.me/SakonHeart"">فيودور دوستويفسكي</a> ✍️"
187,"إذا أردت أن تتغلب على العالم، اتغلب على نفسك.

<a href=""https://t.me/SakonHeart"">فيودور دوستويفسكي</a> ✍️"
188,"الحرية ليست في كثرة ما تملك، بل في قلة ما تحتاج إليه.

<a href=""https://t.me/SakonHeart"">فيودور دوستويفسكي</a> ✍️"
189,"سر الوجود البشري لا يكمن في مجرد البقاء، بل في العثور على شيء نعيش من أجله.

<a href=""https://t.me/SakonHeart"">فيودور دوستويفسكي</a> ✍️"
190,"لا يوجد شيء في هذا العالم أصعب من قول الحقيقة، ولا أسهل من الإطراء.

<a href=""https://t.me/SakonHeart"">فيودور دوستويفسكي</a> ✍️"
191,"أن تخطئ بطريقتك الخاصة خير من أن تسير في الطريق الصحيح بتقليد غيرك.

<a href=""https://t.me/SakonHeart"">فيودور دوستويفسكي</a> ✍️"
192,"الروح تُشفى حين نكون برفقة الأطفال.

<a href=""https://t.me/SakonHeart"">فيودور دوستويفسكي</a> ✍️"
193,"كل شيء سينتهي، والزمن يمحو أثر الكلمات والأحزان.

<a href=""https://t.me/SakonHeart"">فيودور دوستويفسكي</a> ✍️"
194,"الصمت أحياناً يكون الصرخة الأشد صخباً.

<a href=""https://t.me/SakonHeart"">فيودور دوستويفسكي</a> ✍️"
195,"الجميع يفكر في تغيير العالم، لكن لا أحد يفكر في تغيير نفسه.

<a href=""https://t.me/SakonHeart"">ليو تولستوي</a> ✍️"
196,"العائلات السعيدة كلها متشابهة، لكن كل عائلة تعيسة شقية بطريقتها الخاصة.

<a href=""https://t.me/SakonHeart"">ليو تولستوي</a> ✍️"
197,"إذا أردت أن تكون سعيداً، فكن كذلك.

<a href=""https://t.me/SakonHeart"">ليو تولستوي</a> ✍️"
198,"أقوى المحاربين هما الوقت والصبر.

<a href=""https://t.me/SakonHeart"">ليو تولستوي</a> ✍️"
199,"الحقيقة مثل الذهب، لا توجد في الحجم بل في النقاء.

<a href=""https://t.me/SakonHeart"">ليو تولستوي</a> ✍️"
200,"أن نكون سعداء مع من نحب، هذا هو أقصى ما نتصوره من النعيم.

<a href=""https://t.me/SakonHeart"">ليو تولستوي</a> ✍️"
201,"الحب هو المظهر الوحيد للعقلانية في الحياة البشرية.

<a href=""https://t.me/SakonHeart"">ليو تولستوي</a> ✍️"
202,"الإنسان كسرٌ بَسطُه ما هو عليه، ومقامه ما يظن نفسه عليه.

<a href=""https://t.me/SakonHeart"">ليو تولستوي</a> ✍️"
203,"العلم دون أخلاق كالسلاح في يد مجنون.

<a href=""https://t.me/SakonHeart"">ليو تولستوي</a> ✍️"
204,"لا خير في حياة لا يضيئها نبل الفكرة وسماء الروح.

<a href=""https://t.me/SakonHeart"">ليو تولستوي</a> ✍️"
205,"الكتاب يجب أن يكون الفأس التي تكسر البحر المتجمد في داخلنا.

<a href=""https://t.me/SakonHeart"">فرانتس كافكا</a> ✍️"
206,"تبدأ الحياة بالحيرة وتنتهي بالهدوء.

<a href=""https://t.me/SakonHeart"">فرانتس كافكا</a> ✍️"
207,"أنا في حاجة إلى العزلة الشديدة لكي أستطيع أن أكتب.

<a href=""https://t.me/SakonHeart"">فرانتس كافكا</a> ✍️"
208,"كل ما تحبه من المحتمل أن تفقده، ولكن في النهاية سيعود الحب بشكل آخر.

<a href=""https://t.me/SakonHeart"">فرانتس كافكا</a> ✍️"
209,"يمكن للمرء أن يبتعد عن كل شيء، إلا عن نفسه.

<a href=""https://t.me/SakonHeart"">فرانتس كافكا</a> ✍️"
210,"هناك كمية لا تحصى من الأمل في هذا الكون، ولكن ليس لنا.

<a href=""https://t.me/SakonHeart"">فرانتس كافكا</a> ✍️"
211,"الكتابة هي شكل من أشكال الصلاة.

<a href=""https://t.me/SakonHeart"">فرانتس كافكا</a> ✍️"
212,"من يحتفظ بالقدرة على رؤية الجمال لا يشيخ أبداً.

<a href=""https://t.me/SakonHeart"">فرانتس كافكا</a> ✍️"
213,"المسارات تتشكل عندما نمشي عليها.

<a href=""https://t.me/SakonHeart"">فرانتس كافكا</a> ✍️"
214,"كثيراً ما تكون العزلة هي الملاذ الوحيد للنفس الصادقة.

<a href=""https://t.me/SakonHeart"">فرانتس كافكا</a> ✍️"
215,"في منتصف الشتاء، وجدت في داخلي صيفاً لا يقهر.

<a href=""https://t.me/SakonHeart"">ألبير كامو</a> ✍️"
216,"التمرد هو الشيء الوحيد الذي يمنح الحياة معناها.

<a href=""https://t.me/SakonHeart"">ألبير كامو</a> ✍️"
217,"عش حتى تكتمل وتصل إلى أقصى حدود إمكاناتك.

<a href=""https://t.me/SakonHeart"">ألبير كامو</a> ✍️"
218,"لا تمش أمامي فربما لا أستطيع الإمساك بك، ولا تمش خلفي فربما لا أستطيع القيادة، بل امش بجانبي وكن صديقي.

<a href=""https://t.me/SakonHeart"">ألبير كامو</a> ✍️"
219,"الحرية ليست سوى فرصة لكي نكون أفضل.

<a href=""https://t.me/SakonHeart"">ألبير كامو</a> ✍️"
220,"سعادة الإنسان تكمن في شجاعته أمام قدره.

<a href=""https://t.me/SakonHeart"">ألبير كامو</a> ✍️"
221,"الشك في كل شيء هو أول خطوة نحو المعرفة الحقيقية.

<a href=""https://t.me/SakonHeart"">ألبير كامو</a> ✍️"
222,"المأساة ليست في الموت، بل فيما يموت داخل الإنسان وهو حي.

<a href=""https://t.me/SakonHeart"">ألبير كامو</a> ✍️"
223,"ليس هناك من هو أكثر حزناً ممن يحاول إرضاء الجميع.

<a href=""https://t.me/SakonHeart"">ألبير كامو</a> ✍️"
224,"كل إنسان يحمل في داخله صحراء هادئة يجب أن يعبرها بنفسه.

<a href=""https://t.me/SakonHeart"">ألبير كامو</a> ✍️"
225,"ليس هناك شيء أكثر قوة من فكرة حان وقتها.

<a href=""https://t.me/SakonHeart"">فيكتور هوغو</a> ✍️"
226,"الموسيقى تعبر عما لا يمكن قوله وما لا يمكن السكوت عنه.

<a href=""https://t.me/SakonHeart"">فيكتور هوغو</a> ✍️"
227,"لتغير الشعب، يجب أولاً أن تعلمه وترفعه.

<a href=""https://t.me/SakonHeart"">فيكتور هوغو</a> ✍️"
228,"حتى أطول الليالي ستنتهي وستشرق الشمس.

<a href=""https://t.me/SakonHeart"">فيكتور هوغو</a> ✍️"
229,"التسامح هو الأثواب الأكثر أناقة التي يمكن للروح أن ترتديها.

<a href=""https://t.me/SakonHeart"">فيكتور هوغو</a> ✍️"
230,"الابتسامة هي الشمس التي تطرد الشتاء عن وجه الإنسان.

<a href=""https://t.me/SakonHeart"">فيكتور هوغو</a> ✍️"
231,"الكتب أصدقاء لا يخذلونك أبداً.

<a href=""https://t.me/SakonHeart"">فيكتور هوغو</a> ✍️"
232,"أن تحب إنساناً هو أن ترى وجه الله فيه.

<a href=""https://t.me/SakonHeart"">فيكتور هوغو</a> ✍️"
233,"العقل الذي يرتوي بالمعرفة لا يستطيع العودة إلى الظلام.

<a href=""https://t.me/SakonHeart"">فيكتور هوغو</a> ✍️"
234,"الحرية تبتدئ من حيث ينتهي الجهل.

<a href=""https://t.me/SakonHeart"">فيكتور هوغو</a> ✍️"
235,"كن نفسك، فكل الشخصيات الأخرى قد أُخذت بالفعل.

<a href=""https://t.me/SakonHeart"">أوسكار وايلد</a> ✍️"
236,"استطعنا أن نغزو الهواء كالطيور والبحر كالأسماك، ولكننا لم نتعلم كيف نعيش على الأرض كإخوة.

<a href=""https://t.me/SakonHeart"">أوسكار وايلد</a> ✍️"
237,"الحقيقة نادراً ما تكون الخالصة، وليست بسيطة أبداً.

<a href=""https://t.me/SakonHeart"">أوسكار وايلد</a> ✍️"
238,"التجربة هي الاسم الذي يطلقه الجميع على أخطائهم.

<a href=""https://t.me/SakonHeart"">أوسكار وايلد</a> ✍️"
239,"كل قديس له ماضٍ، وكل خاطئ له مستقبل.

<a href=""https://t.me/SakonHeart"">أوسكار وايلد</a> ✍️"
240,"سر الحياة هو الاستمتاع بمرور الوقت.

<a href=""https://t.me/SakonHeart"">أوسكار وايلد</a> ✍️"
241,"يمكنني أن أقاوم أي شيء إلا الإغراء.

<a href=""https://t.me/SakonHeart"">أوسكار وايلد</a> ✍️"
242,"أفضل طريقة للتخلص من الهم هي الضحك عليه.

<a href=""https://t.me/SakonHeart"">أوسكار وايلد</a> ✍️"
243,"سحر الخيال يكمن في أنه يجعل الواقع ممكناً.

<a href=""https://t.me/SakonHeart"">أوسكار وايلد</a> ✍️"
244,"من يحب الجمال يجد الشغف في كل مكان.

<a href=""https://t.me/SakonHeart"">أوسكار وايلد</a> ✍️"
245,"من لديه سبب ليعيش من أجله، يستطيع أن يتحمل أي طريقة ليعيش بها.

<a href=""https://t.me/SakonHeart"">فريدريك نيتشه</a> ✍️"
246,"ما لا يقتلني يجعلني أقوى.

<a href=""https://t.me/SakonHeart"">فريدريك نيتشه</a> ✍️"
247,"يجب أن تحمل في داخلك الفوضى لتستطيع أن تلد نجماً راقصاً.

<a href=""https://t.me/SakonHeart"">فريدريك نيتشه</a> ✍️"
248,"بدون الموسيقى، كانت الحياة ستكون خطأً.

<a href=""https://t.me/SakonHeart"">فريدريك نيتشه</a> ✍️"
249,"الأفكار العظيمة تأتي وأنت تمشي.

<a href=""https://t.me/SakonHeart"">فريدريك نيتشه</a> ✍️"
250,"الذي يقاتل الوحوش يجب أن يحذر لئلا يتحول هو نفسه إلى وحش.

<a href=""https://t.me/SakonHeart"">فريدريك نيتشه</a> ✍️"
251,"ليس عدم وجود الحب بل عدم وجود الصداقة هو ما ينسج الزواج التعيس.

<a href=""https://t.me/SakonHeart"">فريدريك نيتشه</a> ✍️"
252,"النور يشرق من القمم العالية أولاً.

<a href=""https://t.me/SakonHeart"">فريدريك نيتشه</a> ✍️"
253,"إن القوة الحقيقية تكمن في التحكم بالذات.

<a href=""https://t.me/SakonHeart"">فريدريك نيتشه</a> ✍️"
254,"احذر من أولئك الذين يعطون النصائح دون أن يدفعوا ثمنها.

<a href=""https://t.me/SakonHeart"">فريدريك نيتشه</a> ✍️"
255,"لا تتوقف عن الابتسام، حتى عندما تكون حزيناً، فلربما يحب أحدهم ابتسامتك.

<a href=""https://t.me/SakonHeart"">غابرييل غارثيا ماركيز</a> ✍️"
256,"الحياة ليست ما يعيشه المرء، بل ما يتذكره وكيف يتذكره ليرويه.

<a href=""https://t.me/SakonHeart"">غابرييل غارثيا ماركيز</a> ✍️"
257,"لم أعد أخشى شيئاً، لأنني أدركت أن الشجاعة تتولد من القلب.

<a href=""https://t.me/SakonHeart"">غابرييل غارثيا ماركيز</a> ✍️"
258,"الرجال لا يموتون عندما يجب عليهم، بل عندما يستطيعون.

<a href=""https://t.me/SakonHeart"">غابرييل غارثيا ماركيز</a> ✍️"
259,"السر في الكبر في السن بكرامة هو أن تعقد اتفاقاً صريحاً مع العزلة.

<a href=""https://t.me/SakonHeart"">غابرييل غارثيا ماركيز</a> ✍️"
260,"الذاكرة تزيد من جمال الماضي وتطرد آلامه.

<a href=""https://t.me/SakonHeart"">غابرييل غارثيا ماركيز</a> ✍️"
261,"الانتظار هو أطول أشكال الزمن.

<a href=""https://t.me/SakonHeart"">غابرييل غارثيا ماركيز</a> ✍️"
262,"الحب في زمن الصعاب يستحق أن نقتات عليه لسنوات.

<a href=""https://t.me/SakonHeart"">غابرييل غارثيا ماركيز</a> ✍️"
263,"الإنسان لا يولد مرة واحدة، بل يعيد ولادة نفسه كل يوم.

<a href=""https://t.me/SakonHeart"">غابرييل غارثيا ماركيز</a> ✍️"
264,"البساطة هي أعلى مراتب الأناقة في الفكر.

<a href=""https://t.me/SakonHeart"">غابرييل غارثيا ماركيز</a> ✍️"
265,"الإنسان يمكن أن يُدمر، لكن لا يمكن هزيمته.

<a href=""https://t.me/SakonHeart"">إرنست همنغواي</a> ✍️"
266,"أفضل طريقة لمعرفة ما إذا كان يمكنك الثقة بشخص ما هي أن تتق فيه.

<a href=""https://t.me/SakonHeart"">إرنست همنغواي</a> ✍️"
267,"لا يوجد صديق وفيّ مثل الكتاب.

<a href=""https://t.me/SakonHeart"">إرنست همنغواي</a> ✍️"
268,"عش الحياة بملئها، ولا تخف من تجربة ما هو جديد.

<a href=""https://t.me/SakonHeart"">إرنست همنغواي</a> ✍️"
269,"يسعدني الشرفاء حتى لو اختلفوا معي.

<a href=""https://t.me/SakonHeart"">إرنست همنغواي</a> ✍️"
270,"لكي تكتب عن الحياة، يجب عليك أولاً أن تعيشها.

<a href=""https://t.me/SakonHeart"">إرنست همنغواي</a> ✍️"
271,"الشجاعة هي النبل تحت الضغط.

<a href=""https://t.me/SakonHeart"">إرنست همنغواي</a> ✍️"
272,"الصمت أحياناً يفرز بلاغة لا تستطيع الكلمات بلوغها.

<a href=""https://t.me/SakonHeart"">إرنست همنغواي</a> ✍️"
273,"كل الأفكار الكبيرة تبدأ ببساطة شديدة.

<a href=""https://t.me/SakonHeart"">إرنست همنغواي</a> ✍️"
274,"السعادة في العقلاء هي أندر شيء أعرفه.

<a href=""https://t.me/SakonHeart"">إرنست همنغواي</a> ✍️"
275,"إذا أردت أن تفهم الحياة، فكف عن تصديق ما يقال، وبدأ بإنصات ما يُعاش.

<a href=""https://t.me/SakonHeart"">أنطون تشيخوف</a> ✍️"
276,"الحكمة لا تأتي من كثرة الكلام، بل من كثرة التأمل.

<a href=""https://t.me/SakonHeart"">أنطون تشيخوف</a> ✍️"
277,"لا تقل لي إن القمر مضيء، بل أرني بريق الضوء على زجاج مكسور.

<a href=""https://t.me/SakonHeart"">أنطون تشيخوف</a> ✍️"
278,"الصحة والعقل هما أثمن ما يملكه الإنسان في هذا العالم.

<a href=""https://t.me/SakonHeart"">أنطون تشيخوف</a> ✍️"
279,"الكثير من الناس يضيعون سنواتهم في القلق حول المستقبل ونسيان الحاضر.

<a href=""https://t.me/SakonHeart"">أنطون تشيخوف</a> ✍️"
280,"الطيبة هي اللغة التي يستطيع الأصم أن يسمعها والأعمى أن يراها.

<a href=""https://t.me/SakonHeart"">أنطون تشيخوف</a> ✍️"
281,"العمل هو الترياق الوحيد للحزن والألم النفسي.

<a href=""https://t.me/SakonHeart"">أنطون تشيخوف</a> ✍️"
282,"أن تسعد إنساناً واحداً هو عمل خيّر يضاهي تغيير العالم.

<a href=""https://t.me/SakonHeart"">أنطون تشيخوف</a> ✍️"
283,"كل شيء جميل في الإنسان يجب أن يظهر في فكره وأدبه.

<a href=""https://t.me/SakonHeart"">أنطون تشيخوف</a> ✍️"
284,"الحرية الحقيقية تكمن في قدرتك على ضبط نفسك.

<a href=""https://t.me/SakonHeart"">أنطون تشيخوف</a> ✍️"
285,"نحن نعلم ما نحن عليه، ولكننا لا نعلم ما يمكن أن نكون عليه.

<a href=""https://t.me/SakonHeart"">ويليام شكسبير</a> ✍️"
286,"استمع إلى الجميع، ولكن تحدث مع القليلين.

<a href=""https://t.me/SakonHeart"">ويليام شكسبير</a> ✍️"
287,"الجبناء يموتون مرات عديدة قبل موتهم، أما الشجعان فلا يذوقون الموت إلا مرة واحدة.

<a href=""https://t.me/SakonHeart"">ويليام شكسبير</a> ✍️"
288,"الحب لا ينظر بالعينين، بل بالروح.

<a href=""https://t.me/SakonHeart"">ويليام شكسبير</a> ✍️"
289,"ليس هناك شيء جيد أو سيئ، ولكن التفكير هو ما يجعله كذلك.

<a href=""https://t.me/SakonHeart"">ويليام شكسبير</a> ✍️"
290,"الزمن بطيء جداً لمن ينتظر، سريع جداً لمن يخشى، طويل جداً لمن يتألم، وقصير جداً لمن يحتفل.

<a href=""https://t.me/SakonHeart"">ويليام شكسبير</a> ✍️"
291,"الكلام رخيص جداً حتى يمتزج بالأفعال.

<a href=""https://t.me/SakonHeart"">ويليام شكسبير</a> ✍️"
292,"الشك دائماً ما يلاحق العقل الآثم.

<a href=""https://t.me/SakonHeart"">ويليام شكسبير</a> ✍️"
293,"أفضل الطرق لتحقيق النجاح هي ألا نتوقف عن المحاولة.

<a href=""https://t.me/SakonHeart"">ويليام شكسبير</a> ✍️"
294,"العالم كله مسرح، وكل الرجال والنساء ما هم إلا مكررون لأدوارهم.

<a href=""https://t.me/SakonHeart"">ويليام شكسبير</a> ✍️"
295,"سر التقدم في العمل هو أن تبدأ.

<a href=""https://t.me/SakonHeart"">مارك توين</a> ✍️"
296,"أهم يومين في حياتك هما: اليوم الذي ولدت فيه، واليوم الذي تعرف فيه لماذا ولدت.

<a href=""https://t.me/SakonHeart"">مارك توين</a> ✍️"
297,"لا تسير خلف الأغلبية، حتى لو كانت على صواب.

<a href=""https://t.me/SakonHeart"">مارك توين</a> ✍️"
298,"من الأفضل أن تصمت ويظن الآخرون أنك غبي، من أن تتكلم وتزيل كل شكوكهم.

<a href=""https://t.me/SakonHeart"">مارك توين</a> ✍️"
299,"الإيمان هو أن تصدق ما لا تراه، وجزاء هذا الإيمان هو أن ترى ما تصدقه.

<a href=""https://t.me/SakonHeart"">مارك توين</a> ✍️"
300,"اللطف هو اللغة التي يستطيع الصم سماعها والعماة رؤيتها.

<a href=""https://t.me/SakonHeart"">مارك توين</a> ✍️"
301,"احذر من قراءة كتب الصحة، فقد تموت بسبب خطأ مطبعي.

<a href=""https://t.me/SakonHeart"">مارك توين</a> ✍️"
302,"الشجاعة هي مقاومة الخوف والخوف المباشر، وليست غياب الخوف.

<a href=""https://t.me/SakonHeart"">مارك توين</a> ✍️"
303,"اعطِ كل يوم الفرصة ليكون أجمل يوم في حياتك.

<a href=""https://t.me/SakonHeart"">مارك توين</a> ✍️"
304,"الصدق أسهل من الكذب لأنك لا تحتاج إلى تذكر ما قلته.

<a href=""https://t.me/SakonHeart"">مارك توين</a> ✍️"
305,"في زمن الخداع العام، يصبح قول الحقيقة عملاً ثورياً.

<a href=""https://t.me/SakonHeart"">جورج أورويل</a> ✍️"
306,"من يسيطر على الماضي يسيطر على المستقبل، ومن يسيطر على الحاضر يسيطر على الماضي.

<a href=""https://t.me/SakonHeart"">جورج أورويل</a> ✍️"
307,"الحرية هي الحق في أن تقول للناس ما لا يريدون سماعه.

<a href=""https://t.me/SakonHeart"">جورج أورويل</a> ✍️"
308,"الجهل هو القوة الأكثر تدميراً في مجتمعاتنا.

<a href=""https://t.me/SakonHeart"">جورج أورويل</a> ✍️"
309,"كل الحيوانات متساوية، لكن بعضها أكثر مساواة من غيرها.

<a href=""https://t.me/SakonHeart"">جورج أورويل</a> ✍️"
310,"أفضل الكتب هي التي تقول لك ما تعرفه بالفعل.

<a href=""https://t.me/SakonHeart"">جورج أورويل</a> ✍️"
311,"جوهر الإنسانية هو ألا يطمح المرء إلى الكمال بل إلى الحق.

<a href=""https://t.me/SakonHeart"">جورج أورويل</a> ✍️"
312,"اللغة الفاسدة تؤدي بالتأكيد إلى تفكير فاسد.

<a href=""https://t.me/SakonHeart"">جورج أورويل</a> ✍️"
313,"لا توجد بوابات، ولا أقفال، ولا مزالج يمكنك إغلاقها على حرية عقلي.

<a href=""https://t.me/SakonHeart"">فيرجينيا وولف</a> ✍️"
314,"لكي تستطيع أن تكتب، يجب أن تملك غرفة خاصة بك وبعض المال.

<a href=""https://t.me/SakonHeart"">فيرجينيا وولف</a> ✍️"
315,"الحياة ليست سلسلة من مصابيح العربات المنظمة بشكل مرتب، بل هي هالة مضيئة شفافة.

<a href=""https://t.me/SakonHeart"">فيرجينيا وولف</a> ✍️"
316,"العين تحب الجمال، ولكن الروح تبحث عن السلام.

<a href=""https://t.me/SakonHeart"">فيرجينيا وولف</a> ✍️"
317,"الكتابة هي الوسيلة الوحيدة للتحدث مع الذات بعمق.

<a href=""https://t.me/SakonHeart"">فيرجينيا وولف</a> ✍️"
318,"عندما يكرهك الناس دون سبب، اعلم أن لديهم أسبابهم الخاصة التي تخيفهم في ذواتهم.

<a href=""https://t.me/SakonHeart"">هيرمان هيسه</a> ✍️"
319,"الحكمة لا يمكن نقلها، الحكمة التي يحاول العاقل نقلها تبدو دائماً كالأحمق.

<a href=""https://t.me/SakonHeart"">هيرمان هيسه</a> ✍️"
320,"يجب أن تجرب كل شيء بنفسك، لتصبح شخصاً حقيقياً.

<a href=""https://t.me/SakonHeart"">هيرمان هيسه</a> ✍️"
321,"الطريق إلى الذات هو الطريق الوحيد الذي يستحق السير فيه.

<a href=""https://t.me/SakonHeart"">هيرمان هيسه</a> ✍️"
322,"الحب ليس شيئاً نقتنيه، بل هو شيء نمنحه.

<a href=""https://t.me/SakonHeart"">هيرمان هيسه</a> ✍️"
323,"العزلة هي مصير كل العقول العظيمة.

<a href=""https://t.me/SakonHeart"">آرثر شوبنهاور</a> ✍️"
324,"الصحة تمنحك القدرة على الاستمتاع بالحياة، العقل يمنحك القدرة على فهمها.

<a href=""https://t.me/SakonHeart"">آرثر شوبنهاور</a> ✍️"
325,"كل أمة تسخر من الأمم الأخرى، وكلهم على حق.

<a href=""https://t.me/SakonHeart"">آرثر شوبنهاور</a> ✍️"
326,"التضحية بالصحة من أجل أي نوع آخر من السعادة هي أكبر حماقة.

<a href=""https://t.me/SakonHeart"">آرثر شوبنهاور</a> ✍️"
327,"الحياة بندول يتأرجح بين الألم والملل.

<a href=""https://t.me/SakonHeart"">آرثر شوبنهاور</a> ✍️"
328,"كانت أفضل الأوقات، وكانت أسوأ الأوقات.

<a href=""https://t.me/SakonHeart"">تشارلز ديكنز</a> ✍️"
329,"قلب يحب هو أصدق حكمة في هذا العالم.

<a href=""https://t.me/SakonHeart"">تشارلز ديكنز</a> ✍️"
330,"لا تضيع اليوم في الحسرة على الأمس.

<a href=""https://t.me/SakonHeart"">تشارلز ديكنز</a> ✍️"
331,"الأمل شمعة لا تنطفئ في قلب من يعتقد بالخير.

<a href=""https://t.me/SakonHeart"">تشارلز ديكنز</a> ✍️"
332,"لا توجد حسنة ضائعة، كل فعل خير يترك أثراً.

<a href=""https://t.me/SakonHeart"">تشارلز ديكنز</a> ✍️"
333,"مهما كان ما يمكنك فعله أو تحلم بفعله، أقدم عليه. الجرأة تملك العبقرية والسحر والقوة.

<a href=""https://t.me/SakonHeart"">غوته</a> ✍️"
334,"تحدث مع نفسك كما تتحدث مع شخص تحبه وتعزّ أمره.

<a href=""https://t.me/SakonHeart"">غوته</a> ✍️"
335,"ليس كافياً أن تعرف، بل يجب أن تطبق. ليس كافياً أن ترغب، بل يجب أن تفعل.

<a href=""https://t.me/SakonHeart"">غوته</a> ✍️"
336,"الرجل السعيد هو من يستطيع التوفيق بين بداية حياته ونهايتها.

<a href=""https://t.me/SakonHeart"">غوته</a> ✍️"
337,"السلوك هو المرآة التي يظهر فيها كل شخص صورته الحقيقية.

<a href=""https://t.me/SakonHeart"">غوته</a> ✍️"
338,"رحلة الاستكشاف الحقيقية لا تتطلب البحث عن مناظر جديدة، بل النظر بأعين جديدة.

<a href=""https://t.me/SakonHeart"">مارسيل بروست</a> ✍️"
339,"الزمان ينقضي، والذكريات تظل حية في القلوب.

<a href=""https://t.me/SakonHeart"">مارسيل بروست</a> ✍️"
340,"الجمال الحقيقي هو الذي يتفتح في العزلة والهدوء.

<a href=""https://t.me/SakonHeart"">مارسيل بروست</a> ✍️"
341,"الوجود يسبق الماهية.

<a href=""https://t.me/SakonHeart"">جان بول سارتر</a> ✍️"
342,"نحن محكوم علينا بالحرية.

<a href=""https://t.me/SakonHeart"">جان بول سارتر</a> ✍️"
343,"الجحيم هو الآخرون حين يلغون ذاتك.

<a href=""https://t.me/SakonHeart"">جان بول سارتر</a> ✍️"
344,"الإنسان هو ما يصنعه بنفسه.

<a href=""https://t.me/SakonHeart"">جان بول سارتر</a> ✍️"
345,"لا يولد المرء إنساناً كاملاً، بل يصبح كذلك.

<a href=""https://t.me/SakonHeart"">سيمون دي بوفوار</a> ✍️"
346,"تأتي الحرية عندما تتوقف عن الخوف من الفشل.

<a href=""https://t.me/SakonHeart"">سيمون دي بوفوار</a> ✍️"
347,"كل الحكمة البشرية تتلخص في كلمتين: الانتظار والأمل.

<a href=""https://t.me/SakonHeart"">ألكسندر دوما</a> ✍️"
348,"الشرور في هذا العالم تتسلل عندما يصمت الأخيار.

<a href=""https://t.me/SakonHeart"">ألكسندر دوما</a> ✍️"
349,"اقرأ لكي تعيش بوعي أكبر.

<a href=""https://t.me/SakonHeart"">غوستاف فلوبير</a> ✍️"
350,"الألفاظ هي الجسور التي نعبر بها فوق الفراغ.

<a href=""https://t.me/SakonHeart"">غوستاف فلوبير</a> ✍️"
351,"إذا سألتني عما أتيت لأفعله في هذا العالم، سأقول لك: أنا هنا لأعيش بصوت عالٍ.

<a href=""https://t.me/SakonHeart"">إميل زولا</a> ✍️"
352,"الحقيقة في طريقها إلينا ولا شيء يستطيع إيقافها.

<a href=""https://t.me/SakonHeart"">إميل زولا</a> ✍️"
353,"كل ما نراه أو نبدو عليه ليس سوى حلم داخل حلم.

<a href=""https://t.me/SakonHeart"">إدغار ألان بو</a> ✍️"
354,"الجمال هو العاطفة الوحيدة الشريفة في الشعر.

<a href=""https://t.me/SakonHeart"">إدغار ألان بو</a> ✍️"
355,"حافظ على وجهك متجهاً نحو الشمس ولن ترى الظلال أبداً.

<a href=""https://t.me/SakonHeart"">والت ويتمان</a> ✍️"
356,"أنا شاسع، وأحتوي على عوالم متناقضة.

<a href=""https://t.me/SakonHeart"">والت ويتمان</a> ✍️"
357,"الأمل هو الشيء ذو الريش الذي يستقر في الروح.

<a href=""https://t.me/SakonHeart"">إميلي ديكنسون</a> ✍️"
358,"قول الحقيقة كاملة ولكن بأسلوب مائل ورقيق.

<a href=""https://t.me/SakonHeart"">إميلي ديكنسون</a> ✍️"
359,"إن الجمال هو الذي سينقذ العالم.

<a href=""https://t.me/SakonHeart"">فيودور دوستويفسكي</a> ✍️"
360,"كل شيء في الإنسان يعتمد على البيئة التي يعيش فيها.

<a href=""https://t.me/SakonHeart"">فيودور دوستويفسكي</a> ✍️"
361,"ليس هناك ما هو أكثر صعوبة من التعبير عن الفكر الصريح.

<a href=""https://t.me/SakonHeart"">فيودور دوستويفسكي</a> ✍️"
362,"أنا أحب البشرية، لكنني أعجب من نفسي: كلما زاد حبي للبشرية بشكل عام، قل حبي للإنسان بفرده.

<a href=""https://t.me/SakonHeart"">فيودور دوستويفسكي</a> ✍️"
363,"الذكاء وحده لا يكفي، يجب أن يكون لديك ما يكفي من الذكاء لتتجنب كثرة الذكاء.

<a href=""https://t.me/SakonHeart"">فيودور دوستويفسكي</a> ✍️"
364,"إن الألم والعذاب هما دوماً أمران حتميان للعقل الكبير والقلب العميق.

<a href=""https://t.me/SakonHeart"">فيودور دوستويفسكي</a> ✍️"
365,"الأخطاء التي نرتكبها بنية حسنة هي أشد الأخطاء خطورة.

<a href=""https://t.me/SakonHeart"">فيودور دوستويفسكي</a> ✍️"
366,"إذا أردت أن تتغلب على العالم، اتغلب على نفسك.

<a href=""https://t.me/SakonHeart"">فيودور دوستويفسكي</a> ✍️"
367,"الحرية ليست في كثرة ما تملك، بل في قلة ما تحتاج إليه.

<a href=""https://t.me/SakonHeart"">فيودور دوستويفسكي</a> ✍️"
368,"سر الوجود البشري لا يكمن في مجرد البقاء، بل في العثور على شيء نعيش من أجله.

<a href=""https://t.me/SakonHeart"">فيودور دوستويفسكي</a> ✍️"
369,"لا يوجد شيء في هذا العالم أصعب من قول الحقيقة، ولا أسهل من الإطراء.

<a href=""https://t.me/SakonHeart"">فيودور دوستويفسكي</a> ✍️"
370,"أن تخطئ بطريقتك الخاصة خير من أن تسير في الطريق الصحيح بتقليد غيرك.

<a href=""https://t.me/SakonHeart"">فيودور دوستويفسكي</a> ✍️"
371,"الروح تُشفى حين نكون برفقة الأطفال.

<a href=""https://t.me/SakonHeart"">فيودور دوستويفسكي</a> ✍️"
372,"كل شيء سينتهي، والزمن يمحو أثر الكلمات والأحزان.

<a href=""https://t.me/SakonHeart"">فيودور دوستويفسكي</a> ✍️"
373,"الصمت أحياناً يكون الصرخة الأشد صخباً.

<a href=""https://t.me/SakonHeart"">فيودور دوستويفسكي</a> ✍️"
374,"الجميع يفكر في تغيير العالم، لكن لا أحد يفكر في تغيير نفسه.

<a href=""https://t.me/SakonHeart"">ليو تولستوي</a> ✍️"
375,"العائلات السعيدة كلها متشابهة، لكن كل عائلة تعيسة شقية بطريقتها الخاصة.

<a href=""https://t.me/SakonHeart"">ليو تولستوي</a> ✍️"
376,"إذا أردت أن تكون سعيداً، فكن كذلك.

<a href=""https://t.me/SakonHeart"">ليو تولستوي</a> ✍️"
377,"أقوى المحاربين هما الوقت والصبر.

<a href=""https://t.me/SakonHeart"">ليو تولستوي</a> ✍️"
378,"الحقيقة مثل الذهب، لا توجد في الحجم بل في النقاء.

<a href=""https://t.me/SakonHeart"">ليو تولستوي</a> ✍️"
379,"أن نكون سعداء مع من نحب، هذا هو أقصى ما نتصوره من النعيم.

<a href=""https://t.me/SakonHeart"">ليو تولستوي</a> ✍️"
380,"الحب هو المظهر الوحيد للعقلانية في الحياة البشرية.

<a href=""https://t.me/SakonHeart"">ليو تولستوي</a> ✍️"
381,"الإنسان كسرٌ بَسطُه ما هو عليه، ومقامه ما يظن نفسه عليه.

<a href=""https://t.me/SakonHeart"">ليو تولستوي</a> ✍️"
382,"العلم دون أخلاق كالسلاح في يد مجنون.

<a href=""https://t.me/SakonHeart"">ليو تولستوي</a> ✍️"
383,"لا خير في حياة لا يضيئها نبل الفكرة وسماء الروح.

<a href=""https://t.me/SakonHeart"">ليو تولستوي</a> ✍️"
384,"الكتاب يجب أن يكون الفأس التي تكسر البحر المتجمد في داخلنا.

<a href=""https://t.me/SakonHeart"">فرانتس كافكا</a> ✍️"
385,"تبدأ الحياة بالحيرة وتنتهي بالهدوء.

<a href=""https://t.me/SakonHeart"">فرانتس كافكا</a> ✍️"
386,"أنا في حاجة إلى العزلة الشديدة لكي أستطيع أن أكتب.

<a href=""https://t.me/SakonHeart"">فرانتس كافكا</a> ✍️"
387,"كل ما تحبه من المحتمل أن تفقده، ولكن في النهاية سيعود الحب بشكل آخر.

<a href=""https://t.me/SakonHeart"">فرانتس كافكا</a> ✍️"
388,"يمكن للمرء أن يبتعد عن كل شيء، إلا عن نفسه.

<a href=""https://t.me/SakonHeart"">فرانتس كافكا</a> ✍️"
389,"هناك كمية لا تحصى من الأمل في هذا الكون، ولكن ليس لنا.

<a href=""https://t.me/SakonHeart"">فرانتس كافكا</a> ✍️"
390,"الكتابة هي شكل من أشكال الصلاة.

<a href=""https://t.me/SakonHeart"">فرانتس كافكا</a> ✍️"
391,"من يحتفظ بالقدرة على رؤية الجمال لا يشيخ أبداً.

<a href=""https://t.me/SakonHeart"">فرانتس كافكا</a> ✍️"
392,"المسارات تتشكل عندما نمشي عليها.

<a href=""https://t.me/SakonHeart"">فرانتس كافكا</a> ✍️"
393,"كثيراً ما تكون العزلة هي الملاذ الوحيد للنفس الصادقة.

<a href=""https://t.me/SakonHeart"">فرانتس كافكا</a> ✍️"
394,"في منتصف الشتاء، وجدت في داخلي صيفاً لا يقهر.

<a href=""https://t.me/SakonHeart"">ألبير كامو</a> ✍️"
395,"التمرد هو الشيء الوحيد الذي يمنح الحياة معناها.

<a href=""https://t.me/SakonHeart"">ألبير كامو</a> ✍️"
396,"عش حتى تكتمل وتصل إلى أقصى حدود إمكاناتك.

<a href=""https://t.me/SakonHeart"">ألبير كامو</a> ✍️"
397,"لا تمش أمامي فربما لا أستطيع الإمساك بك، ولا تمش خلفي فربما لا أستطيع القيادة، بل امش بجانبي وكن صديقي.

<a href=""https://t.me/SakonHeart"">ألبير كامو</a> ✍️"
398,"الحرية ليست سوى فرصة لكي نكون أفضل.

<a href=""https://t.me/SakonHeart"">ألبير كامو</a> ✍️"
399,"سعادة الإنسان تكمن في شجاعته أمام قدره.

<a href=""https://t.me/SakonHeart"">ألبير كامو</a> ✍️"
400,"الشك في كل شيء هو أول خطوة نحو المعرفة الحقيقية.

<a href=""https://t.me/SakonHeart"">ألبير كامو</a> ✍️"
401,"المأساة ليست في الموت، بل فيما يموت داخل الإنسان وهو حي.

<a href=""https://t.me/SakonHeart"">ألبير كامو</a> ✍️"
402,"ليس هناك من هو أكثر حزناً ممن يحاول إرضاء الجميع.

<a href=""https://t.me/SakonHeart"">ألبير كامو</a> ✍️"
403,"كل إنسان يحمل في داخله صحراء هادئة يجب أن يعبرها بنفسه.

<a href=""https://t.me/SakonHeart"">ألبير كامو</a> ✍️"
404,"ليس هناك شيء أكثر قوة من فكرة حان وقتها.

<a href=""https://t.me/SakonHeart"">فيكتور هوغو</a> ✍️"
405,"الموسيقى تعبر عما لا يمكن قوله وما لا يمكن السكوت عنه.

<a href=""https://t.me/SakonHeart"">فيكتور هوغو</a> ✍️"
406,"لتغير الشعب، يجب أولاً أن تعلمه وترفعه.

<a href=""https://t.me/SakonHeart"">فيكتور هوغو</a> ✍️"
407,"حتى أطول الليالي ستنتهي وستشرق الشمس.

<a href=""https://t.me/SakonHeart"">فيكتور هوغو</a> ✍️"
408,"التسامح هو الأثواب الأكثر أناقة التي يمكن للروح أن ترتديها.

<a href=""https://t.me/SakonHeart"">فيكتور هوغو</a> ✍️"
409,"الابتسامة هي الشمس التي تطرد الشتاء عن وجه الإنسان.

<a href=""https://t.me/SakonHeart"">فيكتور هوغو</a> ✍️"
410,"الكتب أصدقاء لا يخذلونك أبداً.

<a href=""https://t.me/SakonHeart"">فيكتور هوغو</a> ✍️"
411,"أن تحب إنساناً هو أن ترى وجه الله فيه.

<a href=""https://t.me/SakonHeart"">فيكتور هوغو</a> ✍️"
412,"العقل الذي يرتوي بالمعرفة لا يستطيع العودة إلى الظلام.

<a href=""https://t.me/SakonHeart"">فيكتور هوغو</a> ✍️"
413,"الحرية تبتدئ من حيث ينتهي الجهل.

<a href=""https://t.me/SakonHeart"">فيكتور هوغو</a> ✍️"
414,"كن نفسك، فكل الشخصيات الأخرى قد أُخذت بالفعل.

<a href=""https://t.me/SakonHeart"">أوسكار وايلد</a> ✍️"
415,"استطعنا أن نغزو الهواء كالطيور والبحر كالأسماك، ولكننا لم نتعلم كيف نعيش على الأرض كإخوة.

<a href=""https://t.me/SakonHeart"">أوسكار وايلد</a> ✍️"
416,"الحقيقة نادراً ما تكون الخالصة، وليست بسيطة أبداً.

<a href=""https://t.me/SakonHeart"">أوسكار وايلد</a> ✍️"
417,"التجربة هي الاسم الذي يطلقه الجميع على أخطائهم.

<a href=""https://t.me/SakonHeart"">أوسكار وايلد</a> ✍️"
418,"كل قديس له ماضٍ، وكل خاطئ له مستقبل.

<a href=""https://t.me/SakonHeart"">أوسكار وايلد</a> ✍️"
419,"سر الحياة هو الاستمتاع بمرور الوقت.

<a href=""https://t.me/SakonHeart"">أوسكار وايلد</a> ✍️"
420,"يمكنني أن أقاوم أي شيء إلا الإغراء.

<a href=""https://t.me/SakonHeart"">أوسكار وايلد</a> ✍️"
421,"أفضل طريقة للتخلص من الهم هي الضحك عليه.

<a href=""https://t.me/SakonHeart"">أوسكار وايلد</a> ✍️"
422,"سحر الخيال يكمن في أنه يجعل الواقع ممكناً.

<a href=""https://t.me/SakonHeart"">أوسكار وايلد</a> ✍️"
423,"من يحب الجمال يجد الشغف في كل مكان.

<a href=""https://t.me/SakonHeart"">أوسكار وايلد</a> ✍️"
424,"من لديه سبب ليعيش من أجله، يستطيع أن يتحمل أي طريقة ليعيش بها.

<a href=""https://t.me/SakonHeart"">فريدريك نيتشه</a> ✍️"
425,"ما لا يقتلني يجعلني أقوى.

<a href=""https://t.me/SakonHeart"">فريدريك نيتشه</a> ✍️"
426,"يجب أن تحمل في داخلك الفوضى لتستطيع أن تلد نجماً راقصاً.

<a href=""https://t.me/SakonHeart"">فريدريك نيتشه</a> ✍️"
427,"بدون الموسيقى، كانت الحياة ستكون خطأً.

<a href=""https://t.me/SakonHeart"">فريدريك نيتشه</a> ✍️"
428,"الأفكار العظيمة تأتي وأنت تمشي.

<a href=""https://t.me/SakonHeart"">فريدريك نيتشه</a> ✍️"
429,"الذي يقاتل الوحوش يجب أن يحذر لئلا يتحول هو نفسه إلى وحش.

<a href=""https://t.me/SakonHeart"">فريدريك نيتشه</a> ✍️"
430,"ليس عدم وجود الحب بل عدم وجود الصداقة هو ما ينسج الزواج التعيس.

<a href=""https://t.me/SakonHeart"">فريدريك نيتشه</a> ✍️"
431,"النور يشرق من القمم العالية أولاً.

<a href=""https://t.me/SakonHeart"">فريدريك نيتشه</a> ✍️"
432,"إن القوة الحقيقية تكمن في التحكم بالذات.

<a href=""https://t.me/SakonHeart"">فريدريك نيتشه</a> ✍️"
433,"احذر من أولئك الذين يعطون النصائح دون أن يدفعوا ثمنها.

<a href=""https://t.me/SakonHeart"">فريدريك نيتشه</a> ✍️"
434,"لا تتوقف عن الابتسام، حتى عندما تكون حزيناً، فلربما يحب أحدهم ابتسامتك.

<a href=""https://t.me/SakonHeart"">غابرييل غارثيا ماركيز</a> ✍️"
435,"الحياة ليست ما يعيشه المرء، بل ما يتذكره وكيف يتذكره ليرويه.

<a href=""https://t.me/SakonHeart"">غابرييل غارثيا ماركيز</a> ✍️"
436,"لم أعد أخشى شيئاً، لأنني أدركت أن الشجاعة تتولد من القلب.

<a href=""https://t.me/SakonHeart"">غابرييل غارثيا ماركيز</a> ✍️"
437,"الرجال لا يموتون عندما يجب عليهم، بل عندما يستطيعون.

<a href=""https://t.me/SakonHeart"">غابرييل غارثيا ماركيز</a> ✍️"
438,"السر في الكبر في السن بكرامة هو أن تعقد اتفاقاً صريحاً مع العزلة.

<a href=""https://t.me/SakonHeart"">غابرييل غارثيا ماركيز</a> ✍️"
439,"الذاكرة تزيد من جمال الماضي وتطرد آلامه.

<a href=""https://t.me/SakonHeart"">غابرييل غارثيا ماركيز</a> ✍️"
440,"الانتظار هو أطول أشكال الزمن.

<a href=""https://t.me/SakonHeart"">غابرييل غارثيا ماركيز</a> ✍️"
441,"الحب في زمن الصعاب يستحق أن نقتات عليه لسنوات.

<a href=""https://t.me/SakonHeart"">غابرييل غارثيا ماركيز</a> ✍️"
442,"الإنسان لا يولد مرة واحدة، بل يعيد ولادة نفسه كل يوم.

<a href=""https://t.me/SakonHeart"">غابرييل غارثيا ماركيز</a> ✍️"
443,"البساطة هي أعلى مراتب الأناقة في الفكر.

<a href=""https://t.me/SakonHeart"">غابرييل غارثيا ماركيز</a> ✍️"
444,"الإنسان يمكن أن يُدمر، لكن لا يمكن هزيمته.

<a href=""https://t.me/SakonHeart"">إرنست همنغواي</a> ✍️"
445,"أفضل طريقة لمعرفة ما إذا كان يمكنك الثقة بشخص ما هي أن تتق فيه.

<a href=""https://t.me/SakonHeart"">إرنست همنغواي</a> ✍️"
446,"لا يوجد صديق وفيّ مثل الكتاب.

<a href=""https://t.me/SakonHeart"">إرنست همنغواي</a> ✍️"
447,"عش الحياة بملئها، ولا تخف من تجربة ما هو جديد.

<a href=""https://t.me/SakonHeart"">إرنست همنغواي</a> ✍️"
448,"يسعدني الشرفاء حتى لو اختلفوا معي.

<a href=""https://t.me/SakonHeart"">إرنست همنغواي</a> ✍️"
449,"لكي تكتب عن الحياة، يجب عليك أولاً أن تعيشها.

<a href=""https://t.me/SakonHeart"">إرنست همنغواي</a> ✍️"
450,"الشجاعة هي النبل تحت الضغط.

<a href=""https://t.me/SakonHeart"">إرنست همنغواي</a> ✍️"
451,"الصمت أحياناً يفرز بلاغة لا تستطيع الكلمات بلوغها.

<a href=""https://t.me/SakonHeart"">إرنست همنغواي</a> ✍️"
452,"كل الأفكار الكبيرة تبدأ ببساطة شديدة.

<a href=""https://t.me/SakonHeart"">إرنست همنغواي</a> ✍️"
453,"السعادة في العقلاء هي أندر شيء أعرفه.

<a href=""https://t.me/SakonHeart"">إرنست همنغواي</a> ✍️"
454,"إذا أردت أن تفهم الحياة، فكف عن تصديق ما يقال، وبدأ بإنصات ما يُعاش.

<a href=""https://t.me/SakonHeart"">أنطون تشيخوف</a> ✍️"
455,"الحكمة لا تأتي من كثرة الكلام، بل من كثرة التأمل.

<a href=""https://t.me/SakonHeart"">أنطون تشيخوف</a> ✍️"
456,"لا تقل لي إن القمر مضيء، بل أرني بريق الضوء على زجاج مكسور.

<a href=""https://t.me/SakonHeart"">أنطون تشيخوف</a> ✍️"
457,"الصحة والعقل هما أثمن ما يملكه الإنسان في هذا العالم.

<a href=""https://t.me/SakonHeart"">أنطون تشيخوف</a> ✍️"
458,"الكثير من الناس يضيعون سنواتهم في القلق حول المستقبل ونسيان الحاضر.

<a href=""https://t.me/SakonHeart"">أنطون تشيخوف</a> ✍️"
459,"الطيبة هي اللغة التي يستطيع الأصم أن يسمعها والأعمى أن يراها.

<a href=""https://t.me/SakonHeart"">أنطون تشيخوف</a> ✍️"
460,"العمل هو الترياق الوحيد للحزن والألم النفسي.

<a href=""https://t.me/SakonHeart"">أنطون تشيخوف</a> ✍️"
461,"أن تسعد إنساناً واحداً هو عمل خيّر يضاهي تغيير العالم.

<a href=""https://t.me/SakonHeart"">أنطون تشيخوف</a> ✍️"
462,"كل شيء جميل في الإنسان يجب أن يظهر في فكره وأدبه.

<a href=""https://t.me/SakonHeart"">أنطون تشيخوف</a> ✍️"
463,"الحرية الحقيقية تكمن في قدرتك على ضبط نفسك.

<a href=""https://t.me/SakonHeart"">أنطون تشيخوف</a> ✍️"
464,"نحن نعلم ما نحن عليه، ولكننا لا نعلم ما يمكن أن نكون عليه.

<a href=""https://t.me/SakonHeart"">ويليام شكسبير</a> ✍️"
465,"استمع إلى الجميع، ولكن تحدث مع القليلين.

<a href=""https://t.me/SakonHeart"">ويليام شكسبير</a> ✍️"
466,"الجبناء يموتون مرات عديدة قبل موتهم، أما الشجعان فلا يذوقون الموت إلا مرة واحدة.

<a href=""https://t.me/SakonHeart"">ويليام شكسبير</a> ✍️"
467,"الحب لا ينظر بالعينين، بل بالروح.

<a href=""https://t.me/SakonHeart"">ويليام شكسبير</a> ✍️"
468,"ليس هناك شيء جيد أو سيئ، ولكن التفكير هو ما يجعله كذلك.

<a href=""https://t.me/SakonHeart"">ويليام شكسبير</a> ✍️"
469,"الزمن بطيء جداً لمن ينتظر، سريع جداً لمن يخشى، طويل جداً لمن يتألم، وقصير جداً لمن يحتفل.

<a href=""https://t.me/SakonHeart"">ويليام شكسبير</a> ✍️"
470,"الكلام رخيص جداً حتى يمتزج بالأفعال.

<a href=""https://t.me/SakonHeart"">ويليام شكسبير</a> ✍️"
471,"الشك دائماً ما يلاحق العقل الآثم.

<a href=""https://t.me/SakonHeart"">ويليام شكسبير</a> ✍️"
472,"أفضل الطرق لتحقيق النجاح هي ألا نتوقف عن المحاولة.

<a href=""https://t.me/SakonHeart"">ويليام شكسبير</a> ✍️"
473,"العالم كله مسرح، وكل الرجال والنساء ما هم إلا مكررون لأدوارهم.

<a href=""https://t.me/SakonHeart"">ويليام شكسبير</a> ✍️"
474,"سر التقدم في العمل هو أن تبدأ.

<a href=""https://t.me/SakonHeart"">مارك توين</a> ✍️"
475,"أهم يومين في حياتك هما: اليوم الذي ولدت فيه، واليوم الذي تعرف فيه لماذا ولدت.

<a href=""https://t.me/SakonHeart"">مارك توين</a> ✍️"
476,"لا تسير خلف الأغلبية، حتى لو كانت على صواب.

<a href=""https://t.me/SakonHeart"">مارك توين</a> ✍️"
477,"من الأفضل أن تصمت ويظن الآخرون أنك غبي، من أن تتكلم وتزيل كل شكوكهم.

<a href=""https://t.me/SakonHeart"">مارك توين</a> ✍️"
478,"الإيمان هو أن تصدق ما لا تراه، وجزاء هذا الإيمان هو أن ترى ما تصدقه.

<a href=""https://t.me/SakonHeart"">مارك توين</a> ✍️"
479,"اللطف هو اللغة التي يستطيع الصم سماعها والعماة رؤيتها.

<a href=""https://t.me/SakonHeart"">مارك توين</a> ✍️"
480,"احذر من قراءة كتب الصحة، فقد تموت بسبب خطأ مطبعي.

<a href=""https://t.me/SakonHeart"">مارك توين</a> ✍️"
481,"الشجاعة هي مقاومة الخوف والخوف المباشر، وليست غياب الخوف.

<a href=""https://t.me/SakonHeart"">مارك توين</a> ✍️"
482,"اعطِ كل يوم الفرصة ليكون أجمل يوم في حياتك.

<a href=""https://t.me/SakonHeart"">مارك توين</a> ✍️"
483,"الصدق أسهل من الكذب لأنك لا تحتاج إلى تذكر ما قلته.

<a href=""https://t.me/SakonHeart"">مارك توين</a> ✍️"
484,"في زمن الخداع العام، يصبح قول الحقيقة عملاً ثورياً.

<a href=""https://t.me/SakonHeart"">جورج أورويل</a> ✍️"
485,"من يسيطر على الماضي يسيطر على المستقبل، ومن يسيطر على الحاضر يسيطر على الماضي.

<a href=""https://t.me/SakonHeart"">جورج أورويل</a> ✍️"
486,"الحرية هي الحق في أن تقول للناس ما لا يريدون سماعه.

<a href=""https://t.me/SakonHeart"">جورج أورويل</a> ✍️"
487,"الجهل هو القوة الأكثر تدميراً في مجتمعاتنا.

<a href=""https://t.me/SakonHeart"">جورج أورويل</a> ✍️"
488,"كل الحيوانات متساوية، لكن بعضها أكثر مساواة من غيرها.

<a href=""https://t.me/SakonHeart"">جورج أورويل</a> ✍️"
489,"أفضل الكتب هي التي تقول لك ما تعرفه بالفعل.

<a href=""https://t.me/SakonHeart"">جورج أورويل</a> ✍️"
490,"جوهر الإنسانية هو ألا يطمح المرء إلى الكمال بل إلى الحق.

<a href=""https://t.me/SakonHeart"">جورج أورويل</a> ✍️"
491,"اللغة الفاسدة تؤدي بالتأكيد إلى تفكير فاسد.

<a href=""https://t.me/SakonHeart"">جورج أورويل</a> ✍️"
492,"لا توجد بوابات، ولا أقفال، ولا مزالج يمكنك إغلاقها على حرية عقلي.

<a href=""https://t.me/SakonHeart"">فيرجينيا وولف</a> ✍️"
493,"لكي تستطيع أن تكتب، يجب أن تملك غرفة خاصة بك وبعض المال.

<a href=""https://t.me/SakonHeart"">فيرجينيا وولف</a> ✍️"
494,"الحياة ليست سلسلة من مصابيح العربات المنظمة بشكل مرتب، بل هي هالة مضيئة شفافة.

<a href=""https://t.me/SakonHeart"">فيرجينيا وولف</a> ✍️"
495,"العين تحب الجمال، ولكن الروح تبحث عن السلام.

<a href=""https://t.me/SakonHeart"">فيرجينيا وولف</a> ✍️"
496,"الكتابة هي الوسيلة الوحيدة للتحدث مع الذات بعمق.

<a href=""https://t.me/SakonHeart"">فيرجينيا وولف</a> ✍️"
497,"عندما يكرهك الناس دون سبب، اعلم أن لديهم أسبابهم الخاصة التي تخيفهم في ذواتهم.

<a href=""https://t.me/SakonHeart"">هيرمان هيسه</a> ✍️"
498,"الحكمة لا يمكن نقلها، الحكمة التي يحاول العاقل نقلها تبدو دائماً كالأحمق.

<a href=""https://t.me/SakonHeart"">هيرمان هيسه</a> ✍️"
499,"يجب أن تجرب كل شيء بنفسك، لتصبح شخصاً حقيقياً.

<a href=""https://t.me/SakonHeart"">هيرمان هيسه</a> ✍️"
500,"الطريق إلى الذات هو الطريق الوحيد الذي يستحق السير فيه.

<a href=""https://t.me/SakonHeart"">هيرمان هيسه</a> ✍️"
501,"الحب ليس شيئاً نقتنيه، بل هو شيء نمنحه.

<a href=""https://t.me/SakonHeart"">هيرمان هيسه</a> ✍️"
502,"العزلة هي مصير كل العقول العظيمة.

<a href=""https://t.me/SakonHeart"">آرثر شوبنهاور</a> ✍️"
503,"الصحة تمنحك القدرة على الاستمتاع بالحياة، العقل يمنحك القدرة على فهمها.

<a href=""https://t.me/SakonHeart"">آرثر شوبنهاور</a> ✍️"
504,"كل أمة تسخر من الأمم الأخرى، وكلهم على حق.

<a href=""https://t.me/SakonHeart"">آرثر شوبنهاور</a> ✍️"
505,"التضحية بالصحة من أجل أي نوع آخر من السعادة هي أكبر حماقة.

<a href=""https://t.me/SakonHeart"">آرثر شوبنهاور</a> ✍️"
506,"الحياة بندول يتأرجح بين الألم والملل.

<a href=""https://t.me/SakonHeart"">آرثر شوبنهاور</a> ✍️"
507,"كانت أفضل الأوقات، وكانت أسوأ الأوقات.

<a href=""https://t.me/SakonHeart"">تشارلز ديكنز</a> ✍️"
508,"قلب يحب هو أصدق حكمة في هذا العالم.

<a href=""https://t.me/SakonHeart"">تشارلز ديكنز</a> ✍️"
509,"لا تضيع اليوم في الحسرة على الأمس.

<a href=""https://t.me/SakonHeart"">تشارلز ديكنز</a> ✍️"
510,"الأمل شمعة لا تنطفئ في قلب من يعتقد بالخير.

<a href=""https://t.me/SakonHeart"">تشارلز ديكنز</a> ✍️"
511,"لا توجد حسنة ضائعة، كل فعل خير يترك أثراً.

<a href=""https://t.me/SakonHeart"">تشارلز ديكنز</a> ✍️"
512,"مهما كان ما يمكنك فعله أو تحلم بفعله، أقدم عليه. الجرأة تملك العبقرية والسحر والقوة.

<a href=""https://t.me/SakonHeart"">غوته</a> ✍️"
513,"تحدث مع نفسك كما تتحدث مع شخص تحبه وتعزّ أمره.

<a href=""https://t.me/SakonHeart"">غوته</a> ✍️"
514,"ليس كافياً أن تعرف، بل يجب أن تطبق. ليس كافياً أن ترغب، بل يجب أن تفعل.

<a href=""https://t.me/SakonHeart"">غوته</a> ✍️"
515,"الرجل السعيد هو من يستطيع التوفيق بين بداية حياته ونهايتها.

<a href=""https://t.me/SakonHeart"">غوته</a> ✍️"
516,"السلوك هو المرآة التي يظهر فيها كل شخص صورته الحقيقية.

<a href=""https://t.me/SakonHeart"">غوته</a> ✍️"
517,"رحلة الاستكشاف الحقيقية لا تتطلب البحث عن مناظر جديدة، بل النظر بأعين جديدة.

<a href=""https://t.me/SakonHeart"">مارسيل بروست</a> ✍️"
518,"الزمان ينقضي، والذكريات تظل حية في القلوب.

<a href=""https://t.me/SakonHeart"">مارسيل بروست</a> ✍️"
519,"الجمال الحقيقي هو الذي يتفتح في العزلة والهدوء.

<a href=""https://t.me/SakonHeart"">مارسيل بروست</a> ✍️"
520,"الوجود يسبق الماهية.

<a href=""https://t.me/SakonHeart"">جان بول سارتر</a> ✍️"
521,"نحن محكوم علينا بالحرية.

<a href=""https://t.me/SakonHeart"">جان بول سارتر</a> ✍️"
522,"الجحيم هو الآخرون حين يلغون ذاتك.

<a href=""https://t.me/SakonHeart"">جان بول سارتر</a> ✍️"
523,"الإنسان هو ما يصنعه بنفسه.

<a href=""https://t.me/SakonHeart"">جان بول سارتر</a> ✍️"
524,"لا يولد المرء إنساناً كاملاً، بل يصبح كذلك.

<a href=""https://t.me/SakonHeart"">سيمون دي بوفوار</a> ✍️"
525,"تأتي الحرية عندما تتوقف عن الخوف من الفشل.

<a href=""https://t.me/SakonHeart"">سيمون دي بوفوار</a> ✍️"
526,"كل الحكمة البشرية تتلخص في كلمتين: الانتظار والأمل.

<a href=""https://t.me/SakonHeart"">ألكسندر دوما</a> ✍️"
527,"الشرور في هذا العالم تتسلل عندما يصمت الأخيار.

<a href=""https://t.me/SakonHeart"">ألكسندر دوما</a> ✍️"
528,"اقرأ لكي تعيش بوعي أكبر.

<a href=""https://t.me/SakonHeart"">غوستاف فلوبير</a> ✍️"
529,"الألفاظ هي الجسور التي نعبر بها فوق الفراغ.

<a href=""https://t.me/SakonHeart"">غوستاف فلوبير</a> ✍️"
530,"إذا سألتني عما أتيت لأفعله في هذا العالم، سأقول لك: أنا هنا لأعيش بصوت عالٍ.

<a href=""https://t.me/SakonHeart"">إميل زولا</a> ✍️"
531,"الحقيقة في طريقها إلينا ولا شيء يستطيع إيقافها.

<a href=""https://t.me/SakonHeart"">إميل زولا</a> ✍️"
532,"كل ما نراه أو نبدو عليه ليس سوى حلم داخل حلم.

<a href=""https://t.me/SakonHeart"">إدغار ألان بو</a> ✍️"
533,"الجمال هو العاطفة الوحيدة الشريفة في الشعر.

<a href=""https://t.me/SakonHeart"">إدغار ألان بو</a> ✍️"
534,"حافظ على وجهك متجهاً نحو الشمس ولن ترى الظلال أبداً.

<a href=""https://t.me/SakonHeart"">والت ويتمان</a> ✍️"
535,"أنا شاسع، وأحتوي على عوالم متناقضة.

<a href=""https://t.me/SakonHeart"">والت ويتمان</a> ✍️"
536,"الأمل هو الشيء ذو الريش الذي يستقر في الروح.

<a href=""https://t.me/SakonHeart"">إميلي ديكنسون</a> ✍️"
537,"قول الحقيقة كاملة ولكن بأسلوب مائل ورقيق.

<a href=""https://t.me/SakonHeart"">إميلي ديكنسون</a> ✍️"
538,"إن الجمال هو الذي سينقذ العالم.

<a href=""https://t.me/SakonHeart"">فيودور دوستويفسكي</a> ✍️"
539,"كل شيء في الإنسان يعتمد على البيئة التي يعيش فيها.

<a href=""https://t.me/SakonHeart"">فيودور دوستويفسكي</a> ✍️"
540,"ليس هناك ما هو أكثر صعوبة من التعبير عن الفكر الصريح.

<a href=""https://t.me/SakonHeart"">فيودور دوستويفسكي</a> ✍️"
541,"أنا أحب البشرية، لكنني أعجب من نفسي: كلما زاد حبي للبشرية بشكل عام، قل حبي للإنسان بفرده.

<a href=""https://t.me/SakonHeart"">فيودور دوستويفسكي</a> ✍️"
542,"الذكاء وحده لا يكفي، يجب أن يكون لديك ما يكفي من الذكاء لتتجنب كثرة الذكاء.

<a href=""https://t.me/SakonHeart"">فيودور دوستويفسكي</a> ✍️"
543,"إن الألم والعذاب هما دوماً أمران حتميان للعقل الكبير والقلب العميق.

<a href=""https://t.me/SakonHeart"">فيودور دوستويفسكي</a> ✍️"
544,"الأخطاء التي نرتكبها بنية حسنة هي أشد الأخطاء خطورة.

<a href=""https://t.me/SakonHeart"">فيودور دوستويفسكي</a> ✍️"
545,"إذا أردت أن تتغلب على العالم، اتغلب على نفسك.

<a href=""https://t.me/SakonHeart"">فيودور دوستويفسكي</a> ✍️"
546,"الحرية ليست في كثرة ما تملك، بل في قلة ما تحتاج إليه.

<a href=""https://t.me/SakonHeart"">فيودور دوستويفسكي</a> ✍️"
547,"سر الوجود البشري لا يكمن في مجرد البقاء، بل في العثور على شيء نعيش من أجله.

<a href=""https://t.me/SakonHeart"">فيودور دوستويفسكي</a> ✍️"
548,"لا يوجد شيء في هذا العالم أصعب من قول الحقيقة، ولا أسهل من الإطراء.

<a href=""https://t.me/SakonHeart"">فيودور دوستويفسكي</a> ✍️"
549,"أن تخطئ بطريقتك الخاصة خير من أن تسير في الطريق الصحيح بتقليد غيرك.

<a href=""https://t.me/SakonHeart"">فيودور دوستويفسكي</a> ✍️"
550,"الروح تُشفى حين نكون برفقة الأطفال.

<a href=""https://t.me/SakonHeart"">فيودور دوستويفسكي</a> ✍️"
551,"كل شيء سينتهي، والزمن يمحو أثر الكلمات والأحزان.

<a href=""https://t.me/SakonHeart"">فيودور دوستويفسكي</a> ✍️"
552,"الصمت أحياناً يكون الصرخة الأشد صخباً.

<a href=""https://t.me/SakonHeart"">فيودور دوستويفسكي</a> ✍️"
553,"الجميع يفكر في تغيير العالم، لكن لا أحد يفكر في تغيير نفسه.

<a href=""https://t.me/SakonHeart"">ليو تولستوي</a> ✍️"
554,"العائلات السعيدة كلها متشابهة، لكن كل عائلة تعيسة شقية بطريقتها الخاصة.

<a href=""https://t.me/SakonHeart"">ليو تولستوي</a> ✍️"
555,"إذا أردت أن تكون سعيداً، فكن كذلك.

<a href=""https://t.me/SakonHeart"">ليو تولستوي</a> ✍️"
556,"أقوى المحاربين هما الوقت والصبر.

<a href=""https://t.me/SakonHeart"">ليو تولستوي</a> ✍️"
557,"الحقيقة مثل الذهب، لا توجد في الحجم بل في النقاء.

<a href=""https://t.me/SakonHeart"">ليو تولستوي</a> ✍️"
558,"أن نكون سعداء مع من نحب، هذا هو أقصى ما نتصوره من النعيم.

<a href=""https://t.me/SakonHeart"">ليو تولستوي</a> ✍️"
559,"الحب هو المظهر الوحيد للعقلانية في الحياة البشرية.

<a href=""https://t.me/SakonHeart"">ليو تولستوي</a> ✍️"
560,"الإنسان كسرٌ بَسطُه ما هو عليه، ومقامه ما يظن نفسه عليه.

<a href=""https://t.me/SakonHeart"">ليو تولستوي</a> ✍️"
561,"العلم دون أخلاق كالسلاح في يد مجنون.

<a href=""https://t.me/SakonHeart"">ليو تولستوي</a> ✍️"
562,"لا خير في حياة لا يضيئها نبل الفكرة وسماء الروح.

<a href=""https://t.me/SakonHeart"">ليو تولستوي</a> ✍️"
563,"الكتاب يجب أن يكون الفأس التي تكسر البحر المتجمد في داخلنا.

<a href=""https://t.me/SakonHeart"">فرانتس كافكا</a> ✍️"
564,"تبدأ الحياة بالحيرة وتنتهي بالهدوء.

<a href=""https://t.me/SakonHeart"">فرانتس كافكا</a> ✍️"
565,"أنا في حاجة إلى العزلة الشديدة لكي أستطيع أن أكتب.

<a href=""https://t.me/SakonHeart"">فرانتس كافكا</a> ✍️"
566,"كل ما تحبه من المحتمل أن تفقده، ولكن في النهاية سيعود الحب بشكل آخر.

<a href=""https://t.me/SakonHeart"">فرانتس كافكا</a> ✍️"
567,"يمكن للمرء أن يبتعد عن كل شيء، إلا عن نفسه.

<a href=""https://t.me/SakonHeart"">فرانتس كافكا</a> ✍️"
568,"هناك كمية لا تحصى من الأمل في هذا الكون، ولكن ليس لنا.

<a href=""https://t.me/SakonHeart"">فرانتس كافكا</a> ✍️"
569,"الكتابة هي شكل من أشكال الصلاة.

<a href=""https://t.me/SakonHeart"">فرانتس كافكا</a> ✍️"
570,"من يحتفظ بالقدرة على رؤية الجمال لا يشيخ أبداً.

<a href=""https://t.me/SakonHeart"">فرانتس كافكا</a> ✍️"
571,"المسارات تتشكل عندما نمشي عليها.

<a href=""https://t.me/SakonHeart"">فرانتس كافكا</a> ✍️"
572,"كثيراً ما تكون العزلة هي الملاذ الوحيد للنفس الصادقة.

<a href=""https://t.me/SakonHeart"">فرانتس كافكا</a> ✍️"
573,"في منتصف الشتاء، وجدت في داخلي صيفاً لا يقهر.

<a href=""https://t.me/SakonHeart"">ألبير كامو</a> ✍️"
574,"التمرد هو الشيء الوحيد الذي يمنح الحياة معناها.

<a href=""https://t.me/SakonHeart"">ألبير كامو</a> ✍️"
575,"عش حتى تكتمل وتصل إلى أقصى حدود إمكاناتك.

<a href=""https://t.me/SakonHeart"">ألبير كامو</a> ✍️"
576,"لا تمش أمامي فربما لا أستطيع الإمساك بك، ولا تمش خلفي فربما لا أستطيع القيادة، بل امش بجانبي وكن صديقي.

<a href=""https://t.me/SakonHeart"">ألبير كامو</a> ✍️"
577,"الحرية ليست سوى فرصة لكي نكون أفضل.

<a href=""https://t.me/SakonHeart"">ألبير كامو</a> ✍️"
578,"سعادة الإنسان تكمن في شجاعته أمام قدره.

<a href=""https://t.me/SakonHeart"">ألبير كامو</a> ✍️"
579,"الشك في كل شيء هو أول خطوة نحو المعرفة الحقيقية.

<a href=""https://t.me/SakonHeart"">ألبير كامو</a> ✍️"
580,"المأساة ليست في الموت، بل فيما يموت داخل الإنسان وهو حي.

<a href=""https://t.me/SakonHeart"">ألبير كامو</a> ✍️"
581,"ليس هناك من هو أكثر حزناً ممن يحاول إرضاء الجميع.

<a href=""https://t.me/SakonHeart"">ألبير كامو</a> ✍️"
582,"كل إنسان يحمل في داخله صحراء هادئة يجب أن يعبرها بنفسه.

<a href=""https://t.me/SakonHeart"">ألبير كامو</a> ✍️"
583,"ليس هناك شيء أكثر قوة من فكرة حان وقتها.

<a href=""https://t.me/SakonHeart"">فيكتور هوغو</a> ✍️"
584,"الموسيقى تعبر عما لا يمكن قوله وما لا يمكن السكوت عنه.

<a href=""https://t.me/SakonHeart"">فيكتور هوغو</a> ✍️"
585,"لتغير الشعب، يجب أولاً أن تعلمه وترفعه.

<a href=""https://t.me/SakonHeart"">فيكتور هوغو</a> ✍️"
586,"حتى أطول الليالي ستنتهي وستشرق الشمس.

<a href=""https://t.me/SakonHeart"">فيكتور هوغو</a> ✍️"
587,"التسامح هو الأثواب الأكثر أناقة التي يمكن للروح أن ترتديها.

<a href=""https://t.me/SakonHeart"">فيكتور هوغو</a> ✍️"
588,"الابتسامة هي الشمس التي تطرد الشتاء عن وجه الإنسان.

<a href=""https://t.me/SakonHeart"">فيكتور هوغو</a> ✍️"
589,"الكتب أصدقاء لا يخذلونك أبداً.

<a href=""https://t.me/SakonHeart"">فيكتور هوغو</a> ✍️"
590,"أن تحب إنساناً هو أن ترى وجه الله فيه.

<a href=""https://t.me/SakonHeart"">فيكتور هوغو</a> ✍️"
591,"العقل الذي يرتوي بالمعرفة لا يستطيع العودة إلى الظلام.

<a href=""https://t.me/SakonHeart"">فيكتور هوغو</a> ✍️"
592,"الحرية تبتدئ من حيث ينتهي الجهل.

<a href=""https://t.me/SakonHeart"">فيكتور هوغو</a> ✍️"
593,"كن نفسك، فكل الشخصيات الأخرى قد أُخذت بالفعل.

<a href=""https://t.me/SakonHeart"">أوسكار وايلد</a> ✍️"
594,"استطعنا أن نغزو الهواء كالطيور والبحر كالأسماك، ولكننا لم نتعلم كيف نعيش على الأرض كإخوة.

<a href=""https://t.me/SakonHeart"">أوسكار وايلد</a> ✍️"
595,"الحقيقة نادراً ما تكون الخالصة، وليست بسيطة أبداً.

<a href=""https://t.me/SakonHeart"">أوسكار وايلد</a> ✍️"
596,"التجربة هي الاسم الذي يطلقه الجميع على أخطائهم.

<a href=""https://t.me/SakonHeart"">أوسكار وايلد</a> ✍️"
597,"كل قديس له ماضٍ، وكل خاطئ له مستقبل.

<a href=""https://t.me/SakonHeart"">أوسكار وايلد</a> ✍️"
598,"سر الحياة هو الاستمتاع بمرور الوقت.

<a href=""https://t.me/SakonHeart"">أوسكار وايلد</a> ✍️"
599,"يمكنني أن أقاوم أي شيء إلا الإغراء.

<a href=""https://t.me/SakonHeart"">أوسكار وايلد</a> ✍️"
600,"أفضل طريقة للتخلص من الهم هي الضحك عليه.

<a href=""https://t.me/SakonHeart"">أوسكار وايلد</a> ✍️"
601,"سحر الخيال يكمن في أنه يجعل الواقع ممكناً.

<a href=""https://t.me/SakonHeart"">أوسكار وايلد</a> ✍️"
602,"من يحب الجمال يجد الشغف في كل مكان.

<a href=""https://t.me/SakonHeart"">أوسكار وايلد</a> ✍️"
603,"من لديه سبب ليعيش من أجله، يستطيع أن يتحمل أي طريقة ليعيش بها.

<a href=""https://t.me/SakonHeart"">فريدريك نيتشه</a> ✍️"
604,"ما لا يقتلني يجعلني أقوى.

<a href=""https://t.me/SakonHeart"">فريدريك نيتشه</a> ✍️"
605,"يجب أن تحمل في داخلك الفوضى لتستطيع أن تلد نجماً راقصاً.

<a href=""https://t.me/SakonHeart"">فريدريك نيتشه</a> ✍️"
606,"بدون الموسيقى، كانت الحياة ستكون خطأً.

<a href=""https://t.me/SakonHeart"">فريدريك نيتشه</a> ✍️"
607,"الأفكار العظيمة تأتي وأنت تمشي.

<a href=""https://t.me/SakonHeart"">فريدريك نيتشه</a> ✍️"
608,"الذي يقاتل الوحوش يجب أن يحذر لئلا يتحول هو نفسه إلى وحش.

<a href=""https://t.me/SakonHeart"">فريدريك نيتشه</a> ✍️"
609,"ليس عدم وجود الحب بل عدم وجود الصداقة هو ما ينسج الزواج التعيس.

<a href=""https://t.me/SakonHeart"">فريدريك نيتشه</a> ✍️"
610,"النور يشرق من القمم العالية أولاً.

<a href=""https://t.me/SakonHeart"">فريدريك نيتشه</a> ✍️"
611,"إن القوة الحقيقية تكمن في التحكم بالذات.

<a href=""https://t.me/SakonHeart"">فريدريك نيتشه</a> ✍️"
612,"احذر من أولئك الذين يعطون النصائح دون أن يدفعوا ثمنها.

<a href=""https://t.me/SakonHeart"">فريدريك نيتشه</a> ✍️"
613,"لا تتوقف عن الابتسام، حتى عندما تكون حزيناً، فلربما يحب أحدهم ابتسامتك.

<a href=""https://t.me/SakonHeart"">غابرييل غارثيا ماركيز</a> ✍️"
614,"الحياة ليست ما يعيشه المرء، بل ما يتذكره وكيف يتذكره ليرويه.

<a href=""https://t.me/SakonHeart"">غابرييل غارثيا ماركيز</a> ✍️"
615,"لم أعد أخشى شيئاً، لأنني أدركت أن الشجاعة تتولد من القلب.

<a href=""https://t.me/SakonHeart"">غابرييل غارثيا ماركيز</a> ✍️"
616,"الرجال لا يموتون عندما يجب عليهم، بل عندما يستطيعون.

<a href=""https://t.me/SakonHeart"">غابرييل غارثيا ماركيز</a> ✍️"
617,"السر في الكبر في السن بكرامة هو أن تعقد اتفاقاً صريحاً مع العزلة.

<a href=""https://t.me/SakonHeart"">غابرييل غارثيا ماركيز</a> ✍️"
618,"الذاكرة تزيد من جمال الماضي وتطرد آلامه.

<a href=""https://t.me/SakonHeart"">غابرييل غارثيا ماركيز</a> ✍️"
619,"الانتظار هو أطول أشكال الزمن.

<a href=""https://t.me/SakonHeart"">غابرييل غارثيا ماركيز</a> ✍️"
620,"الحب في زمن الصعاب يستحق أن نقتات عليه لسنوات.

<a href=""https://t.me/SakonHeart"">غابرييل غارثيا ماركيز</a> ✍️"
621,"الإنسان لا يولد مرة واحدة، بل يعيد ولادة نفسه كل يوم.

<a href=""https://t.me/SakonHeart"">غابرييل غارثيا ماركيز</a> ✍️"
622,"البساطة هي أعلى مراتب الأناقة في الفكر.

<a href=""https://t.me/SakonHeart"">غابرييل غارثيا ماركيز</a> ✍️"
623,"الإنسان يمكن أن يُدمر، لكن لا يمكن هزيمته.

<a href=""https://t.me/SakonHeart"">إرنست همنغواي</a> ✍️"
624,"أفضل طريقة لمعرفة ما إذا كان يمكنك الثقة بشخص ما هي أن تتق فيه.

<a href=""https://t.me/SakonHeart"">إرنست همنغواي</a> ✍️"
625,"لا يوجد صديق وفيّ مثل الكتاب.

<a href=""https://t.me/SakonHeart"">إرنست همنغواي</a> ✍️"
626,"عش الحياة بملئها، ولا تخف من تجربة ما هو جديد.

<a href=""https://t.me/SakonHeart"">إرنست همنغواي</a> ✍️"
627,"يسعدني الشرفاء حتى لو اختلفوا معي.

<a href=""https://t.me/SakonHeart"">إرنست همنغواي</a> ✍️"
628,"لكي تكتب عن الحياة، يجب عليك أولاً أن تعيشها.

<a href=""https://t.me/SakonHeart"">إرنست همنغواي</a> ✍️"
629,"الشجاعة هي النبل تحت الضغط.

<a href=""https://t.me/SakonHeart"">إرنست همنغواي</a> ✍️"
630,"الصمت أحياناً يفرز بلاغة لا تستطيع الكلمات بلوغها.

<a href=""https://t.me/SakonHeart"">إرنست همنغواي</a> ✍️"
631,"كل الأفكار الكبيرة تبدأ ببساطة شديدة.

<a href=""https://t.me/SakonHeart"">إرنست همنغواي</a> ✍️"
632,"السعادة في العقلاء هي أندر شيء أعرفه.

<a href=""https://t.me/SakonHeart"">إرنست همنغواي</a> ✍️"
633,"إذا أردت أن تفهم الحياة، فكف عن تصديق ما يقال، وبدأ بإنصات ما يُعاش.

<a href=""https://t.me/SakonHeart"">أنطون تشيخوف</a> ✍️"
634,"الحكمة لا تأتي من كثرة الكلام، بل من كثرة التأمل.

<a href=""https://t.me/SakonHeart"">أنطون تشيخوف</a> ✍️"
635,"لا تقل لي إن القمر مضيء، بل أرني بريق الضوء على زجاج مكسور.

<a href=""https://t.me/SakonHeart"">أنطون تشيخوف</a> ✍️"
636,"الصحة والعقل هما أثمن ما يملكه الإنسان في هذا العالم.

<a href=""https://t.me/SakonHeart"">أنطون تشيخوف</a> ✍️"
637,"الكثير من الناس يضيعون سنواتهم في القلق حول المستقبل ونسيان الحاضر.

<a href=""https://t.me/SakonHeart"">أنطون تشيخوف</a> ✍️"
638,"الطيبة هي اللغة التي يستطيع الأصم أن يسمعها والأعمى أن يراها.

<a href=""https://t.me/SakonHeart"">أنطون تشيخوف</a> ✍️"
639,"العمل هو الترياق الوحيد للحزن والألم النفسي.

<a href=""https://t.me/SakonHeart"">أنطون تشيخوف</a> ✍️"
640,"أن تسعد إنساناً واحداً هو عمل خيّر يضاهي تغيير العالم.

<a href=""https://t.me/SakonHeart"">أنطون تشيخوف</a> ✍️"
641,"كل شيء جميل في الإنسان يجب أن يظهر في فكره وأدبه.

<a href=""https://t.me/SakonHeart"">أنطون تشيخوف</a> ✍️"
642,"الحرية الحقيقية تكمن في قدرتك على ضبط نفسك.

<a href=""https://t.me/SakonHeart"">أنطون تشيخوف</a> ✍️"
643,"نحن نعلم ما نحن عليه، ولكننا لا نعلم ما يمكن أن نكون عليه.

<a href=""https://t.me/SakonHeart"">ويليام شكسبير</a> ✍️"
644,"استمع إلى الجميع، ولكن تحدث مع القليلين.

<a href=""https://t.me/SakonHeart"">ويليام شكسبير</a> ✍️"
645,"الجبناء يموتون مرات عديدة قبل موتهم، أما الشجعان فلا يذوقون الموت إلا مرة واحدة.

<a href=""https://t.me/SakonHeart"">ويليام شكسبير</a> ✍️"
646,"الحب لا ينظر بالعينين، بل بالروح.

<a href=""https://t.me/SakonHeart"">ويليام شكسبير</a> ✍️"
647,"ليس هناك شيء جيد أو سيئ، ولكن التفكير هو ما يجعله كذلك.

<a href=""https://t.me/SakonHeart"">ويليام شكسبير</a> ✍️"
648,"الزمن بطيء جداً لمن ينتظر، سريع جداً لمن يخشى، طويل جداً لمن يتألم، وقصير جداً لمن يحتفل.

<a href=""https://t.me/SakonHeart"">ويليام شكسبير</a> ✍️"
649,"الكلام رخيص جداً حتى يمتزج بالأفعال.

<a href=""https://t.me/SakonHeart"">ويليام شكسبير</a> ✍️"
650,"الشك دائماً ما يلاحق العقل الآثم.

<a href=""https://t.me/SakonHeart"">ويليام شكسبير</a> ✍️"
651,"أفضل الطرق لتحقيق النجاح هي ألا نتوقف عن المحاولة.

<a href=""https://t.me/SakonHeart"">ويليام شكسبير</a> ✍️"
652,"العالم كله مسرح، وكل الرجال والنساء ما هم إلا مكررون لأدوارهم.

<a href=""https://t.me/SakonHeart"">ويليام شكسبير</a> ✍️"
653,"سر التقدم في العمل هو أن تبدأ.

<a href=""https://t.me/SakonHeart"">مارك توين</a> ✍️"
654,"أهم يومين في حياتك هما: اليوم الذي ولدت فيه، واليوم الذي تعرف فيه لماذا ولدت.

<a href=""https://t.me/SakonHeart"">مارك توين</a> ✍️"
655,"لا تسير خلف الأغلبية، حتى لو كانت على صواب.

<a href=""https://t.me/SakonHeart"">مارك توين</a> ✍️"
656,"من الأفضل أن تصمت ويظن الآخرون أنك غبي، من أن تتكلم وتزيل كل شكوكهم.

<a href=""https://t.me/SakonHeart"">مارك توين</a> ✍️"
657,"الإيمان هو أن تصدق ما لا تراه، وجزاء هذا الإيمان هو أن ترى ما تصدقه.

<a href=""https://t.me/SakonHeart"">مارك توين</a> ✍️"
658,"اللطف هو اللغة التي يستطيع الصم سماعها والعماة رؤيتها.

<a href=""https://t.me/SakonHeart"">مارك توين</a> ✍️"
659,"احذر من قراءة كتب الصحة، فقد تموت بسبب خطأ مطبعي.

<a href=""https://t.me/SakonHeart"">مارك توين</a> ✍️"
660,"الشجاعة هي مقاومة الخوف والخوف المباشر، وليست غياب الخوف.

<a href=""https://t.me/SakonHeart"">مارك توين</a> ✍️"
661,"اعطِ كل يوم الفرصة ليكون أجمل يوم في حياتك.

<a href=""https://t.me/SakonHeart"">مارك توين</a> ✍️"
662,"الصدق أسهل من الكذب لأنك لا تحتاج إلى تذكر ما قلته.

<a href=""https://t.me/SakonHeart"">مارك توين</a> ✍️"
663,"في زمن الخداع العام، يصبح قول الحقيقة عملاً ثورياً.

<a href=""https://t.me/SakonHeart"">جورج أورويل</a> ✍️"
664,"من يسيطر على الماضي يسيطر على المستقبل، ومن يسيطر على الحاضر يسيطر على الماضي.

<a href=""https://t.me/SakonHeart"">جورج أورويل</a> ✍️"
665,"الحرية هي الحق في أن تقول للناس ما لا يريدون سماعه.

<a href=""https://t.me/SakonHeart"">جورج أورويل</a> ✍️"
666,"الجهل هو القوة الأكثر تدميراً في مجتمعاتنا.

<a href=""https://t.me/SakonHeart"">جورج أورويل</a> ✍️"
667,"كل الحيوانات متساوية، لكن بعضها أكثر مساواة من غيرها.

<a href=""https://t.me/SakonHeart"">جورج أورويل</a> ✍️"
668,"أفضل الكتب هي التي تقول لك ما تعرفه بالفعل.

<a href=""https://t.me/SakonHeart"">جورج أورويل</a> ✍️"
669,"جوهر الإنسانية هو ألا يطمح المرء إلى الكمال بل إلى الحق.

<a href=""https://t.me/SakonHeart"">جورج أورويل</a> ✍️"
670,"اللغة الفاسدة تؤدي بالتأكيد إلى تفكير فاسد.

<a href=""https://t.me/SakonHeart"">جورج أورويل</a> ✍️"
671,"لا توجد بوابات، ولا أقفال، ولا مزالج يمكنك إغلاقها على حرية عقلي.

<a href=""https://t.me/SakonHeart"">فيرجينيا وولف</a> ✍️"
672,"لكي تستطيع أن تكتب، يجب أن تملك غرفة خاصة بك وبعض المال.

<a href=""https://t.me/SakonHeart"">فيرجينيا وولف</a> ✍️"
673,"الحياة ليست سلسلة من مصابيح العربات المنظمة بشكل مرتب، بل هي هالة مضيئة شفافة.

<a href=""https://t.me/SakonHeart"">فيرجينيا وولف</a> ✍️"
674,"العين تحب الجمال، ولكن الروح تبحث عن السلام.

<a href=""https://t.me/SakonHeart"">فيرجينيا وولف</a> ✍️"
675,"الكتابة هي الوسيلة الوحيدة للتحدث مع الذات بعمق.

<a href=""https://t.me/SakonHeart"">فيرجينيا وولف</a> ✍️"
676,"عندما يكرهك الناس دون سبب، اعلم أن لديهم أسبابهم الخاصة التي تخيفهم في ذواتهم.

<a href=""https://t.me/SakonHeart"">هيرمان هيسه</a> ✍️"
677,"الحكمة لا يمكن نقلها، الحكمة التي يحاول العاقل نقلها تبدو دائماً كالأحمق.

<a href=""https://t.me/SakonHeart"">هيرمان هيسه</a> ✍️"
678,"يجب أن تجرب كل شيء بنفسك، لتصبح شخصاً حقيقياً.

<a href=""https://t.me/SakonHeart"">هيرمان هيسه</a> ✍️"
679,"الطريق إلى الذات هو الطريق الوحيد الذي يستحق السير فيه.

<a href=""https://t.me/SakonHeart"">هيرمان هيسه</a> ✍️"
680,"الحب ليس شيئاً نقتنيه، بل هو شيء نمنحه.

<a href=""https://t.me/SakonHeart"">هيرمان هيسه</a> ✍️"
681,"العزلة هي مصير كل العقول العظيمة.

<a href=""https://t.me/SakonHeart"">آرثر شوبنهاور</a> ✍️"
682,"الصحة تمنحك القدرة على الاستمتاع بالحياة، العقل يمنحك القدرة على فهمها.

<a href=""https://t.me/SakonHeart"">آرثر شوبنهاور</a> ✍️"
683,"كل أمة تسخر من الأمم الأخرى، وكلهم على حق.

<a href=""https://t.me/SakonHeart"">آرثر شوبنهاور</a> ✍️"
684,"التضحية بالصحة من أجل أي نوع آخر من السعادة هي أكبر حماقة.

<a href=""https://t.me/SakonHeart"">آرثر شوبنهاور</a> ✍️"
685,"الحياة بندول يتأرجح بين الألم والملل.

<a href=""https://t.me/SakonHeart"">آرثر شوبنهاور</a> ✍️"
686,"كانت أفضل الأوقات، وكانت أسوأ الأوقات.

<a href=""https://t.me/SakonHeart"">تشارلز ديكنز</a> ✍️"
687,"قلب يحب هو أصدق حكمة في هذا العالم.

<a href=""https://t.me/SakonHeart"">تشارلز ديكنز</a> ✍️"
688,"لا تضيع اليوم في الحسرة على الأمس.

<a href=""https://t.me/SakonHeart"">تشارلز ديكنز</a> ✍️"
689,"الأمل شمعة لا تنطفئ في قلب من يعتقد بالخير.

<a href=""https://t.me/SakonHeart"">تشارلز ديكنز</a> ✍️"
690,"لا توجد حسنة ضائعة، كل فعل خير يترك أثراً.

<a href=""https://t.me/SakonHeart"">تشارلز ديكنز</a> ✍️"
691,"مهما كان ما يمكنك فعله أو تحلم بفعله، أقدم عليه. الجرأة تملك العبقرية والسحر والقوة.

<a href=""https://t.me/SakonHeart"">غوته</a> ✍️"
692,"تحدث مع نفسك كما تتحدث مع شخص تحبه وتعزّ أمره.

<a href=""https://t.me/SakonHeart"">غوته</a> ✍️"
693,"ليس كافياً أن تعرف، بل يجب أن تطبق. ليس كافياً أن ترغب، بل يجب أن تفعل.

<a href=""https://t.me/SakonHeart"">غوته</a> ✍️"
694,"الرجل السعيد هو من يستطيع التوفيق بين بداية حياته ونهايتها.

<a href=""https://t.me/SakonHeart"">غوته</a> ✍️"
695,"السلوك هو المرآة التي يظهر فيها كل شخص صورته الحقيقية.

<a href=""https://t.me/SakonHeart"">غوته</a> ✍️"
696,"رحلة الاستكشاف الحقيقية لا تتطلب البحث عن مناظر جديدة، بل النظر بأعين جديدة.

<a href=""https://t.me/SakonHeart"">مارسيل بروست</a> ✍️"
697,"الزمان ينقضي، والذكريات تظل حية في القلوب.

<a href=""https://t.me/SakonHeart"">مارسيل بروست</a> ✍️"
698,"الجمال الحقيقي هو الذي يتفتح في العزلة والهدوء.

<a href=""https://t.me/SakonHeart"">مارسيل بروست</a> ✍️"
699,"الوجود يسبق الماهية.

<a href=""https://t.me/SakonHeart"">جان بول سارتر</a> ✍️"
700,"نحن محكوم علينا بالحرية.

<a href=""https://t.me/SakonHeart"">جان بول سارتر</a> ✍️"
701,"الجحيم هو الآخرون حين يلغون ذاتك.

<a href=""https://t.me/SakonHeart"">جان بول سارتر</a> ✍️"
702,"الإنسان هو ما يصنعه بنفسه.

<a href=""https://t.me/SakonHeart"">جان بول سارتر</a> ✍️"
703,"لا يولد المرء إنساناً كاملاً، بل يصبح كذلك.

<a href=""https://t.me/SakonHeart"">سيمون دي بوفوار</a> ✍️"
704,"تأتي الحرية عندما تتوقف عن الخوف من الفشل.

<a href=""https://t.me/SakonHeart"">سيمون دي بوفوار</a> ✍️"
705,"كل الحكمة البشرية تتلخص في كلمتين: الانتظار والأمل.

<a href=""https://t.me/SakonHeart"">ألكسندر دوما</a> ✍️"
706,"الشرور في هذا العالم تتسلل عندما يصمت الأخيار.

<a href=""https://t.me/SakonHeart"">ألكسندر دوما</a> ✍️"
707,"اقرأ لكي تعيش بوعي أكبر.

<a href=""https://t.me/SakonHeart"">غوستاف فلوبير</a> ✍️"
708,"الألفاظ هي الجسور التي نعبر بها فوق الفراغ.

<a href=""https://t.me/SakonHeart"">غوستاف فلوبير</a> ✍️"
709,"إذا سألتني عما أتيت لأفعله في هذا العالم، سأقول لك: أنا هنا لأعيش بصوت عالٍ.

<a href=""https://t.me/SakonHeart"">إميل زولا</a> ✍️"
710,"الحقيقة في طريقها إلينا ولا شيء يستطيع إيقافها.

<a href=""https://t.me/SakonHeart"">إميل زولا</a> ✍️"
711,"كل ما نراه أو نبدو عليه ليس سوى حلم داخل حلم.

<a href=""https://t.me/SakonHeart"">إدغار ألان بو</a> ✍️"
712,"الجمال هو العاطفة الوحيدة الشريفة في الشعر.

<a href=""https://t.me/SakonHeart"">إدغار ألان بو</a> ✍️"
713,"حافظ على وجهك متجهاً نحو الشمس ولن ترى الظلال أبداً.

<a href=""https://t.me/SakonHeart"">والت ويتمان</a> ✍️"
714,"أنا شاسع، وأحتوي على عوالم متناقضة.

<a href=""https://t.me/SakonHeart"">والت ويتمان</a> ✍️"
715,"الأمل هو الشيء ذو الريش الذي يستقر في الروح.

<a href=""https://t.me/SakonHeart"">إميلي ديكنسون</a> ✍️"
716,"قول الحقيقة كاملة ولكن بأسلوب مائل ورقيق.

<a href=""https://t.me/SakonHeart"">إميلي ديكنسون</a> ✍️"
717,"إن الجمال هو الذي سينقذ العالم.

<a href=""https://t.me/SakonHeart"">فيودور دوستويفسكي</a> ✍️"
718,"كل شيء في الإنسان يعتمد على البيئة التي يعيش فيها.

<a href=""https://t.me/SakonHeart"">فيودور دوستويفسكي</a> ✍️"
719,"ليس هناك ما هو أكثر صعوبة من التعبير عن الفكر الصريح.

<a href=""https://t.me/SakonHeart"">فيودور دوستويفسكي</a> ✍️"
720,"أنا أحب البشرية، لكنني أعجب من نفسي: كلما زاد حبي للبشرية بشكل عام، قل حبي للإنسان بفرده.

<a href=""https://t.me/SakonHeart"">فيودور دوستويفسكي</a> ✍️"
721,"الذكاء وحده لا يكفي، يجب أن يكون لديك ما يكفي من الذكاء لتتجنب كثرة الذكاء.

<a href=""https://t.me/SakonHeart"">فيودور دوستويفسكي</a> ✍️"
722,"إن الألم والعذاب هما دوماً أمران حتميان للعقل الكبير والقلب العميق.

<a href=""https://t.me/SakonHeart"">فيودور دوستويفسكي</a> ✍️"
723,"الأخطاء التي نرتكبها بنية حسنة هي أشد الأخطاء خطورة.

<a href=""https://t.me/SakonHeart"">فيودور دوستويفسكي</a> ✍️"
724,"إذا أردت أن تتغلب على العالم، اتغلب على نفسك.

<a href=""https://t.me/SakonHeart"">فيودور دوستويفسكي</a> ✍️"
725,"الحرية ليست في كثرة ما تملك، بل في قلة ما تحتاج إليه.

<a href=""https://t.me/SakonHeart"">فيودور دوستويفسكي</a> ✍️"
726,"سر الوجود البشري لا يكمن في مجرد البقاء، بل في العثور على شيء نعيش من أجله.

<a href=""https://t.me/SakonHeart"">فيودور دوستويفسكي</a> ✍️"
727,"لا يوجد شيء في هذا العالم أصعب من قول الحقيقة، ولا أسهل من الإطراء.

<a href=""https://t.me/SakonHeart"">فيودور دوستويفسكي</a> ✍️"
728,"أن تخطئ بطريقتك الخاصة خير من أن تسير في الطريق الصحيح بتقليد غيرك.

<a href=""https://t.me/SakonHeart"">فيودور دوستويفسكي</a> ✍️"
729,"الروح تُشفى حين نكون برفقة الأطفال.

<a href=""https://t.me/SakonHeart"">فيودور دوستويفسكي</a> ✍️"
730,"كل شيء سينتهي، والزمن يمحو أثر الكلمات والأحزان.

<a href=""https://t.me/SakonHeart"">فيودور دوستويفسكي</a> ✍️"
731,"الصمت أحياناً يكون الصرخة الأشد صخباً.

<a href=""https://t.me/SakonHeart"">فيودور دوستويفسكي</a> ✍️"
732,"الجميع يفكر في تغيير العالم، لكن لا أحد يفكر في تغيير نفسه.

<a href=""https://t.me/SakonHeart"">ليو تولستوي</a> ✍️"
733,"العائلات السعيدة كلها متشابهة، لكن كل عائلة تعيسة شقية بطريقتها الخاصة.

<a href=""https://t.me/SakonHeart"">ليو تولستوي</a> ✍️"
734,"إذا أردت أن تكون سعيداً، فكن كذلك.

<a href=""https://t.me/SakonHeart"">ليو تولستوي</a> ✍️"
735,"أقوى المحاربين هما الوقت والصبر.

<a href=""https://t.me/SakonHeart"">ليو تولستوي</a> ✍️"
736,"الحقيقة مثل الذهب، لا توجد في الحجم بل في النقاء.

<a href=""https://t.me/SakonHeart"">ليو تولستوي</a> ✍️"
737,"أن نكون سعداء مع من نحب، هذا هو أقصى ما نتصوره من النعيم.

<a href=""https://t.me/SakonHeart"">ليو تولستوي</a> ✍️"
738,"الحب هو المظهر الوحيد للعقلانية في الحياة البشرية.

<a href=""https://t.me/SakonHeart"">ليو تولستوي</a> ✍️"
739,"الإنسان كسرٌ بَسطُه ما هو عليه، ومقامه ما يظن نفسه عليه.

<a href=""https://t.me/SakonHeart"">ليو تولستوي</a> ✍️"
740,"العلم دون أخلاق كالسلاح في يد مجنون.

<a href=""https://t.me/SakonHeart"">ليو تولستوي</a> ✍️"
741,"لا خير في حياة لا يضيئها نبل الفكرة وسماء الروح.

<a href=""https://t.me/SakonHeart"">ليو تولستوي</a> ✍️"
742,"الكتاب يجب أن يكون الفأس التي تكسر البحر المتجمد في داخلنا.

<a href=""https://t.me/SakonHeart"">فرانتس كافكا</a> ✍️"
743,"تبدأ الحياة بالحيرة وتنتهي بالهدوء.

<a href=""https://t.me/SakonHeart"">فرانتس كافكا</a> ✍️"
744,"أنا في حاجة إلى العزلة الشديدة لكي أستطيع أن أكتب.

<a href=""https://t.me/SakonHeart"">فرانتس كافكا</a> ✍️"
745,"كل ما تحبه من المحتمل أن تفقده، ولكن في النهاية سيعود الحب بشكل آخر.

<a href=""https://t.me/SakonHeart"">فرانتس كافكا</a> ✍️"
746,"يمكن للمرء أن يبتعد عن كل شيء، إلا عن نفسه.

<a href=""https://t.me/SakonHeart"">فرانتس كافكا</a> ✍️"
747,"هناك كمية لا تحصى من الأمل في هذا الكون، ولكن ليس لنا.

<a href=""https://t.me/SakonHeart"">فرانتس كافكا</a> ✍️"
748,"الكتابة هي شكل من أشكال الصلاة.

<a href=""https://t.me/SakonHeart"">فرانتس كافكا</a> ✍️"
749,"من يحتفظ بالقدرة على رؤية الجمال لا يشيخ أبداً.

<a href=""https://t.me/SakonHeart"">فرانتس كافكا</a> ✍️"
750,"المسارات تتشكل عندما نمشي عليها.

<a href=""https://t.me/SakonHeart"">فرانتس كافكا</a> ✍️"
751,"كثيراً ما تكون العزلة هي الملاذ الوحيد للنفس الصادقة.

<a href=""https://t.me/SakonHeart"">فرانتس كافكا</a> ✍️"
752,"في منتصف الشتاء، وجدت في داخلي صيفاً لا يقهر.

<a href=""https://t.me/SakonHeart"">ألبير كامو</a> ✍️"
753,"التمرد هو الشيء الوحيد الذي يمنح الحياة معناها.

<a href=""https://t.me/SakonHeart"">ألبير كامو</a> ✍️"
754,"عش حتى تكتمل وتصل إلى أقصى حدود إمكاناتك.

<a href=""https://t.me/SakonHeart"">ألبير كامو</a> ✍️"
755,"لا تمش أمامي فربما لا أستطيع الإمساك بك، ولا تمش خلفي فربما لا أستطيع القيادة، بل امش بجانبي وكن صديقي.

<a href=""https://t.me/SakonHeart"">ألبير كامو</a> ✍️"
756,"الحرية ليست سوى فرصة لكي نكون أفضل.

<a href=""https://t.me/SakonHeart"">ألبير كامو</a> ✍️"
757,"سعادة الإنسان تكمن في شجاعته أمام قدره.

<a href=""https://t.me/SakonHeart"">ألبير كامو</a> ✍️"
758,"الشك في كل شيء هو أول خطوة نحو المعرفة الحقيقية.

<a href=""https://t.me/SakonHeart"">ألبير كامو</a> ✍️"
759,"المأساة ليست في الموت، بل فيما يموت داخل الإنسان وهو حي.

<a href=""https://t.me/SakonHeart"">ألبير كامو</a> ✍️"
760,"ليس هناك من هو أكثر حزناً ممن يحاول إرضاء الجميع.

<a href=""https://t.me/SakonHeart"">ألبير كامو</a> ✍️"
761,"كل إنسان يحمل في داخله صحراء هادئة يجب أن يعبرها بنفسه.

<a href=""https://t.me/SakonHeart"">ألبير كامو</a> ✍️"
762,"ليس هناك شيء أكثر قوة من فكرة حان وقتها.

<a href=""https://t.me/SakonHeart"">فيكتور هوغو</a> ✍️"
763,"الموسيقى تعبر عما لا يمكن قوله وما لا يمكن السكوت عنه.

<a href=""https://t.me/SakonHeart"">فيكتور هوغو</a> ✍️"
764,"لتغير الشعب، يجب أولاً أن تعلمه وترفعه.

<a href=""https://t.me/SakonHeart"">فيكتور هوغو</a> ✍️"
765,"حتى أطول الليالي ستنتهي وستشرق الشمس.

<a href=""https://t.me/SakonHeart"">فيكتور هوغو</a> ✍️"
766,"التسامح هو الأثواب الأكثر أناقة التي يمكن للروح أن ترتديها.

<a href=""https://t.me/SakonHeart"">فيكتور هوغو</a> ✍️"
767,"الابتسامة هي الشمس التي تطرد الشتاء عن وجه الإنسان.

<a href=""https://t.me/SakonHeart"">فيكتور هوغو</a> ✍️"
768,"الكتب أصدقاء لا يخذلونك أبداً.

<a href=""https://t.me/SakonHeart"">فيكتور هوغو</a> ✍️"
769,"أن تحب إنساناً هو أن ترى وجه الله فيه.

<a href=""https://t.me/SakonHeart"">فيكتور هوغو</a> ✍️"
770,"العقل الذي يرتوي بالمعرفة لا يستطيع العودة إلى الظلام.

<a href=""https://t.me/SakonHeart"">فيكتور هوغو</a> ✍️"
771,"الحرية تبتدئ من حيث ينتهي الجهل.

<a href=""https://t.me/SakonHeart"">فيكتور هوغو</a> ✍️"
772,"كن نفسك، فكل الشخصيات الأخرى قد أُخذت بالفعل.

<a href=""https://t.me/SakonHeart"">أوسكار وايلد</a> ✍️"
773,"استطعنا أن نغزو الهواء كالطيور والبحر كالأسماك، ولكننا لم نتعلم كيف نعيش على الأرض كإخوة.

<a href=""https://t.me/SakonHeart"">أوسكار وايلد</a> ✍️"
774,"الحقيقة نادراً ما تكون الخالصة، وليست بسيطة أبداً.

<a href=""https://t.me/SakonHeart"">أوسكار وايلد</a> ✍️"
775,"التجربة هي الاسم الذي يطلقه الجميع على أخطائهم.

<a href=""https://t.me/SakonHeart"">أوسكار وايلد</a> ✍️"
776,"كل قديس له ماضٍ، وكل خاطئ له مستقبل.

<a href=""https://t.me/SakonHeart"">أوسكار وايلد</a> ✍️"
777,"سر الحياة هو الاستمتاع بمرور الوقت.

<a href=""https://t.me/SakonHeart"">أوسكار وايلد</a> ✍️"
778,"يمكنني أن أقاوم أي شيء إلا الإغراء.

<a href=""https://t.me/SakonHeart"">أوسكار وايلد</a> ✍️"
779,"أفضل طريقة للتخلص من الهم هي الضحك عليه.

<a href=""https://t.me/SakonHeart"">أوسكار وايلد</a> ✍️"
780,"سحر الخيال يكمن في أنه يجعل الواقع ممكناً.

<a href=""https://t.me/SakonHeart"">أوسكار وايلد</a> ✍️"
781,"من يحب الجمال يجد الشغف في كل مكان.

<a href=""https://t.me/SakonHeart"">أوسكار وايلد</a> ✍️"
782,"من لديه سبب ليعيش من أجله، يستطيع أن يتحمل أي طريقة ليعيش بها.

<a href=""https://t.me/SakonHeart"">فريدريك نيتشه</a> ✍️"
783,"ما لا يقتلني يجعلني أقوى.

<a href=""https://t.me/SakonHeart"">فريدريك نيتشه</a> ✍️"
784,"يجب أن تحمل في داخلك الفوضى لتستطيع أن تلد نجماً راقصاً.

<a href=""https://t.me/SakonHeart"">فريدريك نيتشه</a> ✍️"
785,"بدون الموسيقى، كانت الحياة ستكون خطأً.

<a href=""https://t.me/SakonHeart"">فريدريك نيتشه</a> ✍️"
786,"الأفكار العظيمة تأتي وأنت تمشي.

<a href=""https://t.me/SakonHeart"">فريدريك نيتشه</a> ✍️"
787,"الذي يقاتل الوحوش يجب أن يحذر لئلا يتحول هو نفسه إلى وحش.

<a href=""https://t.me/SakonHeart"">فريدريك نيتشه</a> ✍️"
788,"ليس عدم وجود الحب بل عدم وجود الصداقة هو ما ينسج الزواج التعيس.

<a href=""https://t.me/SakonHeart"">فريدريك نيتشه</a> ✍️"
789,"النور يشرق من القمم العالية أولاً.

<a href=""https://t.me/SakonHeart"">فريدريك نيتشه</a> ✍️"
790,"إن القوة الحقيقية تكمن في التحكم بالذات.

<a href=""https://t.me/SakonHeart"">فريدريك نيتشه</a> ✍️"
791,"احذر من أولئك الذين يعطون النصائح دون أن يدفعوا ثمنها.

<a href=""https://t.me/SakonHeart"">فريدريك نيتشه</a> ✍️"
792,"لا تتوقف عن الابتسام، حتى عندما تكون حزيناً، فلربما يحب أحدهم ابتسامتك.

<a href=""https://t.me/SakonHeart"">غابرييل غارثيا ماركيز</a> ✍️"
793,"الحياة ليست ما يعيشه المرء، بل ما يتذكره وكيف يتذكره ليرويه.

<a href=""https://t.me/SakonHeart"">غابرييل غارثيا ماركيز</a> ✍️"
794,"لم أعد أخشى شيئاً، لأنني أدركت أن الشجاعة تتولد من القلب.

<a href=""https://t.me/SakonHeart"">غابرييل غارثيا ماركيز</a> ✍️"
795,"الرجال لا يموتون عندما يجب عليهم، بل عندما يستطيعون.

<a href=""https://t.me/SakonHeart"">غابرييل غارثيا ماركيز</a> ✍️"
796,"السر في الكبر في السن بكرامة هو أن تعقد اتفاقاً صريحاً مع العزلة.

<a href=""https://t.me/SakonHeart"">غابرييل غارثيا ماركيز</a> ✍️"
797,"الذاكرة تزيد من جمال الماضي وتطرد آلامه.

<a href=""https://t.me/SakonHeart"">غابرييل غارثيا ماركيز</a> ✍️"
798,"الانتظار هو أطول أشكال الزمن.

<a href=""https://t.me/SakonHeart"">غابرييل غارثيا ماركيز</a> ✍️"
799,"الحب في زمن الصعاب يستحق أن نقتات عليه لسنوات.

<a href=""https://t.me/SakonHeart"">غابرييل غارثيا ماركيز</a> ✍️"
800,"الإنسان لا يولد مرة واحدة، بل يعيد ولادة نفسه كل يوم.

<a href=""https://t.me/SakonHeart"">غابرييل غارثيا ماركيز</a> ✍️"
801,"البساطة هي أعلى مراتب الأناقة في الفكر.

<a href=""https://t.me/SakonHeart"">غابرييل غارثيا ماركيز</a> ✍️"
802,"الإنسان يمكن أن يُدمر، لكن لا يمكن هزيمته.

<a href=""https://t.me/SakonHeart"">إرنست همنغواي</a> ✍️"
803,"أفضل طريقة لمعرفة ما إذا كان يمكنك الثقة بشخص ما هي أن تتق فيه.

<a href=""https://t.me/SakonHeart"">إرنست همنغواي</a> ✍️"
804,"لا يوجد صديق وفيّ مثل الكتاب.

<a href=""https://t.me/SakonHeart"">إرنست همنغواي</a> ✍️"
805,"عش الحياة بملئها، ولا تخف من تجربة ما هو جديد.

<a href=""https://t.me/SakonHeart"">إرنست همنغواي</a> ✍️"
806,"يسعدني الشرفاء حتى لو اختلفوا معي.

<a href=""https://t.me/SakonHeart"">إرنست همنغواي</a> ✍️"
807,"لكي تكتب عن الحياة، يجب عليك أولاً أن تعيشها.

<a href=""https://t.me/SakonHeart"">إرنست همنغواي</a> ✍️"
808,"الشجاعة هي النبل تحت الضغط.

<a href=""https://t.me/SakonHeart"">إرنست همنغواي</a> ✍️"
809,"الصمت أحياناً يفرز بلاغة لا تستطيع الكلمات بلوغها.

<a href=""https://t.me/SakonHeart"">إرنست همنغواي</a> ✍️"
810,"كل الأفكار الكبيرة تبدأ ببساطة شديدة.

<a href=""https://t.me/SakonHeart"">إرنست همنغواي</a> ✍️"
811,"السعادة في العقلاء هي أندر شيء أعرفه.

<a href=""https://t.me/SakonHeart"">إرنست همنغواي</a> ✍️"
812,"إذا أردت أن تفهم الحياة، فكف عن تصديق ما يقال، وبدأ بإنصات ما يُعاش.

<a href=""https://t.me/SakonHeart"">أنطون تشيخوف</a> ✍️"
813,"الحكمة لا تأتي من كثرة الكلام، بل من كثرة التأمل.

<a href=""https://t.me/SakonHeart"">أنطون تشيخوف</a> ✍️"
814,"لا تقل لي إن القمر مضيء، بل أرني بريق الضوء على زجاج مكسور.

<a href=""https://t.me/SakonHeart"">أنطون تشيخوف</a> ✍️"
815,"الصحة والعقل هما أثمن ما يملكه الإنسان في هذا العالم.

<a href=""https://t.me/SakonHeart"">أنطون تشيخوف</a> ✍️"
816,"الكثير من الناس يضيعون سنواتهم في القلق حول المستقبل ونسيان الحاضر.

<a href=""https://t.me/SakonHeart"">أنطون تشيخوف</a> ✍️"
817,"الطيبة هي اللغة التي يستطيع الأصم أن يسمعها والأعمى أن يراها.

<a href=""https://t.me/SakonHeart"">أنطون تشيخوف</a> ✍️"
818,"العمل هو الترياق الوحيد للحزن والألم النفسي.

<a href=""https://t.me/SakonHeart"">أنطون تشيخوف</a> ✍️"
819,"أن تسعد إنساناً واحداً هو عمل خيّر يضاهي تغيير العالم.

<a href=""https://t.me/SakonHeart"">أنطون تشيخوف</a> ✍️"
820,"كل شيء جميل في الإنسان يجب أن يظهر في فكره وأدبه.

<a href=""https://t.me/SakonHeart"">أنطون تشيخوف</a> ✍️"
821,"الحرية الحقيقية تكمن في قدرتك على ضبط نفسك.

<a href=""https://t.me/SakonHeart"">أنطون تشيخوف</a> ✍️"
822,"نحن نعلم ما نحن عليه، ولكننا لا نعلم ما يمكن أن نكون عليه.

<a href=""https://t.me/SakonHeart"">ويليام شكسبير</a> ✍️"
823,"استمع إلى الجميع، ولكن تحدث مع القليلين.

<a href=""https://t.me/SakonHeart"">ويليام شكسبير</a> ✍️"
824,"الجبناء يموتون مرات عديدة قبل موتهم، أما الشجعان فلا يذوقون الموت إلا مرة واحدة.

<a href=""https://t.me/SakonHeart"">ويليام شكسبير</a> ✍️"
825,"الحب لا ينظر بالعينين، بل بالروح.

<a href=""https://t.me/SakonHeart"">ويليام شكسبير</a> ✍️"
826,"ليس هناك شيء جيد أو سيئ، ولكن التفكير هو ما يجعله كذلك.

<a href=""https://t.me/SakonHeart"">ويليام شكسبير</a> ✍️"
827,"الزمن بطيء جداً لمن ينتظر، سريع جداً لمن يخشى، طويل جداً لمن يتألم، وقصير جداً لمن يحتفل.

<a href=""https://t.me/SakonHeart"">ويليام شكسبير</a> ✍️"
828,"الكلام رخيص جداً حتى يمتزج بالأفعال.

<a href=""https://t.me/SakonHeart"">ويليام شكسبير</a> ✍️"
829,"الشك دائماً ما يلاحق العقل الآثم.

<a href=""https://t.me/SakonHeart"">ويليام شكسبير</a> ✍️"
830,"أفضل الطرق لتحقيق النجاح هي ألا نتوقف عن المحاولة.

<a href=""https://t.me/SakonHeart"">ويليام شكسبير</a> ✍️"
831,"العالم كله مسرح، وكل الرجال والنساء ما هم إلا مكررون لأدوارهم.

<a href=""https://t.me/SakonHeart"">ويليام شكسبير</a> ✍️"
832,"سر التقدم في العمل هو أن تبدأ.

<a href=""https://t.me/SakonHeart"">مارك توين</a> ✍️"
833,"أهم يومين في حياتك هما: اليوم الذي ولدت فيه، واليوم الذي تعرف فيه لماذا ولدت.

<a href=""https://t.me/SakonHeart"">مارك توين</a> ✍️"
834,"لا تسير خلف الأغلبية، حتى لو كانت على صواب.

<a href=""https://t.me/SakonHeart"">مارك توين</a> ✍️"
835,"من الأفضل أن تصمت ويظن الآخرون أنك غبي، من أن تتكلم وتزيل كل شكوكهم.

<a href=""https://t.me/SakonHeart"">مارك توين</a> ✍️"
836,"الإيمان هو أن تصدق ما لا تراه، وجزاء هذا الإيمان هو أن ترى ما تصدقه.

<a href=""https://t.me/SakonHeart"">مارك توين</a> ✍️"
837,"اللطف هو اللغة التي يستطيع الصم سماعها والعماة رؤيتها.

<a href=""https://t.me/SakonHeart"">مارك توين</a> ✍️"
838,"احذر من قراءة كتب الصحة، فقد تموت بسبب خطأ مطبعي.

<a href=""https://t.me/SakonHeart"">مارك توين</a> ✍️"
839,"الشجاعة هي مقاومة الخوف والخوف المباشر، وليست غياب الخوف.

<a href=""https://t.me/SakonHeart"">مارك توين</a> ✍️"
840,"اعطِ كل يوم الفرصة ليكون أجمل يوم في حياتك.

<a href=""https://t.me/SakonHeart"">مارك توين</a> ✍️"
841,"الصدق أسهل من الكذب لأنك لا تحتاج إلى تذكر ما قلته.

<a href=""https://t.me/SakonHeart"">مارك توين</a> ✍️"
842,"في زمن الخداع العام، يصبح قول الحقيقة عملاً ثورياً.

<a href=""https://t.me/SakonHeart"">جورج أورويل</a> ✍️"
843,"من يسيطر على الماضي يسيطر على المستقبل، ومن يسيطر على الحاضر يسيطر على الماضي.

<a href=""https://t.me/SakonHeart"">جورج أورويل</a> ✍️"
844,"الحرية هي الحق في أن تقول للناس ما لا يريدون سماعه.

<a href=""https://t.me/SakonHeart"">جورج أورويل</a> ✍️"
845,"الجهل هو القوة الأكثر تدميراً في مجتمعاتنا.

<a href=""https://t.me/SakonHeart"">جورج أورويل</a> ✍️"
846,"كل الحيوانات متساوية، لكن بعضها أكثر مساواة من غيرها.

<a href=""https://t.me/SakonHeart"">جورج أورويل</a> ✍️"
847,"أفضل الكتب هي التي تقول لك ما تعرفه بالفعل.

<a href=""https://t.me/SakonHeart"">جورج أورويل</a> ✍️"
848,"جوهر الإنسانية هو ألا يطمح المرء إلى الكمال بل إلى الحق.

<a href=""https://t.me/SakonHeart"">جورج أورويل</a> ✍️"
849,"اللغة الفاسدة تؤدي بالتأكيد إلى تفكير فاسد.

<a href=""https://t.me/SakonHeart"">جورج أورويل</a> ✍️"
850,"لا توجد بوابات، ولا أقفال، ولا مزالج يمكنك إغلاقها على حرية عقلي.

<a href=""https://t.me/SakonHeart"">فيرجينيا وولف</a> ✍️"
851,"لكي تستطيع أن تكتب، يجب أن تملك غرفة خاصة بك وبعض المال.

<a href=""https://t.me/SakonHeart"">فيرجينيا وولف</a> ✍️"
852,"الحياة ليست سلسلة من مصابيح العربات المنظمة بشكل مرتب، بل هي هالة مضيئة شفافة.

<a href=""https://t.me/SakonHeart"">فيرجينيا وولف</a> ✍️"
853,"العين تحب الجمال، ولكن الروح تبحث عن السلام.

<a href=""https://t.me/SakonHeart"">فيرجينيا وولف</a> ✍️"
854,"الكتابة هي الوسيلة الوحيدة للتحدث مع الذات بعمق.

<a href=""https://t.me/SakonHeart"">فيرجينيا وولف</a> ✍️"
855,"عندما يكرهك الناس دون سبب، اعلم أن لديهم أسبابهم الخاصة التي تخيفهم في ذواتهم.

<a href=""https://t.me/SakonHeart"">هيرمان هيسه</a> ✍️"
856,"الحكمة لا يمكن نقلها، الحكمة التي يحاول العاقل نقلها تبدو دائماً كالأحمق.

<a href=""https://t.me/SakonHeart"">هيرمان هيسه</a> ✍️"
857,"يجب أن تجرب كل شيء بنفسك، لتصبح شخصاً حقيقياً.

<a href=""https://t.me/SakonHeart"">هيرمان هيسه</a> ✍️"
858,"الطريق إلى الذات هو الطريق الوحيد الذي يستحق السير فيه.

<a href=""https://t.me/SakonHeart"">هيرمان هيسه</a> ✍️"
859,"الحب ليس شيئاً نقتنيه، بل هو شيء نمنحه.

<a href=""https://t.me/SakonHeart"">هيرمان هيسه</a> ✍️"
860,"العزلة هي مصير كل العقول العظيمة.

<a href=""https://t.me/SakonHeart"">آرثر شوبنهاور</a> ✍️"
861,"الصحة تمنحك القدرة على الاستمتاع بالحياة، العقل يمنحك القدرة على فهمها.

<a href=""https://t.me/SakonHeart"">آرثر شوبنهاور</a> ✍️"
862,"كل أمة تسخر من الأمم الأخرى، وكلهم على حق.

<a href=""https://t.me/SakonHeart"">آرثر شوبنهاور</a> ✍️"
863,"التضحية بالصحة من أجل أي نوع آخر من السعادة هي أكبر حماقة.

<a href=""https://t.me/SakonHeart"">آرثر شوبنهاور</a> ✍️"
864,"الحياة بندول يتأرجح بين الألم والملل.

<a href=""https://t.me/SakonHeart"">آرثر شوبنهاور</a> ✍️"
865,"كانت أفضل الأوقات، وكانت أسوأ الأوقات.

<a href=""https://t.me/SakonHeart"">تشارلز ديكنز</a> ✍️"
866,"قلب يحب هو أصدق حكمة في هذا العالم.

<a href=""https://t.me/SakonHeart"">تشارلز ديكنز</a> ✍️"
867,"لا تضيع اليوم في الحسرة على الأمس.

<a href=""https://t.me/SakonHeart"">تشارلز ديكنز</a> ✍️"
868,"الأمل شمعة لا تنطفئ في قلب من يعتقد بالخير.

<a href=""https://t.me/SakonHeart"">تشارلز ديكنز</a> ✍️"
869,"لا توجد حسنة ضائعة، كل فعل خير يترك أثراً.

<a href=""https://t.me/SakonHeart"">تشارلز ديكنز</a> ✍️"
870,"مهما كان ما يمكنك فعله أو تحلم بفعله، أقدم عليه. الجرأة تملك العبقرية والسحر والقوة.

<a href=""https://t.me/SakonHeart"">غوته</a> ✍️"
871,"تحدث مع نفسك كما تتحدث مع شخص تحبه وتعزّ أمره.

<a href=""https://t.me/SakonHeart"">غوته</a> ✍️"
872,"ليس كافياً أن تعرف، بل يجب أن تطبق. ليس كافياً أن ترغب، بل يجب أن تفعل.

<a href=""https://t.me/SakonHeart"">غوته</a> ✍️"
873,"الرجل السعيد هو من يستطيع التوفيق بين بداية حياته ونهايتها.

<a href=""https://t.me/SakonHeart"">غوته</a> ✍️"
874,"السلوك هو المرآة التي يظهر فيها كل شخص صورته الحقيقية.

<a href=""https://t.me/SakonHeart"">غوته</a> ✍️"
875,"رحلة الاستكشاف الحقيقية لا تتطلب البحث عن مناظر جديدة، بل النظر بأعين جديدة.

<a href=""https://t.me/SakonHeart"">مارسيل بروست</a> ✍️"
876,"الزمان ينقضي، والذكريات تظل حية في القلوب.

<a href=""https://t.me/SakonHeart"">مارسيل بروست</a> ✍️"
877,"الجمال الحقيقي هو الذي يتفتح في العزلة والهدوء.

<a href=""https://t.me/SakonHeart"">مارسيل بروست</a> ✍️"
878,"الوجود يسبق الماهية.

<a href=""https://t.me/SakonHeart"">جان بول سارتر</a> ✍️"
879,"نحن محكوم علينا بالحرية.

<a href=""https://t.me/SakonHeart"">جان بول سارتر</a> ✍️"
880,"الجحيم هو الآخرون حين يلغون ذاتك.

<a href=""https://t.me/SakonHeart"">جان بول سارتر</a> ✍️"
881,"الإنسان هو ما يصنعه بنفسه.

<a href=""https://t.me/SakonHeart"">جان بول سارتر</a> ✍️"
882,"لا يولد المرء إنساناً كاملاً، بل يصبح كذلك.

<a href=""https://t.me/SakonHeart"">سيمون دي بوفوار</a> ✍️"
883,"تأتي الحرية عندما تتوقف عن الخوف من الفشل.

<a href=""https://t.me/SakonHeart"">سيمون دي بوفوار</a> ✍️"
884,"كل الحكمة البشرية تتلخص في كلمتين: الانتظار والأمل.

<a href=""https://t.me/SakonHeart"">ألكسندر دوما</a> ✍️"
885,"الشرور في هذا العالم تتسلل عندما يصمت الأخيار.

<a href=""https://t.me/SakonHeart"">ألكسندر دوما</a> ✍️"
886,"اقرأ لكي تعيش بوعي أكبر.

<a href=""https://t.me/SakonHeart"">غوستاف فلوبير</a> ✍️"
887,"الألفاظ هي الجسور التي نعبر بها فوق الفراغ.

<a href=""https://t.me/SakonHeart"">غوستاف فلوبير</a> ✍️"
888,"إذا سألتني عما أتيت لأفعله في هذا العالم، سأقول لك: أنا هنا لأعيش بصوت عالٍ.

<a href=""https://t.me/SakonHeart"">إميل زولا</a> ✍️"
889,"الحقيقة في طريقها إلينا ولا شيء يستطيع إيقافها.

<a href=""https://t.me/SakonHeart"">إميل زولا</a> ✍️"
890,"كل ما نراه أو نبدو عليه ليس سوى حلم داخل حلم.

<a href=""https://t.me/SakonHeart"">إدغار ألان بو</a> ✍️"
891,"الجمال هو العاطفة الوحيدة الشريفة في الشعر.

<a href=""https://t.me/SakonHeart"">إدغار ألان بو</a> ✍️"
892,"حافظ على وجهك متجهاً نحو الشمس ولن ترى الظلال أبداً.

<a href=""https://t.me/SakonHeart"">والت ويتمان</a> ✍️"
893,"أنا شاسع، وأحتوي على عوالم متناقضة.

<a href=""https://t.me/SakonHeart"">والت ويتمان</a> ✍️"
894,"الأمل هو الشيء ذو الريش الذي يستقر في الروح.

<a href=""https://t.me/SakonHeart"">إميلي ديكنسون</a> ✍️"
895,"قول الحقيقة كاملة ولكن بأسلوب مائل ورقيق.

<a href=""https://t.me/SakonHeart"">إميلي ديكنسون</a> ✍️"
896,"إن الجمال هو الذي سينقذ العالم.

<a href=""https://t.me/SakonHeart"">فيودور دوستويفسكي</a> ✍️"
897,"كل شيء في الإنسان يعتمد على البيئة التي يعيش فيها.

<a href=""https://t.me/SakonHeart"">فيودور دوستويفسكي</a> ✍️"
898,"ليس هناك ما هو أكثر صعوبة من التعبير عن الفكر الصريح.

<a href=""https://t.me/SakonHeart"">فيودور دوستويفسكي</a> ✍️"
899,"أنا أحب البشرية، لكنني أعجب من نفسي: كلما زاد حبي للبشرية بشكل عام، قل حبي للإنسان بفرده.

<a href=""https://t.me/SakonHeart"">فيودور دوستويفسكي</a> ✍️"
900,"الذكاء وحده لا يكفي، يجب أن يكون لديك ما يكفي من الذكاء لتتجنب كثرة الذكاء.

<a href=""https://t.me/SakonHeart"">فيودور دوستويفسكي</a> ✍️"
901,"إن الألم والعذاب هما دوماً أمران حتميان للعقل الكبير والقلب العميق.

<a href=""https://t.me/SakonHeart"">فيودور دوستويفسكي</a> ✍️"
902,"الأخطاء التي نرتكبها بنية حسنة هي أشد الأخطاء خطورة.

<a href=""https://t.me/SakonHeart"">فيودور دوستويفسكي</a> ✍️"
903,"إذا أردت أن تتغلب على العالم، اتغلب على نفسك.

<a href=""https://t.me/SakonHeart"">فيودور دوستويفسكي</a> ✍️"
904,"الحرية ليست في كثرة ما تملك، بل في قلة ما تحتاج إليه.

<a href=""https://t.me/SakonHeart"">فيودور دوستويفسكي</a> ✍️"
905,"سر الوجود البشري لا يكمن في مجرد البقاء، بل في العثور على شيء نعيش من أجله.

<a href=""https://t.me/SakonHeart"">فيودور دوستويفسكي</a> ✍️"
906,"لا يوجد شيء في هذا العالم أصعب من قول الحقيقة، ولا أسهل من الإطراء.

<a href=""https://t.me/SakonHeart"">فيودور دوستويفسكي</a> ✍️"
907,"أن تخطئ بطريقتك الخاصة خير من أن تسير في الطريق الصحيح بتقليد غيرك.

<a href=""https://t.me/SakonHeart"">فيودور دوستويفسكي</a> ✍️"
908,"الروح تُشفى حين نكون برفقة الأطفال.

<a href=""https://t.me/SakonHeart"">فيودور دوستويفسكي</a> ✍️"
909,"كل شيء سينتهي، والزمن يمحو أثر الكلمات والأحزان.

<a href=""https://t.me/SakonHeart"">فيودور دوستويفسكي</a> ✍️"
910,"الصمت أحياناً يكون الصرخة الأشد صخباً.

<a href=""https://t.me/SakonHeart"">فيودور دوستويفسكي</a> ✍️"
911,"الجميع يفكر في تغيير العالم، لكن لا أحد يفكر في تغيير نفسه.

<a href=""https://t.me/SakonHeart"">ليو تولستوي</a> ✍️"
912,"العائلات السعيدة كلها متشابهة، لكن كل عائلة تعيسة شقية بطريقتها الخاصة.

<a href=""https://t.me/SakonHeart"">ليو تولستوي</a> ✍️"
913,"إذا أردت أن تكون سعيداً، فكن كذلك.

<a href=""https://t.me/SakonHeart"">ليو تولستوي</a> ✍️"
914,"أقوى المحاربين هما الوقت والصبر.

<a href=""https://t.me/SakonHeart"">ليو تولستوي</a> ✍️"
915,"الحقيقة مثل الذهب، لا توجد في الحجم بل في النقاء.

<a href=""https://t.me/SakonHeart"">ليو تولستوي</a> ✍️"
916,"أن نكون سعداء مع من نحب، هذا هو أقصى ما نتصوره من النعيم.

<a href=""https://t.me/SakonHeart"">ليو تولستوي</a> ✍️"
917,"الحب هو المظهر الوحيد للعقلانية في الحياة البشرية.

<a href=""https://t.me/SakonHeart"">ليو تولستوي</a> ✍️"
918,"الإنسان كسرٌ بَسطُه ما هو عليه، ومقامه ما يظن نفسه عليه.

<a href=""https://t.me/SakonHeart"">ليو تولستوي</a> ✍️"
919,"العلم دون أخلاق كالسلاح في يد مجنون.

<a href=""https://t.me/SakonHeart"">ليو تولستوي</a> ✍️"
920,"لا خير في حياة لا يضيئها نبل الفكرة وسماء الروح.

<a href=""https://t.me/SakonHeart"">ليو تولستوي</a> ✍️"
921,"الكتاب يجب أن يكون الفأس التي تكسر البحر المتجمد في داخلنا.

<a href=""https://t.me/SakonHeart"">فرانتس كافكا</a> ✍️"
922,"تبدأ الحياة بالحيرة وتنتهي بالهدوء.

<a href=""https://t.me/SakonHeart"">فرانتس كافكا</a> ✍️"
923,"أنا في حاجة إلى العزلة الشديدة لكي أستطيع أن أكتب.

<a href=""https://t.me/SakonHeart"">فرانتس كافكا</a> ✍️"
924,"كل ما تحبه من المحتمل أن تفقده، ولكن في النهاية سيعود الحب بشكل آخر.

<a href=""https://t.me/SakonHeart"">فرانتس كافكا</a> ✍️"
925,"يمكن للمرء أن يبتعد عن كل شيء، إلا عن نفسه.

<a href=""https://t.me/SakonHeart"">فرانتس كافكا</a> ✍️"
926,"هناك كمية لا تحصى من الأمل في هذا الكون، ولكن ليس لنا.

<a href=""https://t.me/SakonHeart"">فرانتس كافكا</a> ✍️"
927,"الكتابة هي شكل من أشكال الصلاة.

<a href=""https://t.me/SakonHeart"">فرانتس كافكا</a> ✍️"
928,"من يحتفظ بالقدرة على رؤية الجمال لا يشيخ أبداً.

<a href=""https://t.me/SakonHeart"">فرانتس كافكا</a> ✍️"
929,"المسارات تتشكل عندما نمشي عليها.

<a href=""https://t.me/SakonHeart"">فرانتس كافكا</a> ✍️"
930,"كثيراً ما تكون العزلة هي الملاذ الوحيد للنفس الصادقة.

<a href=""https://t.me/SakonHeart"">فرانتس كافكا</a> ✍️"
931,"في منتصف الشتاء، وجدت في داخلي صيفاً لا يقهر.

<a href=""https://t.me/SakonHeart"">ألبير كامو</a> ✍️"
932,"التمرد هو الشيء الوحيد الذي يمنح الحياة معناها.

<a href=""https://t.me/SakonHeart"">ألبير كامو</a> ✍️"
933,"عش حتى تكتمل وتصل إلى أقصى حدود إمكاناتك.

<a href=""https://t.me/SakonHeart"">ألبير كامو</a> ✍️"
934,"لا تمش أمامي فربما لا أستطيع الإمساك بك، ولا تمش خلفي فربما لا أستطيع القيادة، بل امش بجانبي وكن صديقي.

<a href=""https://t.me/SakonHeart"">ألبير كامو</a> ✍️"
935,"الحرية ليست سوى فرصة لكي نكون أفضل.

<a href=""https://t.me/SakonHeart"">ألبير كامو</a> ✍️"
936,"سعادة الإنسان تكمن في شجاعته أمام قدره.

<a href=""https://t.me/SakonHeart"">ألبير كامو</a> ✍️"
937,"الشك في كل شيء هو أول خطوة نحو المعرفة الحقيقية.

<a href=""https://t.me/SakonHeart"">ألبير كامو</a> ✍️"
938,"المأساة ليست في الموت، بل فيما يموت داخل الإنسان وهو حي.

<a href=""https://t.me/SakonHeart"">ألبير كامو</a> ✍️"
939,"ليس هناك من هو أكثر حزناً ممن يحاول إرضاء الجميع.

<a href=""https://t.me/SakonHeart"">ألبير كامو</a> ✍️"
940,"كل إنسان يحمل في داخله صحراء هادئة يجب أن يعبرها بنفسه.

<a href=""https://t.me/SakonHeart"">ألبير كامو</a> ✍️"
941,"ليس هناك شيء أكثر قوة من فكرة حان وقتها.

<a href=""https://t.me/SakonHeart"">فيكتور هوغو</a> ✍️"
942,"الموسيقى تعبر عما لا يمكن قوله وما لا يمكن السكوت عنه.

<a href=""https://t.me/SakonHeart"">فيكتور هوغو</a> ✍️"
943,"لتغير الشعب، يجب أولاً أن تعلمه وترفعه.

<a href=""https://t.me/SakonHeart"">فيكتور هوغو</a> ✍️"
944,"حتى أطول الليالي ستنتهي وستشرق الشمس.

<a href=""https://t.me/SakonHeart"">فيكتور هوغو</a> ✍️"
945,"التسامح هو الأثواب الأكثر أناقة التي يمكن للروح أن ترتديها.

<a href=""https://t.me/SakonHeart"">فيكتور هوغو</a> ✍️"
946,"الابتسامة هي الشمس التي تطرد الشتاء عن وجه الإنسان.

<a href=""https://t.me/SakonHeart"">فيكتور هوغو</a> ✍️"
947,"الكتب أصدقاء لا يخذلونك أبداً.

<a href=""https://t.me/SakonHeart"">فيكتور هوغو</a> ✍️"
948,"أن تحب إنساناً هو أن ترى وجه الله فيه.

<a href=""https://t.me/SakonHeart"">فيكتور هوغو</a> ✍️"
949,"العقل الذي يرتوي بالمعرفة لا يستطيع العودة إلى الظلام.

<a href=""https://t.me/SakonHeart"">فيكتور هوغو</a> ✍️"
950,"الحرية تبتدئ من حيث ينتهي الجهل.

<a href=""https://t.me/SakonHeart"">فيكتور هوغو</a> ✍️"
951,"كن نفسك، فكل الشخصيات الأخرى قد أُخذت بالفعل.

<a href=""https://t.me/SakonHeart"">أوسكار وايلد</a> ✍️"
952,"استطعنا أن نغزو الهواء كالطيور والبحر كالأسماك، ولكننا لم نتعلم كيف نعيش على الأرض كإخوة.

<a href=""https://t.me/SakonHeart"">أوسكار وايلد</a> ✍️"
953,"الحقيقة نادراً ما تكون الخالصة، وليست بسيطة أبداً.

<a href=""https://t.me/SakonHeart"">أوسكار وايلد</a> ✍️"
954,"التجربة هي الاسم الذي يطلقه الجميع على أخطائهم.

<a href=""https://t.me/SakonHeart"">أوسكار وايلد</a> ✍️"
955,"كل قديس له ماضٍ، وكل خاطئ له مستقبل.

<a href=""https://t.me/SakonHeart"">أوسكار وايلد</a> ✍️"
956,"سر الحياة هو الاستمتاع بمرور الوقت.

<a href=""https://t.me/SakonHeart"">أوسكار وايلد</a> ✍️"
957,"يمكنني أن أقاوم أي شيء إلا الإغراء.

<a href=""https://t.me/SakonHeart"">أوسكار وايلد</a> ✍️"
958,"أفضل طريقة للتخلص من الهم هي الضحك عليه.

<a href=""https://t.me/SakonHeart"">أوسكار وايلد</a> ✍️"
959,"سحر الخيال يكمن في أنه يجعل الواقع ممكناً.

<a href=""https://t.me/SakonHeart"">أوسكار وايلد</a> ✍️"
960,"من يحب الجمال يجد الشغف في كل مكان.

<a href=""https://t.me/SakonHeart"">أوسكار وايلد</a> ✍️"
961,"من لديه سبب ليعيش من أجله، يستطيع أن يتحمل أي طريقة ليعيش بها.

<a href=""https://t.me/SakonHeart"">فريدريك نيتشه</a> ✍️"
962,"ما لا يقتلني يجعلني أقوى.

<a href=""https://t.me/SakonHeart"">فريدريك نيتشه</a> ✍️"
963,"يجب أن تحمل في داخلك الفوضى لتستطيع أن تلد نجماً راقصاً.

<a href=""https://t.me/SakonHeart"">فريدريك نيتشه</a> ✍️"
964,"بدون الموسيقى، كانت الحياة ستكون خطأً.

<a href=""https://t.me/SakonHeart"">فريدريك نيتشه</a> ✍️"
965,"الأفكار العظيمة تأتي وأنت تمشي.

<a href=""https://t.me/SakonHeart"">فريدريك نيتشه</a> ✍️"
966,"الذي يقاتل الوحوش يجب أن يحذر لئلا يتحول هو نفسه إلى وحش.

<a href=""https://t.me/SakonHeart"">فريدريك نيتشه</a> ✍️"
967,"ليس عدم وجود الحب بل عدم وجود الصداقة هو ما ينسج الزواج التعيس.

<a href=""https://t.me/SakonHeart"">فريدريك نيتشه</a> ✍️"
968,"النور يشرق من القمم العالية أولاً.

<a href=""https://t.me/SakonHeart"">فريدريك نيتشه</a> ✍️"
969,"إن القوة الحقيقية تكمن في التحكم بالذات.

<a href=""https://t.me/SakonHeart"">فريدريك نيتشه</a> ✍️"
970,"احذر من أولئك الذين يعطون النصائح دون أن يدفعوا ثمنها.

<a href=""https://t.me/SakonHeart"">فريدريك نيتشه</a> ✍️"
971,"لا تتوقف عن الابتسام، حتى عندما تكون حزيناً، فلربما يحب أحدهم ابتسامتك.

<a href=""https://t.me/SakonHeart"">غابرييل غارثيا ماركيز</a> ✍️"
972,"الحياة ليست ما يعيشه المرء، بل ما يتذكره وكيف يتذكره ليرويه.

<a href=""https://t.me/SakonHeart"">غابرييل غارثيا ماركيز</a> ✍️"
973,"لم أعد أخشى شيئاً، لأنني أدركت أن الشجاعة تتولد من القلب.

<a href=""https://t.me/SakonHeart"">غابرييل غارثيا ماركيز</a> ✍️"
974,"الرجال لا يموتون عندما يجب عليهم، بل عندما يستطيعون.

<a href=""https://t.me/SakonHeart"">غابرييل غارثيا ماركيز</a> ✍️"
975,"السر في الكبر في السن بكرامة هو أن تعقد اتفاقاً صريحاً مع العزلة.

<a href=""https://t.me/SakonHeart"">غابرييل غارثيا ماركيز</a> ✍️"
976,"الذاكرة تزيد من جمال الماضي وتطرد آلامه.

<a href=""https://t.me/SakonHeart"">غابرييل غارثيا ماركيز</a> ✍️"
977,"الانتظار هو أطول أشكال الزمن.

<a href=""https://t.me/SakonHeart"">غابرييل غارثيا ماركيز</a> ✍️"
978,"الحب في زمن الصعاب يستحق أن نقتات عليه لسنوات.

<a href=""https://t.me/SakonHeart"">غابرييل غارثيا ماركيز</a> ✍️"
979,"الإنسان لا يولد مرة واحدة، بل يعيد ولادة نفسه كل يوم.

<a href=""https://t.me/SakonHeart"">غابرييل غارثيا ماركيز</a> ✍️"
980,"البساطة هي أعلى مراتب الأناقة في الفكر.

<a href=""https://t.me/SakonHeart"">غابرييل غارثيا ماركيز</a> ✍️"
981,"الإنسان يمكن أن يُدمر، لكن لا يمكن هزيمته.

<a href=""https://t.me/SakonHeart"">إرنست همنغواي</a> ✍️"
982,"أفضل طريقة لمعرفة ما إذا كان يمكنك الثقة بشخص ما هي أن تتق فيه.

<a href=""https://t.me/SakonHeart"">إرنست همنغواي</a> ✍️"
983,"لا يوجد صديق وفيّ مثل الكتاب.

<a href=""https://t.me/SakonHeart"">إرنست همنغواي</a> ✍️"
984,"عش الحياة بملئها، ولا تخف من تجربة ما هو جديد.

<a href=""https://t.me/SakonHeart"">إرنست همنغواي</a> ✍️"
985,"يسعدني الشرفاء حتى لو اختلفوا معي.

<a href=""https://t.me/SakonHeart"">إرنست همنغواي</a> ✍️"
986,"لكي تكتب عن الحياة، يجب عليك أولاً أن تعيشها.

<a href=""https://t.me/SakonHeart"">إرنست همنغواي</a> ✍️"
987,"الشجاعة هي النبل تحت الضغط.

<a href=""https://t.me/SakonHeart"">إرنست همنغواي</a> ✍️"
988,"الصمت أحياناً يفرز بلاغة لا تستطيع الكلمات بلوغها.

<a href=""https://t.me/SakonHeart"">إرنست همنغواي</a> ✍️"
989,"كل الأفكار الكبيرة تبدأ ببساطة شديدة.

<a href=""https://t.me/SakonHeart"">إرنست همنغواي</a> ✍️"
990,"السعادة في العقلاء هي أندر شيء أعرفه.

<a href=""https://t.me/SakonHeart"">إرنست همنغواي</a> ✍️"
991,"إذا أردت أن تفهم الحياة، فكف عن تصديق ما يقال، وبدأ بإنصات ما يُعاش.

<a href=""https://t.me/SakonHeart"">أنطون تشيخوف</a> ✍️"
992,"الحكمة لا تأتي من كثرة الكلام، بل من كثرة التأمل.

<a href=""https://t.me/SakonHeart"">أنطون تشيخوف</a> ✍️"
993,"لا تقل لي إن القمر مضيء، بل أرني بريق الضوء على زجاج مكسور.

<a href=""https://t.me/SakonHeart"">أنطون تشيخوف</a> ✍️"
994,"الصحة والعقل هما أثمن ما يملكه الإنسان في هذا العالم.

<a href=""https://t.me/SakonHeart"">أنطون تشيخوف</a> ✍️"
995,"الكثير من الناس يضيعون سنواتهم في القلق حول المستقبل ونسيان الحاضر.

<a href=""https://t.me/SakonHeart"">أنطون تشيخوف</a> ✍️"
996,"الطيبة هي اللغة التي يستطيع الأصم أن يسمعها والأعمى أن يراها.

<a href=""https://t.me/SakonHeart"">أنطون تشيخوف</a> ✍️"
997,"العمل هو الترياق الوحيد للحزن والألم النفسي.

<a href=""https://t.me/SakonHeart"">أنطون تشيخوف</a> ✍️"
998,"أن تسعد إنساناً واحداً هو عمل خيّر يضاهي تغيير العالم.

<a href=""https://t.me/SakonHeart"">أنطون تشيخوف</a> ✍️"
999,"كل شيء جميل في الإنسان يجب أن يظهر في فكره وأدبه.

<a href=""https://t.me/SakonHeart"">أنطون تشيخوف</a> ✍️"
1000,"الحرية الحقيقية تكمن في قدرتك على ضبط نفسك.

<a href=""https://t.me/SakonHeart"">أنطون تشيخوف</a> ✍️"
